extractor,doc_id,tier,bucket,chunk_mode,question_id,qtype,n_chunks,hit5,hit50
docling,acsbr_023,T2,M,baseline,acsbr_023#1,lookup,39,1,1
docling,acsbr_023,T2,M,baseline,acsbr_023#2,lookup,39,1,1
docling,acsbr_023,T2,M,baseline,acsbr_023#3,lookup,39,1,1
docling,acsbr_023,T2,M,baseline,acsbr_023#4,lookup,39,1,1
docling,acsbr_023,T2,M,baseline,acsbr_023#5,lookup,39,1,1
docling,acsbr_023,T2,M,baseline,acsbr_023#6,lookup,39,1,1
docling,acsbr_023,T2,M,baseline,acsbr_023#7,table_cell,39,1,1
docling,acsbr_023,T2,M,baseline,acsbr_023#8,table_cell,39,1,1
docling,acsbr_023,T2,M,baseline,acsbr_023#9,table_cell,39,0,1
docling,acsbr_023,T2,M,baseline,acsbr_023#10,table_cell,39,1,1
docling,acsbr_023,T2,M,baseline,acsbr_023#11,table_multi_row,39,0,1
docling,acsbr_023,T2,M,baseline,acsbr_023#12,table_cell,39,1,1
docling,erp2024_full,T2,XL,baseline,erp2024_full#1,lookup,1939,0,1
docling,erp2024_full,T2,XL,baseline,erp2024_full#2,table_cell,1939,1,1
docling,erp2024_full,T2,XL,baseline,erp2024_full#3,lookup,1939,0,0
docling,erp2024_full,T2,XL,baseline,erp2024_full#4,table_cell,1939,1,1
docling,erp2024_full,T2,XL,baseline,erp2024_full#5,table_cell,1939,1,1
docling,erp2024_full,T2,XL,baseline,erp2024_full#6,table_cell,1939,1,1
docling,erp2024_full,T2,XL,baseline,erp2024_full#7,table_multi_row,1939,1,1
docling,erp2024_full,T2,XL,baseline,erp2024_full#8,lookup,1939,1,1
docling,erp2024_full,T2,XL,baseline,erp2024_full#9,lookup,1939,1,1
docling,erp2024_full,T2,XL,baseline,erp2024_full#10,table_cell,1939,1,1
docling,erp2024_full,T2,XL,baseline,erp2024_full#11,table_cell,1939,0,0
docling,erp2024_table1,T2,S,baseline,erp2024_table1#1,lookup,34,1,1
docling,erp2024_table1,T2,S,baseline,erp2024_table1#2,table_cell,34,0,1
docling,erp2024_table1,T2,S,baseline,erp2024_table1#3,table_cell,34,0,1
docling,erp2024_table1,T2,S,baseline,erp2024_table1#4,table_cell,34,1,1
docling,erp2024_table1,T2,S,baseline,erp2024_table1#5,table_cell,34,1,1
docling,erp2024_table1,T2,S,baseline,erp2024_table1#6,table_cell,34,1,1
docling,erp2024_table1,T2,S,baseline,erp2024_table1#7,table_cell,34,1,1
docling,erp2024_table1,T2,S,baseline,erp2024_table1#8,lookup,34,0,0
docling,erp2024_table1,T2,S,baseline,erp2024_table1#9,lookup,34,1,1
docling,erp2024_table3,T2,S,baseline,erp2024_table3#1,lookup,66,1,1
docling,erp2024_table3,T2,S,baseline,erp2024_table3#2,lookup,66,0,0
docling,erp2024_table3,T2,S,baseline,erp2024_table3#3,table_cell,66,1,1
docling,erp2024_table3,T2,S,baseline,erp2024_table3#4,table_cell,66,1,1
docling,erp2024_table3,T2,S,baseline,erp2024_table3#5,table_cell,66,0,0
docling,erp2024_table3,T2,S,baseline,erp2024_table3#6,table_cell,66,1,1
docling,erp2024_table3,T2,S,baseline,erp2024_table3#7,table_multi_row,66,1,1
docling,erp2024_table3,T2,S,baseline,erp2024_table3#8,table_cell,66,0,1
docling,erp2024_table3,T2,S,baseline,erp2024_table3#9,table_cell,66,1,1
docling,erp2024_table3,T2,S,baseline,erp2024_table3#10,table_cell,66,1,1
docling,gen_t2_long,T2,S,baseline,gen_t2_long#1,table_cell,8,1,1
docling,gen_t2_long,T2,S,baseline,gen_t2_long#2,table_cell,8,1,1
docling,gen_t2_long,T2,S,baseline,gen_t2_long#3,table_cell,8,1,1
docling,gen_t2_long,T2,S,baseline,gen_t2_long#4,table_cell,8,1,1
docling,gen_t2_merged,T2,S,baseline,gen_t2_merged#1,table_cell,3,1,1
docling,gen_t2_rotated,T2,S,baseline,gen_t2_rotated#1,table_cell,3,1,1
docling,gen_t2_rotated,T2,S,baseline,gen_t2_rotated#2,table_cell,3,1,1
docling,gen_t2_simple,T2,S,baseline,gen_t2_simple#1,table_cell,3,1,1
docling,gen_t2_simple,T2,S,baseline,gen_t2_simple#2,table_cell,3,1,1
docling,gen_t2_simple,T2,S,baseline,gen_t2_simple#3,table_cell,3,1,1
docling,gen_t4_bar,T4,S,baseline,gen_t4_bar#1,figure,1,0,0
docling,gen_t4_flow,T4,S,baseline,gen_t4_flow#1,figure,1,0,0
docling,gen_t4_line,T4,S,baseline,gen_t4_line#1,figure,3,0,0
docling,gen_t4_mixed,T4,S,baseline,gen_t4_mixed#1,table_cell,3,1,1
docling,nasa_se_handbook,T4,XL,baseline,nasa_se_handbook#1,lookup,898,1,1
docling,nasa_se_handbook,T4,XL,baseline,nasa_se_handbook#2,lookup,898,1,1
docling,nasa_se_handbook,T4,XL,baseline,nasa_se_handbook#3,figure,898,0,0
docling,nasa_se_handbook,T4,XL,baseline,nasa_se_handbook#4,lookup,898,1,1
docling,nasa_se_handbook,T4,XL,baseline,nasa_se_handbook#5,lookup,898,1,1
docling,nasa_se_handbook,T4,XL,baseline,nasa_se_handbook#6,table_multi_row,898,1,1
docling,nasa_se_handbook,T4,XL,baseline,nasa_se_handbook#7,lookup,898,1,1
docling,nasa_se_handbook,T4,XL,baseline,nasa_se_handbook#8,lookup,898,0,0
docling,nasa_se_handbook,T4,XL,baseline,nasa_se_handbook#9,lookup,898,0,1
docling,nasa_se_handbook,T4,XL,baseline,nasa_se_handbook#10,lookup,898,1,1
docling,nasa_se_handbook,T4,XL,baseline,nasa_se_handbook#11,lookup,898,1,1
docling,nasa_se_handbook,T4,XL,baseline,nasa_se_handbook#12,lookup,898,1,1
docling,nasa_tm100396,T4,L,baseline,nasa_tm100396#1,lookup,195,1,1
docling,nasa_tm100396,T4,L,baseline,nasa_tm100396#2,lookup,195,1,1
docling,nasa_tm100396,T4,L,baseline,nasa_tm100396#3,lookup,195,1,1
docling,nasa_tm100396,T4,L,baseline,nasa_tm100396#4,lookup,195,1,1
docling,nasa_tm100396,T4,L,baseline,nasa_tm100396#5,lookup,195,1,1
docling,nasa_tm100396,T4,L,baseline,nasa_tm100396#6,lookup,195,1,1
docling,nasa_tm100396,T4,L,baseline,nasa_tm100396#7,lookup,195,1,1
docling,nasa_tm100396,T4,L,baseline,nasa_tm100396#8,lookup,195,1,1
docling,nasa_tm100396,T4,L,baseline,nasa_tm100396#9,lookup,195,1,1
docling,nasa_tm100396,T4,L,baseline,nasa_tm100396#10,cross_page,195,0,0
docling,nasa_tm100396,T4,L,baseline,nasa_tm100396#11,lookup,195,1,1
docling,nasa_tm100396,T4,L,baseline,nasa_tm100396#12,table_cell,195,0,0
docling,nasa_tm104114,T4,XL,baseline,nasa_tm104114#1,lookup,143,1,1
docling,nasa_tm104114,T4,XL,baseline,nasa_tm104114#2,lookup,143,1,1
docling,nasa_tm104114,T4,XL,baseline,nasa_tm104114#3,lookup,143,1,1
docling,nasa_tm104114,T4,XL,baseline,nasa_tm104114#4,table_cell,143,1,1
docling,nasa_tm104114,T4,XL,baseline,nasa_tm104114#5,table_cell,143,1,1
docling,nasa_tm104114,T4,XL,baseline,nasa_tm104114#6,table_cell,143,1,1
docling,nasa_tm104114,T4,XL,baseline,nasa_tm104114#7,table_cell,143,1,1
docling,nasa_tm104114,T4,XL,baseline,nasa_tm104114#8,lookup,143,1,1
docling,nasa_tm104114,T4,XL,baseline,nasa_tm104114#9,lookup,143,1,1
docling,nasa_tm104114,T4,XL,baseline,nasa_tm104114#10,lookup,143,1,1
docling,nasa_tm104114,T4,XL,baseline,nasa_tm104114#11,lookup,143,1,1
docling,nasa_tm_x9471,T4,M,baseline,nasa_tm_x9471#1,lookup,14,1,1
docling,nasa_tm_x9471,T4,M,baseline,nasa_tm_x9471#2,lookup,14,0,1
docling,nasa_tm_x9471,T4,M,baseline,nasa_tm_x9471#3,lookup,14,1,1
docling,nasa_tm_x9471,T4,M,baseline,nasa_tm_x9471#4,lookup,14,1,1
docling,nasa_tm_x9471,T4,M,baseline,nasa_tm_x9471#5,lookup,14,1,1
docling,nasa_tm_x9471,T4,M,baseline,nasa_tm_x9471#6,lookup,14,1,1
docling,nasa_tm_x9471,T4,M,baseline,nasa_tm_x9471#7,lookup,14,1,1
docling,nasa_tm_x9471,T4,M,baseline,nasa_tm_x9471#8,lookup,14,1,1
docling,nasa_tm_x9471,T4,M,baseline,nasa_tm_x9471#9,lookup,14,1,1
docling,nasa_tm_x9471,T4,M,baseline,nasa_tm_x9471#10,figure,14,0,0
docling,nasa_tm_x9471,T4,M,baseline,nasa_tm_x9471#11,figure,14,0,0
docling,nasa_tm_x9471,T4,M,baseline,nasa_tm_x9471#12,figure,14,0,0
docling,nasa_webb_factsheet,T4,S,baseline,nasa_webb_factsheet#1,lookup,6,1,1
docling,nasa_webb_factsheet,T4,S,baseline,nasa_webb_factsheet#2,lookup,6,1,1
docling,nasa_webb_factsheet,T4,S,baseline,nasa_webb_factsheet#3,lookup,6,1,1
docling,nasa_webb_factsheet,T4,S,baseline,nasa_webb_factsheet#4,lookup,6,1,1
docling,nasa_webb_factsheet,T4,S,baseline,nasa_webb_factsheet#5,lookup,6,1,1
docling,nasa_webb_factsheet,T4,S,baseline,nasa_webb_factsheet#6,lookup,6,1,1
docling,nasa_webb_factsheet,T4,S,baseline,nasa_webb_factsheet#7,lookup,6,1,1
docling,nasa_webb_factsheet,T4,S,baseline,nasa_webb_factsheet#8,table_multi_row,6,1,1
docling,nasa_webb_factsheet,T4,S,baseline,nasa_webb_factsheet#9,figure,6,0,0
docling,nasa_webb_factsheet,T4,S,baseline,nasa_webb_factsheet#10,figure,6,0,0
docling,nasa_webb_factsheet,T4,S,baseline,nasa_webb_factsheet#11,figure,6,0,0
docling,nasa_webb_factsheet,T4,S,baseline,nasa_webb_factsheet#12,figure,6,0,0
docling,p60_282,T2,L,baseline,p60_282#1,lookup,421,1,1
docling,p60_282,T2,L,baseline,p60_282#2,lookup,421,1,1
docling,p60_282,T2,L,baseline,p60_282#3,lookup,421,1,1
docling,p60_282,T2,L,baseline,p60_282#4,table_cell,421,1,1
docling,p60_282,T2,L,baseline,p60_282#5,table_cell,421,1,1
docling,p60_282,T2,L,baseline,p60_282#6,table_cell,421,1,1
docling,p60_282,T2,L,baseline,p60_282#7,table_cell,421,0,0
docling,p60_282,T2,L,baseline,p60_282#8,lookup,421,1,1
docling,p60_282,T2,L,baseline,p60_282#9,lookup,421,1,1
docling,p60_282,T2,L,baseline,p60_282#10,table_cell,421,0,0
docling,p60_282,T2,L,baseline,p60_282#11,table_cell,421,1,1
docling,p60_282,T2,L,baseline,p60_282#12,table_cell,421,0,0
docling,p60_282,T2,L,baseline,p60_282#13,table_multi_row,421,0,0
docling,rfc9110,T1,XL,baseline,rfc9110#1,lookup,714,1,1
docling,rfc9110,T1,XL,baseline,rfc9110#2,lookup,714,0,0
docling,rfc9110,T1,XL,baseline,rfc9110#3,lookup,714,1,1
docling,rfc9110,T1,XL,baseline,rfc9110#4,table_cell,714,1,1
docling,rfc9110,T1,XL,baseline,rfc9110#5,table_cell,714,1,1
docling,rfc9110,T1,XL,baseline,rfc9110#6,table_multi_row,714,1,1
docling,rfc9110,T1,XL,baseline,rfc9110#7,lookup,714,1,1
docling,rfc9110,T1,XL,baseline,rfc9110#8,lookup,714,1,1
docling,rfc9110,T1,XL,baseline,rfc9110#9,lookup,714,1,1
docling,rfc9110,T1,XL,baseline,rfc9110#10,lookup,714,1,1
docling,rfc9110,T1,XL,baseline,rfc9110#11,lookup,714,1,1
docling,rfc9110,T1,XL,baseline,rfc9110#12,lookup,714,1,1
docling,rfc9112,T1,L,baseline,rfc9112#1,lookup,175,1,1
docling,rfc9112,T1,L,baseline,rfc9112#2,lookup,175,1,1
docling,rfc9112,T1,L,baseline,rfc9112#3,lookup,175,1,1
docling,rfc9112,T1,L,baseline,rfc9112#4,lookup,175,1,1
docling,rfc9112,T1,L,baseline,rfc9112#5,lookup,175,1,1
docling,rfc9112,T1,L,baseline,rfc9112#6,cross_page,175,1,1
docling,rfc9112,T1,L,baseline,rfc9112#7,lookup,175,0,1
docling,rfc9112,T1,L,baseline,rfc9112#8,lookup,175,1,1
docling,rfc9112,T1,L,baseline,rfc9112#9,lookup,175,1,1
docling,rfc9112,T1,L,baseline,rfc9112#10,lookup,175,1,1
docling,rfc9112,T1,L,baseline,rfc9112#11,lookup,175,1,1
docling,rfc9112,T1,L,baseline,rfc9112#12,lookup,175,1,1
docling,rfc9112,T1,L,baseline,rfc9112#13,lookup,175,1,1
docling,rfc9112,T1,L,baseline,rfc9112#14,lookup,175,0,0
docling,rfc9112,T1,L,baseline,rfc9112#15,lookup,175,1,1
docling,rfc9112,T1,L,baseline,rfc9112#16,lookup,175,1,1
docling,rfc9158,T1,S,baseline,rfc9158#1,lookup,14,1,1
docling,rfc9158,T1,S,baseline,rfc9158#2,lookup,14,1,1
docling,rfc9158,T1,S,baseline,rfc9158#3,lookup,14,1,1
docling,rfc9158,T1,S,baseline,rfc9158#4,lookup,14,1,1
docling,rfc9158,T1,S,baseline,rfc9158#5,table_multi_row,14,0,1
docling,rfc9158,T1,S,baseline,rfc9158#6,table_cell,14,1,1
docling,rfc9158,T1,S,baseline,rfc9158#7,lookup,14,1,1
docling,rfc9158,T1,S,baseline,rfc9158#8,lookup,14,1,1
docling,rfc9158,T1,S,baseline,rfc9158#9,cross_page,14,0,0
docling,rfc9457,T1,M,baseline,rfc9457#1,lookup,49,1,1
docling,rfc9457,T1,M,baseline,rfc9457#2,lookup,49,0,1
docling,rfc9457,T1,M,baseline,rfc9457#3,lookup,49,1,1
docling,rfc9457,T1,M,baseline,rfc9457#4,lookup,49,1,1
docling,rfc9457,T1,M,baseline,rfc9457#5,lookup,49,1,1
docling,rfc9457,T1,M,baseline,rfc9457#6,lookup,49,1,1
docling,rfc9457,T1,M,baseline,rfc9457#7,lookup,49,1,1
docling,rfc9457,T1,M,baseline,rfc9457#8,lookup,49,1,1
docling,rfc9457,T1,M,baseline,rfc9457#9,lookup,49,1,1
docling,rfc9457,T1,M,baseline,rfc9457#10,lookup,49,1,1
docling,rfc9457,T1,M,baseline,rfc9457#11,lookup,49,1,1
docling,scan_acsbr_023,T3,M,baseline,scan_acsbr_023#1,lookup,41,1,1
docling,scan_acsbr_023,T3,M,baseline,scan_acsbr_023#2,lookup,41,1,1
docling,scan_acsbr_023,T3,M,baseline,scan_acsbr_023#3,lookup,41,1,1
docling,scan_acsbr_023,T3,M,baseline,scan_acsbr_023#4,lookup,41,1,1
docling,scan_acsbr_023,T3,M,baseline,scan_acsbr_023#5,lookup,41,1,1
docling,scan_acsbr_023,T3,M,baseline,scan_acsbr_023#6,lookup,41,1,1
docling,scan_acsbr_023,T3,M,baseline,scan_acsbr_023#7,table_cell,41,1,1
docling,scan_acsbr_023,T3,M,baseline,scan_acsbr_023#8,table_cell,41,1,1
docling,scan_acsbr_023,T3,M,baseline,scan_acsbr_023#9,table_cell,41,0,1
docling,scan_acsbr_023,T3,M,baseline,scan_acsbr_023#10,table_cell,41,1,1
docling,scan_acsbr_023,T3,M,baseline,scan_acsbr_023#11,table_multi_row,41,0,1
docling,scan_acsbr_023,T3,M,baseline,scan_acsbr_023#12,table_cell,41,1,1
docling,scan_p60_282,T3,L,baseline,scan_p60_282#1,lookup,327,1,1
docling,scan_p60_282,T3,L,baseline,scan_p60_282#2,lookup,327,1,1
docling,scan_p60_282,T3,L,baseline,scan_p60_282#3,lookup,327,1,1
docling,scan_p60_282,T3,L,baseline,scan_p60_282#4,table_cell,327,1,1
docling,scan_p60_282,T3,L,baseline,scan_p60_282#5,table_cell,327,1,1
docling,scan_p60_282,T3,L,baseline,scan_p60_282#6,table_cell,327,1,1
docling,scan_p60_282,T3,L,baseline,scan_p60_282#7,table_cell,327,0,0
docling,scan_p60_282,T3,L,baseline,scan_p60_282#8,lookup,327,1,1
docling,scan_p60_282,T3,L,baseline,scan_p60_282#9,lookup,327,1,1
docling,scan_p60_282,T3,L,baseline,scan_p60_282#10,table_cell,327,1,1
docling,scan_p60_282,T3,L,baseline,scan_p60_282#11,table_cell,327,1,1
docling,scan_p60_282,T3,L,baseline,scan_p60_282#12,table_cell,327,1,1
docling,scan_p60_282,T3,L,baseline,scan_p60_282#13,table_multi_row,327,1,1
docling,scan_rfc9110,T3,XL,baseline,scan_rfc9110#1,lookup,726,1,1
docling,scan_rfc9110,T3,XL,baseline,scan_rfc9110#2,lookup,726,0,0
docling,scan_rfc9110,T3,XL,baseline,scan_rfc9110#3,lookup,726,1,1
docling,scan_rfc9110,T3,XL,baseline,scan_rfc9110#4,table_cell,726,0,1
docling,scan_rfc9110,T3,XL,baseline,scan_rfc9110#5,table_cell,726,1,1
docling,scan_rfc9110,T3,XL,baseline,scan_rfc9110#6,table_multi_row,726,1,1
docling,scan_rfc9110,T3,XL,baseline,scan_rfc9110#7,lookup,726,1,1
docling,scan_rfc9110,T3,XL,baseline,scan_rfc9110#8,lookup,726,1,1
docling,scan_rfc9110,T3,XL,baseline,scan_rfc9110#9,lookup,726,1,1
docling,scan_rfc9110,T3,XL,baseline,scan_rfc9110#10,lookup,726,1,1
docling,scan_rfc9110,T3,XL,baseline,scan_rfc9110#11,lookup,726,1,1
docling,scan_rfc9110,T3,XL,baseline,scan_rfc9110#12,lookup,726,1,1
docling,scan_rfc9158,T3,S,baseline,scan_rfc9158#1,lookup,15,1,1
docling,scan_rfc9158,T3,S,baseline,scan_rfc9158#2,lookup,15,1,1
docling,scan_rfc9158,T3,S,baseline,scan_rfc9158#3,lookup,15,1,1
docling,scan_rfc9158,T3,S,baseline,scan_rfc9158#4,lookup,15,1,1
docling,scan_rfc9158,T3,S,baseline,scan_rfc9158#5,table_multi_row,15,0,1
docling,scan_rfc9158,T3,S,baseline,scan_rfc9158#6,table_cell,15,1,1
docling,scan_rfc9158,T3,S,baseline,scan_rfc9158#7,lookup,15,1,1
docling,scan_rfc9158,T3,S,baseline,scan_rfc9158#8,lookup,15,1,1
docling,scan_rfc9158,T3,S,baseline,scan_rfc9158#9,cross_page,15,0,0
docling,scan_rfc9457,T3,M,baseline,scan_rfc9457#1,lookup,51,1,1
docling,scan_rfc9457,T3,M,baseline,scan_rfc9457#2,lookup,51,0,1
docling,scan_rfc9457,T3,M,baseline,scan_rfc9457#3,lookup,51,1,1
docling,scan_rfc9457,T3,M,baseline,scan_rfc9457#4,lookup,51,1,1
docling,scan_rfc9457,T3,M,baseline,scan_rfc9457#5,lookup,51,1,1
docling,scan_rfc9457,T3,M,baseline,scan_rfc9457#6,lookup,51,1,1
docling,scan_rfc9457,T3,M,baseline,scan_rfc9457#7,lookup,51,1,1
docling,scan_rfc9457,T3,M,baseline,scan_rfc9457#8,lookup,51,1,1
docling,scan_rfc9457,T3,M,baseline,scan_rfc9457#9,lookup,51,1,1
docling,scan_rfc9457,T3,M,baseline,scan_rfc9457#10,lookup,51,1,1
docling,scan_rfc9457,T3,M,baseline,scan_rfc9457#11,lookup,51,0,0
easyocr,acsbr_023,T2,M,baseline,acsbr_023#1,lookup,24,1,1
easyocr,acsbr_023,T2,M,baseline,acsbr_023#2,lookup,24,1,1
easyocr,acsbr_023,T2,M,baseline,acsbr_023#3,lookup,24,0,1
easyocr,acsbr_023,T2,M,baseline,acsbr_023#4,lookup,24,1,1
easyocr,acsbr_023,T2,M,baseline,acsbr_023#5,lookup,24,1,1
easyocr,acsbr_023,T2,M,baseline,acsbr_023#6,lookup,24,1,1
easyocr,acsbr_023,T2,M,baseline,acsbr_023#7,table_cell,24,1,1
easyocr,acsbr_023,T2,M,baseline,acsbr_023#8,table_cell,24,0,1
easyocr,acsbr_023,T2,M,baseline,acsbr_023#9,table_cell,24,0,0
easyocr,acsbr_023,T2,M,baseline,acsbr_023#10,table_cell,24,0,1
easyocr,acsbr_023,T2,M,baseline,acsbr_023#11,table_multi_row,24,0,1
easyocr,acsbr_023,T2,M,baseline,acsbr_023#12,table_cell,24,1,1
easyocr,erp2024_full,T2,XL,baseline,erp2024_full#1,lookup,777,1,1
easyocr,erp2024_full,T2,XL,baseline,erp2024_full#2,table_cell,777,0,0
easyocr,erp2024_full,T2,XL,baseline,erp2024_full#3,lookup,777,1,1
easyocr,erp2024_full,T2,XL,baseline,erp2024_full#4,table_cell,777,1,1
easyocr,erp2024_full,T2,XL,baseline,erp2024_full#5,table_cell,777,1,1
easyocr,erp2024_full,T2,XL,baseline,erp2024_full#6,table_cell,777,1,1
easyocr,erp2024_full,T2,XL,baseline,erp2024_full#7,table_multi_row,777,1,1
easyocr,erp2024_full,T2,XL,baseline,erp2024_full#8,lookup,777,1,1
easyocr,erp2024_full,T2,XL,baseline,erp2024_full#9,lookup,777,1,1
easyocr,erp2024_full,T2,XL,baseline,erp2024_full#10,table_cell,777,1,1
easyocr,erp2024_full,T2,XL,baseline,erp2024_full#11,table_cell,777,0,1
easyocr,erp2024_table1,T2,S,baseline,erp2024_table1#1,lookup,6,1,1
easyocr,erp2024_table1,T2,S,baseline,erp2024_table1#2,table_cell,6,1,1
easyocr,erp2024_table1,T2,S,baseline,erp2024_table1#3,table_cell,6,0,0
easyocr,erp2024_table1,T2,S,baseline,erp2024_table1#4,table_cell,6,0,0
easyocr,erp2024_table1,T2,S,baseline,erp2024_table1#5,table_cell,6,0,0
easyocr,erp2024_table1,T2,S,baseline,erp2024_table1#6,table_cell,6,0,0
easyocr,erp2024_table1,T2,S,baseline,erp2024_table1#7,table_cell,6,0,0
easyocr,erp2024_table1,T2,S,baseline,erp2024_table1#8,lookup,6,1,1
easyocr,erp2024_table1,T2,S,baseline,erp2024_table1#9,lookup,6,1,1
easyocr,erp2024_table3,T2,S,baseline,erp2024_table3#1,lookup,6,1,1
easyocr,erp2024_table3,T2,S,baseline,erp2024_table3#2,lookup,6,1,1
easyocr,erp2024_table3,T2,S,baseline,erp2024_table3#3,table_cell,6,0,0
easyocr,erp2024_table3,T2,S,baseline,erp2024_table3#4,table_cell,6,0,0
easyocr,erp2024_table3,T2,S,baseline,erp2024_table3#5,table_cell,6,0,0
easyocr,erp2024_table3,T2,S,baseline,erp2024_table3#6,table_cell,6,0,0
easyocr,erp2024_table3,T2,S,baseline,erp2024_table3#7,table_multi_row,6,0,0
easyocr,erp2024_table3,T2,S,baseline,erp2024_table3#8,table_cell,6,0,0
easyocr,erp2024_table3,T2,S,baseline,erp2024_table3#9,table_cell,6,0,0
easyocr,erp2024_table3,T2,S,baseline,erp2024_table3#10,table_cell,6,0,0
easyocr,gen_t2_long,T2,S,baseline,gen_t2_long#1,table_cell,4,1,1
easyocr,gen_t2_long,T2,S,baseline,gen_t2_long#2,table_cell,4,1,1
easyocr,gen_t2_long,T2,S,baseline,gen_t2_long#3,table_cell,4,1,1
easyocr,gen_t2_long,T2,S,baseline,gen_t2_long#4,table_cell,4,1,1
easyocr,gen_t2_merged,T2,S,baseline,gen_t2_merged#1,table_cell,1,1,1
easyocr,gen_t2_rotated,T2,S,baseline,gen_t2_rotated#1,table_cell,2,0,0
easyocr,gen_t2_rotated,T2,S,baseline,gen_t2_rotated#2,table_cell,2,0,0
easyocr,gen_t2_simple,T2,S,baseline,gen_t2_simple#1,table_cell,1,1,1
easyocr,gen_t2_simple,T2,S,baseline,gen_t2_simple#2,table_cell,1,1,1
easyocr,gen_t2_simple,T2,S,baseline,gen_t2_simple#3,table_cell,1,1,1
easyocr,gen_t4_bar,T4,S,baseline,gen_t4_bar#1,figure,1,1,1
easyocr,gen_t4_flow,T4,S,baseline,gen_t4_flow#1,figure,1,1,1
easyocr,gen_t4_line,T4,S,baseline,gen_t4_line#1,figure,1,1,1
easyocr,gen_t4_mixed,T4,S,baseline,gen_t4_mixed#1,table_cell,1,1,1
easyocr,nasa_se_handbook,T4,XL,baseline,nasa_se_handbook#1,lookup,485,0,0
easyocr,nasa_se_handbook,T4,XL,baseline,nasa_se_handbook#2,lookup,485,1,1
easyocr,nasa_se_handbook,T4,XL,baseline,nasa_se_handbook#3,figure,485,1,1
easyocr,nasa_se_handbook,T4,XL,baseline,nasa_se_handbook#4,lookup,485,0,0
easyocr,nasa_se_handbook,T4,XL,baseline,nasa_se_handbook#5,lookup,485,1,1
easyocr,nasa_se_handbook,T4,XL,baseline,nasa_se_handbook#6,table_multi_row,485,1,1
easyocr,nasa_se_handbook,T4,XL,baseline,nasa_se_handbook#7,lookup,485,1,1
easyocr,nasa_se_handbook,T4,XL,baseline,nasa_se_handbook#8,lookup,485,1,1
easyocr,nasa_se_handbook,T4,XL,baseline,nasa_se_handbook#9,lookup,485,1,1
easyocr,nasa_se_handbook,T4,XL,baseline,nasa_se_handbook#10,lookup,485,1,1
easyocr,nasa_se_handbook,T4,XL,baseline,nasa_se_handbook#11,lookup,485,1,1
easyocr,nasa_se_handbook,T4,XL,baseline,nasa_se_handbook#12,lookup,485,1,1
easyocr,nasa_tm100396,T4,L,baseline,nasa_tm100396#1,lookup,76,1,1
easyocr,nasa_tm100396,T4,L,baseline,nasa_tm100396#2,lookup,76,1,1
easyocr,nasa_tm100396,T4,L,baseline,nasa_tm100396#3,lookup,76,1,1
easyocr,nasa_tm100396,T4,L,baseline,nasa_tm100396#4,lookup,76,1,1
easyocr,nasa_tm100396,T4,L,baseline,nasa_tm100396#5,lookup,76,1,1
easyocr,nasa_tm100396,T4,L,baseline,nasa_tm100396#6,lookup,76,1,1
easyocr,nasa_tm100396,T4,L,baseline,nasa_tm100396#7,lookup,76,1,1
easyocr,nasa_tm100396,T4,L,baseline,nasa_tm100396#8,lookup,76,1,1
easyocr,nasa_tm100396,T4,L,baseline,nasa_tm100396#9,lookup,76,1,1
easyocr,nasa_tm100396,T4,L,baseline,nasa_tm100396#10,cross_page,76,0,0
easyocr,nasa_tm100396,T4,L,baseline,nasa_tm100396#11,lookup,76,1,1
easyocr,nasa_tm100396,T4,L,baseline,nasa_tm100396#12,table_cell,76,1,1
easyocr,nasa_tm104114,T4,XL,baseline,nasa_tm104114#1,lookup,106,1,1
easyocr,nasa_tm104114,T4,XL,baseline,nasa_tm104114#2,lookup,106,1,1
easyocr,nasa_tm104114,T4,XL,baseline,nasa_tm104114#3,lookup,106,1,1
easyocr,nasa_tm104114,T4,XL,baseline,nasa_tm104114#4,table_cell,106,1,1
easyocr,nasa_tm104114,T4,XL,baseline,nasa_tm104114#5,table_cell,106,1,1
easyocr,nasa_tm104114,T4,XL,baseline,nasa_tm104114#6,table_cell,106,0,0
easyocr,nasa_tm104114,T4,XL,baseline,nasa_tm104114#7,table_cell,106,1,1
easyocr,nasa_tm104114,T4,XL,baseline,nasa_tm104114#8,lookup,106,1,1
easyocr,nasa_tm104114,T4,XL,baseline,nasa_tm104114#9,lookup,106,1,1
easyocr,nasa_tm104114,T4,XL,baseline,nasa_tm104114#10,lookup,106,1,1
easyocr,nasa_tm104114,T4,XL,baseline,nasa_tm104114#11,lookup,106,1,1
easyocr,nasa_tm_x9471,T4,M,baseline,nasa_tm_x9471#1,lookup,7,1,1
easyocr,nasa_tm_x9471,T4,M,baseline,nasa_tm_x9471#2,lookup,7,1,1
easyocr,nasa_tm_x9471,T4,M,baseline,nasa_tm_x9471#3,lookup,7,1,1
easyocr,nasa_tm_x9471,T4,M,baseline,nasa_tm_x9471#4,lookup,7,0,0
easyocr,nasa_tm_x9471,T4,M,baseline,nasa_tm_x9471#5,lookup,7,1,1
easyocr,nasa_tm_x9471,T4,M,baseline,nasa_tm_x9471#6,lookup,7,1,1
easyocr,nasa_tm_x9471,T4,M,baseline,nasa_tm_x9471#7,lookup,7,1,1
easyocr,nasa_tm_x9471,T4,M,baseline,nasa_tm_x9471#8,lookup,7,1,1
easyocr,nasa_tm_x9471,T4,M,baseline,nasa_tm_x9471#9,lookup,7,1,1
easyocr,nasa_tm_x9471,T4,M,baseline,nasa_tm_x9471#10,figure,7,1,1
easyocr,nasa_tm_x9471,T4,M,baseline,nasa_tm_x9471#11,figure,7,1,1
easyocr,nasa_tm_x9471,T4,M,baseline,nasa_tm_x9471#12,figure,7,1,1
easyocr,nasa_webb_factsheet,T4,S,baseline,nasa_webb_factsheet#1,lookup,2,1,1
easyocr,nasa_webb_factsheet,T4,S,baseline,nasa_webb_factsheet#2,lookup,2,1,1
easyocr,nasa_webb_factsheet,T4,S,baseline,nasa_webb_factsheet#3,lookup,2,1,1
easyocr,nasa_webb_factsheet,T4,S,baseline,nasa_webb_factsheet#4,lookup,2,1,1
easyocr,nasa_webb_factsheet,T4,S,baseline,nasa_webb_factsheet#5,lookup,2,1,1
easyocr,nasa_webb_factsheet,T4,S,baseline,nasa_webb_factsheet#6,lookup,2,1,1
easyocr,nasa_webb_factsheet,T4,S,baseline,nasa_webb_factsheet#7,lookup,2,1,1
easyocr,nasa_webb_factsheet,T4,S,baseline,nasa_webb_factsheet#8,table_multi_row,2,1,1
easyocr,nasa_webb_factsheet,T4,S,baseline,nasa_webb_factsheet#9,figure,2,1,1
easyocr,nasa_webb_factsheet,T4,S,baseline,nasa_webb_factsheet#10,figure,2,1,1
easyocr,nasa_webb_factsheet,T4,S,baseline,nasa_webb_factsheet#11,figure,2,1,1
easyocr,nasa_webb_factsheet,T4,S,baseline,nasa_webb_factsheet#12,figure,2,1,1
easyocr,p60_282,T2,L,baseline,p60_282#1,lookup,161,1,1
easyocr,p60_282,T2,L,baseline,p60_282#2,lookup,161,1,1
easyocr,p60_282,T2,L,baseline,p60_282#3,lookup,161,1,1
easyocr,p60_282,T2,L,baseline,p60_282#4,table_cell,161,1,1
easyocr,p60_282,T2,L,baseline,p60_282#5,table_cell,161,0,0
easyocr,p60_282,T2,L,baseline,p60_282#6,table_cell,161,1,1
easyocr,p60_282,T2,L,baseline,p60_282#7,table_cell,161,0,0
easyocr,p60_282,T2,L,baseline,p60_282#8,lookup,161,1,1
easyocr,p60_282,T2,L,baseline,p60_282#9,lookup,161,1,1
easyocr,p60_282,T2,L,baseline,p60_282#10,table_cell,161,1,1
easyocr,p60_282,T2,L,baseline,p60_282#11,table_cell,161,1,1
easyocr,p60_282,T2,L,baseline,p60_282#12,table_cell,161,1,1
easyocr,p60_282,T2,L,baseline,p60_282#13,table_multi_row,161,0,1
easyocr,rfc9110,T1,XL,baseline,rfc9110#1,lookup,305,1,1
easyocr,rfc9110,T1,XL,baseline,rfc9110#2,lookup,305,1,1
easyocr,rfc9110,T1,XL,baseline,rfc9110#3,lookup,305,0,0
easyocr,rfc9110,T1,XL,baseline,rfc9110#4,table_cell,305,1,1
easyocr,rfc9110,T1,XL,baseline,rfc9110#5,table_cell,305,1,1
easyocr,rfc9110,T1,XL,baseline,rfc9110#6,table_multi_row,305,1,1
easyocr,rfc9110,T1,XL,baseline,rfc9110#7,lookup,305,1,1
easyocr,rfc9110,T1,XL,baseline,rfc9110#8,lookup,305,1,1
easyocr,rfc9110,T1,XL,baseline,rfc9110#9,lookup,305,1,1
easyocr,rfc9110,T1,XL,baseline,rfc9110#10,lookup,305,1,1
easyocr,rfc9110,T1,XL,baseline,rfc9110#11,lookup,305,1,1
easyocr,rfc9110,T1,XL,baseline,rfc9110#12,lookup,305,1,1
easyocr,rfc9112,T1,L,baseline,rfc9112#1,lookup,72,1,1
easyocr,rfc9112,T1,L,baseline,rfc9112#2,lookup,72,1,1
easyocr,rfc9112,T1,L,baseline,rfc9112#3,lookup,72,1,1
easyocr,rfc9112,T1,L,baseline,rfc9112#4,lookup,72,1,1
easyocr,rfc9112,T1,L,baseline,rfc9112#5,lookup,72,1,1
easyocr,rfc9112,T1,L,baseline,rfc9112#6,cross_page,72,1,1
easyocr,rfc9112,T1,L,baseline,rfc9112#7,lookup,72,0,0
easyocr,rfc9112,T1,L,baseline,rfc9112#8,lookup,72,1,1
easyocr,rfc9112,T1,L,baseline,rfc9112#9,lookup,72,1,1
easyocr,rfc9112,T1,L,baseline,rfc9112#10,lookup,72,1,1
easyocr,rfc9112,T1,L,baseline,rfc9112#11,lookup,72,1,1
easyocr,rfc9112,T1,L,baseline,rfc9112#12,lookup,72,1,1
easyocr,rfc9112,T1,L,baseline,rfc9112#13,lookup,72,1,1
easyocr,rfc9112,T1,L,baseline,rfc9112#14,lookup,72,1,1
easyocr,rfc9112,T1,L,baseline,rfc9112#15,lookup,72,1,1
easyocr,rfc9112,T1,L,baseline,rfc9112#16,lookup,72,1,1
easyocr,rfc9158,T1,S,baseline,rfc9158#1,lookup,5,1,1
easyocr,rfc9158,T1,S,baseline,rfc9158#2,lookup,5,1,1
easyocr,rfc9158,T1,S,baseline,rfc9158#3,lookup,5,1,1
easyocr,rfc9158,T1,S,baseline,rfc9158#4,lookup,5,1,1
easyocr,rfc9158,T1,S,baseline,rfc9158#5,table_multi_row,5,1,1
easyocr,rfc9158,T1,S,baseline,rfc9158#6,table_cell,5,1,1
easyocr,rfc9158,T1,S,baseline,rfc9158#7,lookup,5,1,1
easyocr,rfc9158,T1,S,baseline,rfc9158#8,lookup,5,1,1
easyocr,rfc9158,T1,S,baseline,rfc9158#9,cross_page,5,0,0
easyocr,rfc9457,T1,M,baseline,rfc9457#1,lookup,23,1,1
easyocr,rfc9457,T1,M,baseline,rfc9457#2,lookup,23,1,1
easyocr,rfc9457,T1,M,baseline,rfc9457#3,lookup,23,1,1
easyocr,rfc9457,T1,M,baseline,rfc9457#4,lookup,23,0,0
easyocr,rfc9457,T1,M,baseline,rfc9457#5,lookup,23,1,1
easyocr,rfc9457,T1,M,baseline,rfc9457#6,lookup,23,1,1
easyocr,rfc9457,T1,M,baseline,rfc9457#7,lookup,23,1,1
easyocr,rfc9457,T1,M,baseline,rfc9457#8,lookup,23,1,1
easyocr,rfc9457,T1,M,baseline,rfc9457#9,lookup,23,1,1
easyocr,rfc9457,T1,M,baseline,rfc9457#10,lookup,23,1,1
easyocr,rfc9457,T1,M,baseline,rfc9457#11,lookup,23,1,1
easyocr,scan_acsbr_023,T3,M,baseline,scan_acsbr_023#1,lookup,25,1,1
easyocr,scan_acsbr_023,T3,M,baseline,scan_acsbr_023#2,lookup,25,1,1
easyocr,scan_acsbr_023,T3,M,baseline,scan_acsbr_023#3,lookup,25,1,1
easyocr,scan_acsbr_023,T3,M,baseline,scan_acsbr_023#4,lookup,25,1,1
easyocr,scan_acsbr_023,T3,M,baseline,scan_acsbr_023#5,lookup,25,1,1
easyocr,scan_acsbr_023,T3,M,baseline,scan_acsbr_023#6,lookup,25,1,1
easyocr,scan_acsbr_023,T3,M,baseline,scan_acsbr_023#7,table_cell,25,1,1
easyocr,scan_acsbr_023,T3,M,baseline,scan_acsbr_023#8,table_cell,25,1,1
easyocr,scan_acsbr_023,T3,M,baseline,scan_acsbr_023#9,table_cell,25,1,1
easyocr,scan_acsbr_023,T3,M,baseline,scan_acsbr_023#10,table_cell,25,0,1
easyocr,scan_acsbr_023,T3,M,baseline,scan_acsbr_023#11,table_multi_row,25,0,1
easyocr,scan_acsbr_023,T3,M,baseline,scan_acsbr_023#12,table_cell,25,1,1
easyocr,scan_p60_282,T3,L,baseline,scan_p60_282#1,lookup,166,0,1
easyocr,scan_p60_282,T3,L,baseline,scan_p60_282#2,lookup,166,1,1
easyocr,scan_p60_282,T3,L,baseline,scan_p60_282#3,lookup,166,1,1
easyocr,scan_p60_282,T3,L,baseline,scan_p60_282#4,table_cell,166,1,1
easyocr,scan_p60_282,T3,L,baseline,scan_p60_282#5,table_cell,166,0,0
easyocr,scan_p60_282,T3,L,baseline,scan_p60_282#6,table_cell,166,1,1
easyocr,scan_p60_282,T3,L,baseline,scan_p60_282#7,table_cell,166,0,0
easyocr,scan_p60_282,T3,L,baseline,scan_p60_282#8,lookup,166,1,1
easyocr,scan_p60_282,T3,L,baseline,scan_p60_282#9,lookup,166,1,1
easyocr,scan_p60_282,T3,L,baseline,scan_p60_282#10,table_cell,166,0,1
easyocr,scan_p60_282,T3,L,baseline,scan_p60_282#11,table_cell,166,1,1
easyocr,scan_p60_282,T3,L,baseline,scan_p60_282#12,table_cell,166,1,1
easyocr,scan_p60_282,T3,L,baseline,scan_p60_282#13,table_multi_row,166,1,1
easyocr,scan_rfc9110,T3,XL,baseline,scan_rfc9110#1,lookup,307,1,1
easyocr,scan_rfc9110,T3,XL,baseline,scan_rfc9110#2,lookup,307,1,1
easyocr,scan_rfc9110,T3,XL,baseline,scan_rfc9110#3,lookup,307,0,0
easyocr,scan_rfc9110,T3,XL,baseline,scan_rfc9110#4,table_cell,307,1,1
easyocr,scan_rfc9110,T3,XL,baseline,scan_rfc9110#5,table_cell,307,1,1
easyocr,scan_rfc9110,T3,XL,baseline,scan_rfc9110#6,table_multi_row,307,1,1
easyocr,scan_rfc9110,T3,XL,baseline,scan_rfc9110#7,lookup,307,1,1
easyocr,scan_rfc9110,T3,XL,baseline,scan_rfc9110#8,lookup,307,1,1
easyocr,scan_rfc9110,T3,XL,baseline,scan_rfc9110#9,lookup,307,1,1
easyocr,scan_rfc9110,T3,XL,baseline,scan_rfc9110#10,lookup,307,1,1
easyocr,scan_rfc9110,T3,XL,baseline,scan_rfc9110#11,lookup,307,1,1
easyocr,scan_rfc9110,T3,XL,baseline,scan_rfc9110#12,lookup,307,1,1
easyocr,scan_rfc9158,T3,S,baseline,scan_rfc9158#1,lookup,5,1,1
easyocr,scan_rfc9158,T3,S,baseline,scan_rfc9158#2,lookup,5,1,1
easyocr,scan_rfc9158,T3,S,baseline,scan_rfc9158#3,lookup,5,1,1
easyocr,scan_rfc9158,T3,S,baseline,scan_rfc9158#4,lookup,5,1,1
easyocr,scan_rfc9158,T3,S,baseline,scan_rfc9158#5,table_multi_row,5,1,1
easyocr,scan_rfc9158,T3,S,baseline,scan_rfc9158#6,table_cell,5,1,1
easyocr,scan_rfc9158,T3,S,baseline,scan_rfc9158#7,lookup,5,1,1
easyocr,scan_rfc9158,T3,S,baseline,scan_rfc9158#8,lookup,5,1,1
easyocr,scan_rfc9158,T3,S,baseline,scan_rfc9158#9,cross_page,5,0,0
easyocr,scan_rfc9457,T3,M,baseline,scan_rfc9457#1,lookup,25,1,1
easyocr,scan_rfc9457,T3,M,baseline,scan_rfc9457#2,lookup,25,1,1
easyocr,scan_rfc9457,T3,M,baseline,scan_rfc9457#3,lookup,25,1,1
easyocr,scan_rfc9457,T3,M,baseline,scan_rfc9457#4,lookup,25,1,1
easyocr,scan_rfc9457,T3,M,baseline,scan_rfc9457#5,lookup,25,1,1
easyocr,scan_rfc9457,T3,M,baseline,scan_rfc9457#6,lookup,25,1,1
easyocr,scan_rfc9457,T3,M,baseline,scan_rfc9457#7,lookup,25,1,1
easyocr,scan_rfc9457,T3,M,baseline,scan_rfc9457#8,lookup,25,1,1
easyocr,scan_rfc9457,T3,M,baseline,scan_rfc9457#9,lookup,25,1,1
easyocr,scan_rfc9457,T3,M,baseline,scan_rfc9457#10,lookup,25,1,1
easyocr,scan_rfc9457,T3,M,baseline,scan_rfc9457#11,lookup,25,0,0
marker_noocr,acsbr_023,T2,M,baseline,acsbr_023#1,lookup,41,1,1
marker_noocr,acsbr_023,T2,M,baseline,acsbr_023#2,lookup,41,1,1
marker_noocr,acsbr_023,T2,M,baseline,acsbr_023#3,lookup,41,1,1
marker_noocr,acsbr_023,T2,M,baseline,acsbr_023#4,lookup,41,1,1
marker_noocr,acsbr_023,T2,M,baseline,acsbr_023#5,lookup,41,1,1
marker_noocr,acsbr_023,T2,M,baseline,acsbr_023#6,lookup,41,1,1
marker_noocr,acsbr_023,T2,M,baseline,acsbr_023#7,table_cell,41,1,1
marker_noocr,acsbr_023,T2,M,baseline,acsbr_023#8,table_cell,41,1,1
marker_noocr,acsbr_023,T2,M,baseline,acsbr_023#9,table_cell,41,0,1
marker_noocr,acsbr_023,T2,M,baseline,acsbr_023#10,table_cell,41,1,1
marker_noocr,acsbr_023,T2,M,baseline,acsbr_023#11,table_multi_row,41,0,1
marker_noocr,acsbr_023,T2,M,baseline,acsbr_023#12,table_cell,41,1,1
marker_noocr,erp2024_full,T2,XL,baseline,erp2024_full#1,lookup,1410,0,1
marker_noocr,erp2024_full,T2,XL,baseline,erp2024_full#2,table_cell,1410,0,0
marker_noocr,erp2024_full,T2,XL,baseline,erp2024_full#3,lookup,1410,0,0
marker_noocr,erp2024_full,T2,XL,baseline,erp2024_full#4,table_cell,1410,1,1
marker_noocr,erp2024_full,T2,XL,baseline,erp2024_full#5,table_cell,1410,1,1
marker_noocr,erp2024_full,T2,XL,baseline,erp2024_full#6,table_cell,1410,1,1
marker_noocr,erp2024_full,T2,XL,baseline,erp2024_full#7,table_multi_row,1410,1,1
marker_noocr,erp2024_full,T2,XL,baseline,erp2024_full#8,lookup,1410,1,1
marker_noocr,erp2024_full,T2,XL,baseline,erp2024_full#9,lookup,1410,1,1
marker_noocr,erp2024_full,T2,XL,baseline,erp2024_full#10,table_cell,1410,1,1
marker_noocr,erp2024_full,T2,XL,baseline,erp2024_full#11,table_cell,1410,0,1
marker_noocr,erp2024_table1,T2,S,baseline,erp2024_table1#1,lookup,0,0,0
marker_noocr,erp2024_table1,T2,S,baseline,erp2024_table1#2,table_cell,0,0,0
marker_noocr,erp2024_table1,T2,S,baseline,erp2024_table1#3,table_cell,0,0,0
marker_noocr,erp2024_table1,T2,S,baseline,erp2024_table1#4,table_cell,0,0,0
marker_noocr,erp2024_table1,T2,S,baseline,erp2024_table1#5,table_cell,0,0,0
marker_noocr,erp2024_table1,T2,S,baseline,erp2024_table1#6,table_cell,0,0,0
marker_noocr,erp2024_table1,T2,S,baseline,erp2024_table1#7,table_cell,0,0,0
marker_noocr,erp2024_table1,T2,S,baseline,erp2024_table1#8,lookup,0,0,0
marker_noocr,erp2024_table1,T2,S,baseline,erp2024_table1#9,lookup,0,0,0
marker_noocr,erp2024_table3,T2,S,baseline,erp2024_table3#1,lookup,0,0,0
marker_noocr,erp2024_table3,T2,S,baseline,erp2024_table3#2,lookup,0,0,0
marker_noocr,erp2024_table3,T2,S,baseline,erp2024_table3#3,table_cell,0,0,0
marker_noocr,erp2024_table3,T2,S,baseline,erp2024_table3#4,table_cell,0,0,0
marker_noocr,erp2024_table3,T2,S,baseline,erp2024_table3#5,table_cell,0,0,0
marker_noocr,erp2024_table3,T2,S,baseline,erp2024_table3#6,table_cell,0,0,0
marker_noocr,erp2024_table3,T2,S,baseline,erp2024_table3#7,table_multi_row,0,0,0
marker_noocr,erp2024_table3,T2,S,baseline,erp2024_table3#8,table_cell,0,0,0
marker_noocr,erp2024_table3,T2,S,baseline,erp2024_table3#9,table_cell,0,0,0
marker_noocr,erp2024_table3,T2,S,baseline,erp2024_table3#10,table_cell,0,0,0
marker_noocr,gen_t2_long,T2,S,baseline,gen_t2_long#1,table_cell,8,1,1
marker_noocr,gen_t2_long,T2,S,baseline,gen_t2_long#2,table_cell,8,1,1
marker_noocr,gen_t2_long,T2,S,baseline,gen_t2_long#3,table_cell,8,1,1
marker_noocr,gen_t2_long,T2,S,baseline,gen_t2_long#4,table_cell,8,1,1
marker_noocr,gen_t2_merged,T2,S,baseline,gen_t2_merged#1,table_cell,3,1,1
marker_noocr,gen_t2_rotated,T2,S,baseline,gen_t2_rotated#1,table_cell,1,0,0
marker_noocr,gen_t2_rotated,T2,S,baseline,gen_t2_rotated#2,table_cell,1,0,0
marker_noocr,gen_t2_simple,T2,S,baseline,gen_t2_simple#1,table_cell,3,1,1
marker_noocr,gen_t2_simple,T2,S,baseline,gen_t2_simple#2,table_cell,3,1,1
marker_noocr,gen_t2_simple,T2,S,baseline,gen_t2_simple#3,table_cell,3,1,1
marker_noocr,gen_t4_bar,T4,S,baseline,gen_t4_bar#1,figure,1,0,0
marker_noocr,gen_t4_flow,T4,S,baseline,gen_t4_flow#1,figure,1,0,0
marker_noocr,gen_t4_line,T4,S,baseline,gen_t4_line#1,figure,1,0,0
marker_noocr,gen_t4_mixed,T4,S,baseline,gen_t4_mixed#1,table_cell,3,1,1
marker_noocr,nasa_se_handbook,T4,XL,baseline,nasa_se_handbook#1,lookup,824,1,1
marker_noocr,nasa_se_handbook,T4,XL,baseline,nasa_se_handbook#2,lookup,824,1,1
marker_noocr,nasa_se_handbook,T4,XL,baseline,nasa_se_handbook#3,figure,824,0,0
marker_noocr,nasa_se_handbook,T4,XL,baseline,nasa_se_handbook#4,lookup,824,1,1
marker_noocr,nasa_se_handbook,T4,XL,baseline,nasa_se_handbook#5,lookup,824,1,1
marker_noocr,nasa_se_handbook,T4,XL,baseline,nasa_se_handbook#6,table_multi_row,824,1,1
marker_noocr,nasa_se_handbook,T4,XL,baseline,nasa_se_handbook#7,lookup,824,1,1
marker_noocr,nasa_se_handbook,T4,XL,baseline,nasa_se_handbook#8,lookup,824,0,0
marker_noocr,nasa_se_handbook,T4,XL,baseline,nasa_se_handbook#9,lookup,824,0,0
marker_noocr,nasa_se_handbook,T4,XL,baseline,nasa_se_handbook#10,lookup,824,1,1
marker_noocr,nasa_se_handbook,T4,XL,baseline,nasa_se_handbook#11,lookup,824,1,1
marker_noocr,nasa_se_handbook,T4,XL,baseline,nasa_se_handbook#12,lookup,824,1,1
marker_noocr,nasa_tm100396,T4,L,baseline,nasa_tm100396#1,lookup,26,1,1
marker_noocr,nasa_tm100396,T4,L,baseline,nasa_tm100396#2,lookup,26,1,1
marker_noocr,nasa_tm100396,T4,L,baseline,nasa_tm100396#3,lookup,26,1,1
marker_noocr,nasa_tm100396,T4,L,baseline,nasa_tm100396#4,lookup,26,1,1
marker_noocr,nasa_tm100396,T4,L,baseline,nasa_tm100396#5,lookup,26,1,1
marker_noocr,nasa_tm100396,T4,L,baseline,nasa_tm100396#6,lookup,26,1,1
marker_noocr,nasa_tm100396,T4,L,baseline,nasa_tm100396#7,lookup,26,1,1
marker_noocr,nasa_tm100396,T4,L,baseline,nasa_tm100396#8,lookup,26,1,1
marker_noocr,nasa_tm100396,T4,L,baseline,nasa_tm100396#9,lookup,26,1,1
marker_noocr,nasa_tm100396,T4,L,baseline,nasa_tm100396#10,cross_page,26,0,0
marker_noocr,nasa_tm100396,T4,L,baseline,nasa_tm100396#11,lookup,26,1,1
marker_noocr,nasa_tm100396,T4,L,baseline,nasa_tm100396#12,table_cell,26,0,0
marker_noocr,nasa_tm104114,T4,XL,baseline,nasa_tm104114#1,lookup,143,1,1
marker_noocr,nasa_tm104114,T4,XL,baseline,nasa_tm104114#2,lookup,143,1,1
marker_noocr,nasa_tm104114,T4,XL,baseline,nasa_tm104114#3,lookup,143,0,0
marker_noocr,nasa_tm104114,T4,XL,baseline,nasa_tm104114#4,table_cell,143,0,0
marker_noocr,nasa_tm104114,T4,XL,baseline,nasa_tm104114#5,table_cell,143,0,0
marker_noocr,nasa_tm104114,T4,XL,baseline,nasa_tm104114#6,table_cell,143,0,0
marker_noocr,nasa_tm104114,T4,XL,baseline,nasa_tm104114#7,table_cell,143,0,0
marker_noocr,nasa_tm104114,T4,XL,baseline,nasa_tm104114#8,lookup,143,1,1
marker_noocr,nasa_tm104114,T4,XL,baseline,nasa_tm104114#9,lookup,143,0,0
marker_noocr,nasa_tm104114,T4,XL,baseline,nasa_tm104114#10,lookup,143,0,0
marker_noocr,nasa_tm104114,T4,XL,baseline,nasa_tm104114#11,lookup,143,0,0
marker_noocr,nasa_tm_x9471,T4,M,baseline,nasa_tm_x9471#1,lookup,14,1,1
marker_noocr,nasa_tm_x9471,T4,M,baseline,nasa_tm_x9471#2,lookup,14,1,1
marker_noocr,nasa_tm_x9471,T4,M,baseline,nasa_tm_x9471#3,lookup,14,1,1
marker_noocr,nasa_tm_x9471,T4,M,baseline,nasa_tm_x9471#4,lookup,14,1,1
marker_noocr,nasa_tm_x9471,T4,M,baseline,nasa_tm_x9471#5,lookup,14,1,1
marker_noocr,nasa_tm_x9471,T4,M,baseline,nasa_tm_x9471#6,lookup,14,1,1
marker_noocr,nasa_tm_x9471,T4,M,baseline,nasa_tm_x9471#7,lookup,14,1,1
marker_noocr,nasa_tm_x9471,T4,M,baseline,nasa_tm_x9471#8,lookup,14,1,1
marker_noocr,nasa_tm_x9471,T4,M,baseline,nasa_tm_x9471#9,lookup,14,1,1
marker_noocr,nasa_tm_x9471,T4,M,baseline,nasa_tm_x9471#10,figure,14,0,0
marker_noocr,nasa_tm_x9471,T4,M,baseline,nasa_tm_x9471#11,figure,14,0,0
marker_noocr,nasa_tm_x9471,T4,M,baseline,nasa_tm_x9471#12,figure,14,0,0
marker_noocr,nasa_webb_factsheet,T4,S,baseline,nasa_webb_factsheet#1,lookup,6,1,1
marker_noocr,nasa_webb_factsheet,T4,S,baseline,nasa_webb_factsheet#2,lookup,6,1,1
marker_noocr,nasa_webb_factsheet,T4,S,baseline,nasa_webb_factsheet#3,lookup,6,1,1
marker_noocr,nasa_webb_factsheet,T4,S,baseline,nasa_webb_factsheet#4,lookup,6,1,1
marker_noocr,nasa_webb_factsheet,T4,S,baseline,nasa_webb_factsheet#5,lookup,6,1,1
marker_noocr,nasa_webb_factsheet,T4,S,baseline,nasa_webb_factsheet#6,lookup,6,1,1
marker_noocr,nasa_webb_factsheet,T4,S,baseline,nasa_webb_factsheet#7,lookup,6,1,1
marker_noocr,nasa_webb_factsheet,T4,S,baseline,nasa_webb_factsheet#8,table_multi_row,6,1,1
marker_noocr,nasa_webb_factsheet,T4,S,baseline,nasa_webb_factsheet#9,figure,6,0,0
marker_noocr,nasa_webb_factsheet,T4,S,baseline,nasa_webb_factsheet#10,figure,6,0,0
marker_noocr,nasa_webb_factsheet,T4,S,baseline,nasa_webb_factsheet#11,figure,6,0,0
marker_noocr,nasa_webb_factsheet,T4,S,baseline,nasa_webb_factsheet#12,figure,6,0,0
marker_noocr,p60_282,T2,L,baseline,p60_282#1,lookup,223,1,1
marker_noocr,p60_282,T2,L,baseline,p60_282#2,lookup,223,1,1
marker_noocr,p60_282,T2,L,baseline,p60_282#3,lookup,223,1,1
marker_noocr,p60_282,T2,L,baseline,p60_282#4,table_cell,223,1,1
marker_noocr,p60_282,T2,L,baseline,p60_282#5,table_cell,223,1,1
marker_noocr,p60_282,T2,L,baseline,p60_282#6,table_cell,223,1,1
marker_noocr,p60_282,T2,L,baseline,p60_282#7,table_cell,223,0,0
marker_noocr,p60_282,T2,L,baseline,p60_282#8,lookup,223,1,1
marker_noocr,p60_282,T2,L,baseline,p60_282#9,lookup,223,1,1
marker_noocr,p60_282,T2,L,baseline,p60_282#10,table_cell,223,0,0
marker_noocr,p60_282,T2,L,baseline,p60_282#11,table_cell,223,1,1
marker_noocr,p60_282,T2,L,baseline,p60_282#12,table_cell,223,1,1
marker_noocr,p60_282,T2,L,baseline,p60_282#13,table_multi_row,223,1,1
marker_noocr,rfc9110,T1,XL,baseline,rfc9110#1,lookup,553,1,1
marker_noocr,rfc9110,T1,XL,baseline,rfc9110#2,lookup,553,0,0
marker_noocr,rfc9110,T1,XL,baseline,rfc9110#3,lookup,553,1,1
marker_noocr,rfc9110,T1,XL,baseline,rfc9110#4,table_cell,553,0,1
marker_noocr,rfc9110,T1,XL,baseline,rfc9110#5,table_cell,553,1,1
marker_noocr,rfc9110,T1,XL,baseline,rfc9110#6,table_multi_row,553,1,1
marker_noocr,rfc9110,T1,XL,baseline,rfc9110#7,lookup,553,1,1
marker_noocr,rfc9110,T1,XL,baseline,rfc9110#8,lookup,553,1,1
marker_noocr,rfc9110,T1,XL,baseline,rfc9110#9,lookup,553,0,0
marker_noocr,rfc9110,T1,XL,baseline,rfc9110#10,lookup,553,0,0
marker_noocr,rfc9110,T1,XL,baseline,rfc9110#11,lookup,553,1,1
marker_noocr,rfc9110,T1,XL,baseline,rfc9110#12,lookup,553,1,1
marker_noocr,rfc9112,T1,L,baseline,rfc9112#1,lookup,132,1,1
marker_noocr,rfc9112,T1,L,baseline,rfc9112#2,lookup,132,1,1
marker_noocr,rfc9112,T1,L,baseline,rfc9112#3,lookup,132,1,1
marker_noocr,rfc9112,T1,L,baseline,rfc9112#4,lookup,132,1,1
marker_noocr,rfc9112,T1,L,baseline,rfc9112#5,lookup,132,1,1
marker_noocr,rfc9112,T1,L,baseline,rfc9112#6,cross_page,132,1,1
marker_noocr,rfc9112,T1,L,baseline,rfc9112#7,lookup,132,1,1
marker_noocr,rfc9112,T1,L,baseline,rfc9112#8,lookup,132,1,1
marker_noocr,rfc9112,T1,L,baseline,rfc9112#9,lookup,132,1,1
marker_noocr,rfc9112,T1,L,baseline,rfc9112#10,lookup,132,1,1
marker_noocr,rfc9112,T1,L,baseline,rfc9112#11,lookup,132,1,1
marker_noocr,rfc9112,T1,L,baseline,rfc9112#12,lookup,132,1,1
marker_noocr,rfc9112,T1,L,baseline,rfc9112#13,lookup,132,1,1
marker_noocr,rfc9112,T1,L,baseline,rfc9112#14,lookup,132,0,0
marker_noocr,rfc9112,T1,L,baseline,rfc9112#15,lookup,132,0,0
marker_noocr,rfc9112,T1,L,baseline,rfc9112#16,lookup,132,1,1
marker_noocr,rfc9158,T1,S,baseline,rfc9158#1,lookup,12,1,1
marker_noocr,rfc9158,T1,S,baseline,rfc9158#2,lookup,12,1,1
marker_noocr,rfc9158,T1,S,baseline,rfc9158#3,lookup,12,1,1
marker_noocr,rfc9158,T1,S,baseline,rfc9158#4,lookup,12,1,1
marker_noocr,rfc9158,T1,S,baseline,rfc9158#5,table_multi_row,12,0,1
marker_noocr,rfc9158,T1,S,baseline,rfc9158#6,table_cell,12,1,1
marker_noocr,rfc9158,T1,S,baseline,rfc9158#7,lookup,12,1,1
marker_noocr,rfc9158,T1,S,baseline,rfc9158#8,lookup,12,1,1
marker_noocr,rfc9158,T1,S,baseline,rfc9158#9,cross_page,12,0,0
marker_noocr,rfc9457,T1,M,baseline,rfc9457#1,lookup,47,1,1
marker_noocr,rfc9457,T1,M,baseline,rfc9457#2,lookup,47,1,1
marker_noocr,rfc9457,T1,M,baseline,rfc9457#3,lookup,47,1,1
marker_noocr,rfc9457,T1,M,baseline,rfc9457#4,lookup,47,1,1
marker_noocr,rfc9457,T1,M,baseline,rfc9457#5,lookup,47,1,1
marker_noocr,rfc9457,T1,M,baseline,rfc9457#6,lookup,47,1,1
marker_noocr,rfc9457,T1,M,baseline,rfc9457#7,lookup,47,1,1
marker_noocr,rfc9457,T1,M,baseline,rfc9457#8,lookup,47,1,1
marker_noocr,rfc9457,T1,M,baseline,rfc9457#9,lookup,47,1,1
marker_noocr,rfc9457,T1,M,baseline,rfc9457#10,lookup,47,1,1
marker_noocr,rfc9457,T1,M,baseline,rfc9457#11,lookup,47,1,1
marker_noocr,scan_acsbr_023,T3,M,baseline,scan_acsbr_023#1,lookup,1,0,0
marker_noocr,scan_acsbr_023,T3,M,baseline,scan_acsbr_023#2,lookup,1,0,0
marker_noocr,scan_acsbr_023,T3,M,baseline,scan_acsbr_023#3,lookup,1,0,0
marker_noocr,scan_acsbr_023,T3,M,baseline,scan_acsbr_023#4,lookup,1,0,0
marker_noocr,scan_acsbr_023,T3,M,baseline,scan_acsbr_023#5,lookup,1,0,0
marker_noocr,scan_acsbr_023,T3,M,baseline,scan_acsbr_023#6,lookup,1,0,0
marker_noocr,scan_acsbr_023,T3,M,baseline,scan_acsbr_023#7,table_cell,1,0,0
marker_noocr,scan_acsbr_023,T3,M,baseline,scan_acsbr_023#8,table_cell,1,0,0
marker_noocr,scan_acsbr_023,T3,M,baseline,scan_acsbr_023#9,table_cell,1,0,0
marker_noocr,scan_acsbr_023,T3,M,baseline,scan_acsbr_023#10,table_cell,1,0,0
marker_noocr,scan_acsbr_023,T3,M,baseline,scan_acsbr_023#11,table_multi_row,1,0,0
marker_noocr,scan_acsbr_023,T3,M,baseline,scan_acsbr_023#12,table_cell,1,0,0
marker_noocr,scan_p60_282,T3,L,baseline,scan_p60_282#1,lookup,1,0,0
marker_noocr,scan_p60_282,T3,L,baseline,scan_p60_282#2,lookup,1,0,0
marker_noocr,scan_p60_282,T3,L,baseline,scan_p60_282#3,lookup,1,0,0
marker_noocr,scan_p60_282,T3,L,baseline,scan_p60_282#4,table_cell,1,0,0
marker_noocr,scan_p60_282,T3,L,baseline,scan_p60_282#5,table_cell,1,0,0
marker_noocr,scan_p60_282,T3,L,baseline,scan_p60_282#6,table_cell,1,0,0
marker_noocr,scan_p60_282,T3,L,baseline,scan_p60_282#7,table_cell,1,0,0
marker_noocr,scan_p60_282,T3,L,baseline,scan_p60_282#8,lookup,1,0,0
marker_noocr,scan_p60_282,T3,L,baseline,scan_p60_282#9,lookup,1,0,0
marker_noocr,scan_p60_282,T3,L,baseline,scan_p60_282#10,table_cell,1,0,0
marker_noocr,scan_p60_282,T3,L,baseline,scan_p60_282#11,table_cell,1,0,0
marker_noocr,scan_p60_282,T3,L,baseline,scan_p60_282#12,table_cell,1,0,0
marker_noocr,scan_p60_282,T3,L,baseline,scan_p60_282#13,table_multi_row,1,0,0
marker_noocr,scan_rfc9110,T3,XL,baseline,scan_rfc9110#1,lookup,0,0,0
marker_noocr,scan_rfc9110,T3,XL,baseline,scan_rfc9110#2,lookup,0,0,0
marker_noocr,scan_rfc9110,T3,XL,baseline,scan_rfc9110#3,lookup,0,0,0
marker_noocr,scan_rfc9110,T3,XL,baseline,scan_rfc9110#4,table_cell,0,0,0
marker_noocr,scan_rfc9110,T3,XL,baseline,scan_rfc9110#5,table_cell,0,0,0
marker_noocr,scan_rfc9110,T3,XL,baseline,scan_rfc9110#6,table_multi_row,0,0,0
marker_noocr,scan_rfc9110,T3,XL,baseline,scan_rfc9110#7,lookup,0,0,0
marker_noocr,scan_rfc9110,T3,XL,baseline,scan_rfc9110#8,lookup,0,0,0
marker_noocr,scan_rfc9110,T3,XL,baseline,scan_rfc9110#9,lookup,0,0,0
marker_noocr,scan_rfc9110,T3,XL,baseline,scan_rfc9110#10,lookup,0,0,0
marker_noocr,scan_rfc9110,T3,XL,baseline,scan_rfc9110#11,lookup,0,0,0
marker_noocr,scan_rfc9110,T3,XL,baseline,scan_rfc9110#12,lookup,0,0,0
marker_noocr,scan_rfc9158,T3,S,baseline,scan_rfc9158#1,lookup,0,0,0
marker_noocr,scan_rfc9158,T3,S,baseline,scan_rfc9158#2,lookup,0,0,0
marker_noocr,scan_rfc9158,T3,S,baseline,scan_rfc9158#3,lookup,0,0,0
marker_noocr,scan_rfc9158,T3,S,baseline,scan_rfc9158#4,lookup,0,0,0
marker_noocr,scan_rfc9158,T3,S,baseline,scan_rfc9158#5,table_multi_row,0,0,0
marker_noocr,scan_rfc9158,T3,S,baseline,scan_rfc9158#6,table_cell,0,0,0
marker_noocr,scan_rfc9158,T3,S,baseline,scan_rfc9158#7,lookup,0,0,0
marker_noocr,scan_rfc9158,T3,S,baseline,scan_rfc9158#8,lookup,0,0,0
marker_noocr,scan_rfc9158,T3,S,baseline,scan_rfc9158#9,cross_page,0,0,0
marker_noocr,scan_rfc9457,T3,M,baseline,scan_rfc9457#1,lookup,0,0,0
marker_noocr,scan_rfc9457,T3,M,baseline,scan_rfc9457#2,lookup,0,0,0
marker_noocr,scan_rfc9457,T3,M,baseline,scan_rfc9457#3,lookup,0,0,0
marker_noocr,scan_rfc9457,T3,M,baseline,scan_rfc9457#4,lookup,0,0,0
marker_noocr,scan_rfc9457,T3,M,baseline,scan_rfc9457#5,lookup,0,0,0
marker_noocr,scan_rfc9457,T3,M,baseline,scan_rfc9457#6,lookup,0,0,0
marker_noocr,scan_rfc9457,T3,M,baseline,scan_rfc9457#7,lookup,0,0,0
marker_noocr,scan_rfc9457,T3,M,baseline,scan_rfc9457#8,lookup,0,0,0
marker_noocr,scan_rfc9457,T3,M,baseline,scan_rfc9457#9,lookup,0,0,0
marker_noocr,scan_rfc9457,T3,M,baseline,scan_rfc9457#10,lookup,0,0,0
marker_noocr,scan_rfc9457,T3,M,baseline,scan_rfc9457#11,lookup,0,0,0
mineru,acsbr_023,T2,M,baseline,acsbr_023#1,lookup,65,1,1
mineru,acsbr_023,T2,M,baseline,acsbr_023#2,lookup,65,1,1
mineru,acsbr_023,T2,M,baseline,acsbr_023#3,lookup,65,1,1
mineru,acsbr_023,T2,M,baseline,acsbr_023#4,lookup,65,1,1
mineru,acsbr_023,T2,M,baseline,acsbr_023#5,lookup,65,1,1
mineru,acsbr_023,T2,M,baseline,acsbr_023#6,lookup,65,1,1
mineru,acsbr_023,T2,M,baseline,acsbr_023#7,table_cell,65,1,1
mineru,acsbr_023,T2,M,baseline,acsbr_023#8,table_cell,65,0,0
mineru,acsbr_023,T2,M,baseline,acsbr_023#9,table_cell,65,0,0
mineru,acsbr_023,T2,M,baseline,acsbr_023#10,table_cell,65,1,1
mineru,acsbr_023,T2,M,baseline,acsbr_023#11,table_multi_row,65,0,1
mineru,acsbr_023,T2,M,baseline,acsbr_023#12,table_cell,65,1,1
mineru,erp2024_full,T2,XL,baseline,erp2024_full#1,lookup,2032,1,1
mineru,erp2024_full,T2,XL,baseline,erp2024_full#2,table_cell,2032,1,1
mineru,erp2024_full,T2,XL,baseline,erp2024_full#3,lookup,2032,0,0
mineru,erp2024_full,T2,XL,baseline,erp2024_full#4,table_cell,2032,1,1
mineru,erp2024_full,T2,XL,baseline,erp2024_full#5,table_cell,2032,1,1
mineru,erp2024_full,T2,XL,baseline,erp2024_full#6,table_cell,2032,1,1
mineru,erp2024_full,T2,XL,baseline,erp2024_full#7,table_multi_row,2032,1,1
mineru,erp2024_full,T2,XL,baseline,erp2024_full#8,lookup,2032,1,1
mineru,erp2024_full,T2,XL,baseline,erp2024_full#9,lookup,2032,1,1
mineru,erp2024_full,T2,XL,baseline,erp2024_full#10,table_cell,2032,1,1
mineru,erp2024_full,T2,XL,baseline,erp2024_full#11,table_cell,2032,0,0
mineru,erp2024_table1,T2,S,baseline,erp2024_table1#1,lookup,19,1,1
mineru,erp2024_table1,T2,S,baseline,erp2024_table1#2,table_cell,19,1,1
mineru,erp2024_table1,T2,S,baseline,erp2024_table1#3,table_cell,19,0,0
mineru,erp2024_table1,T2,S,baseline,erp2024_table1#4,table_cell,19,0,0
mineru,erp2024_table1,T2,S,baseline,erp2024_table1#5,table_cell,19,0,1
mineru,erp2024_table1,T2,S,baseline,erp2024_table1#6,table_cell,19,0,0
mineru,erp2024_table1,T2,S,baseline,erp2024_table1#7,table_cell,19,0,0
mineru,erp2024_table1,T2,S,baseline,erp2024_table1#8,lookup,19,0,1
mineru,erp2024_table1,T2,S,baseline,erp2024_table1#9,lookup,19,1,1
mineru,erp2024_table3,T2,S,baseline,erp2024_table3#1,lookup,48,1,1
mineru,erp2024_table3,T2,S,baseline,erp2024_table3#2,lookup,48,0,0
mineru,erp2024_table3,T2,S,baseline,erp2024_table3#3,table_cell,48,0,0
mineru,erp2024_table3,T2,S,baseline,erp2024_table3#4,table_cell,48,0,0
mineru,erp2024_table3,T2,S,baseline,erp2024_table3#5,table_cell,48,0,0
mineru,erp2024_table3,T2,S,baseline,erp2024_table3#6,table_cell,48,0,0
mineru,erp2024_table3,T2,S,baseline,erp2024_table3#7,table_multi_row,48,0,0
mineru,erp2024_table3,T2,S,baseline,erp2024_table3#8,table_cell,48,0,0
mineru,erp2024_table3,T2,S,baseline,erp2024_table3#9,table_cell,48,0,0
mineru,erp2024_table3,T2,S,baseline,erp2024_table3#10,table_cell,48,0,0
mineru,gen_t2_long,T2,S,baseline,gen_t2_long#1,table_cell,18,1,1
mineru,gen_t2_long,T2,S,baseline,gen_t2_long#2,table_cell,18,1,1
mineru,gen_t2_long,T2,S,baseline,gen_t2_long#3,table_cell,18,1,1
mineru,gen_t2_long,T2,S,baseline,gen_t2_long#4,table_cell,18,1,1
mineru,gen_t2_merged,T2,S,baseline,gen_t2_merged#1,table_cell,3,1,1
mineru,gen_t2_rotated,T2,S,baseline,gen_t2_rotated#1,table_cell,4,1,1
mineru,gen_t2_rotated,T2,S,baseline,gen_t2_rotated#2,table_cell,4,1,1
mineru,gen_t2_simple,T2,S,baseline,gen_t2_simple#1,table_cell,3,1,1
mineru,gen_t2_simple,T2,S,baseline,gen_t2_simple#2,table_cell,3,1,1
mineru,gen_t2_simple,T2,S,baseline,gen_t2_simple#3,table_cell,3,1,1
mineru,gen_t4_bar,T4,S,baseline,gen_t4_bar#1,figure,1,0,0
mineru,gen_t4_flow,T4,S,baseline,gen_t4_flow#1,figure,1,0,0
mineru,gen_t4_line,T4,S,baseline,gen_t4_line#1,figure,1,0,0
mineru,gen_t4_mixed,T4,S,baseline,gen_t4_mixed#1,table_cell,4,1,1
mineru,nasa_se_handbook,T4,XL,baseline,nasa_se_handbook#1,lookup,852,1,1
mineru,nasa_se_handbook,T4,XL,baseline,nasa_se_handbook#2,lookup,852,1,1
mineru,nasa_se_handbook,T4,XL,baseline,nasa_se_handbook#3,figure,852,0,0
mineru,nasa_se_handbook,T4,XL,baseline,nasa_se_handbook#4,lookup,852,1,1
mineru,nasa_se_handbook,T4,XL,baseline,nasa_se_handbook#5,lookup,852,1,1
mineru,nasa_se_handbook,T4,XL,baseline,nasa_se_handbook#6,table_multi_row,852,1,1
mineru,nasa_se_handbook,T4,XL,baseline,nasa_se_handbook#7,lookup,852,1,1
mineru,nasa_se_handbook,T4,XL,baseline,nasa_se_handbook#8,lookup,852,1,1
mineru,nasa_se_handbook,T4,XL,baseline,nasa_se_handbook#9,lookup,852,1,1
mineru,nasa_se_handbook,T4,XL,baseline,nasa_se_handbook#10,lookup,852,1,1
mineru,nasa_se_handbook,T4,XL,baseline,nasa_se_handbook#11,lookup,852,1,1
mineru,nasa_se_handbook,T4,XL,baseline,nasa_se_handbook#12,lookup,852,1,1
mineru,nasa_tm100396,T4,L,baseline,nasa_tm100396#1,lookup,416,1,1
mineru,nasa_tm100396,T4,L,baseline,nasa_tm100396#2,lookup,416,1,1
mineru,nasa_tm100396,T4,L,baseline,nasa_tm100396#3,lookup,416,1,1
mineru,nasa_tm100396,T4,L,baseline,nasa_tm100396#4,lookup,416,1,1
mineru,nasa_tm100396,T4,L,baseline,nasa_tm100396#5,lookup,416,1,1
mineru,nasa_tm100396,T4,L,baseline,nasa_tm100396#6,lookup,416,1,1
mineru,nasa_tm100396,T4,L,baseline,nasa_tm100396#7,lookup,416,1,1
mineru,nasa_tm100396,T4,L,baseline,nasa_tm100396#8,lookup,416,1,1
mineru,nasa_tm100396,T4,L,baseline,nasa_tm100396#9,lookup,416,1,1
mineru,nasa_tm100396,T4,L,baseline,nasa_tm100396#10,cross_page,416,0,0
mineru,nasa_tm100396,T4,L,baseline,nasa_tm100396#11,lookup,416,1,1
mineru,nasa_tm100396,T4,L,baseline,nasa_tm100396#12,table_cell,416,1,1
mineru,nasa_tm104114,T4,XL,baseline,nasa_tm104114#1,lookup,159,1,1
mineru,nasa_tm104114,T4,XL,baseline,nasa_tm104114#2,lookup,159,1,1
mineru,nasa_tm104114,T4,XL,baseline,nasa_tm104114#3,lookup,159,0,0
mineru,nasa_tm104114,T4,XL,baseline,nasa_tm104114#4,table_cell,159,1,1
mineru,nasa_tm104114,T4,XL,baseline,nasa_tm104114#5,table_cell,159,1,1
mineru,nasa_tm104114,T4,XL,baseline,nasa_tm104114#6,table_cell,159,1,1
mineru,nasa_tm104114,T4,XL,baseline,nasa_tm104114#7,table_cell,159,1,1
mineru,nasa_tm104114,T4,XL,baseline,nasa_tm104114#8,lookup,159,0,0
mineru,nasa_tm104114,T4,XL,baseline,nasa_tm104114#9,lookup,159,1,1
mineru,nasa_tm104114,T4,XL,baseline,nasa_tm104114#10,lookup,159,1,1
mineru,nasa_tm104114,T4,XL,baseline,nasa_tm104114#11,lookup,159,1,1
mineru,nasa_tm_x9471,T4,M,baseline,nasa_tm_x9471#1,lookup,15,1,1
mineru,nasa_tm_x9471,T4,M,baseline,nasa_tm_x9471#2,lookup,15,1,1
mineru,nasa_tm_x9471,T4,M,baseline,nasa_tm_x9471#3,lookup,15,1,1
mineru,nasa_tm_x9471,T4,M,baseline,nasa_tm_x9471#4,lookup,15,1,1
mineru,nasa_tm_x9471,T4,M,baseline,nasa_tm_x9471#5,lookup,15,1,1
mineru,nasa_tm_x9471,T4,M,baseline,nasa_tm_x9471#6,lookup,15,1,1
mineru,nasa_tm_x9471,T4,M,baseline,nasa_tm_x9471#7,lookup,15,1,1
mineru,nasa_tm_x9471,T4,M,baseline,nasa_tm_x9471#8,lookup,15,1,1
mineru,nasa_tm_x9471,T4,M,baseline,nasa_tm_x9471#9,lookup,15,1,1
mineru,nasa_tm_x9471,T4,M,baseline,nasa_tm_x9471#10,figure,15,0,0
mineru,nasa_tm_x9471,T4,M,baseline,nasa_tm_x9471#11,figure,15,0,0
mineru,nasa_tm_x9471,T4,M,baseline,nasa_tm_x9471#12,figure,15,0,0
mineru,nasa_webb_factsheet,T4,S,baseline,nasa_webb_factsheet#1,lookup,5,1,1
mineru,nasa_webb_factsheet,T4,S,baseline,nasa_webb_factsheet#2,lookup,5,1,1
mineru,nasa_webb_factsheet,T4,S,baseline,nasa_webb_factsheet#3,lookup,5,1,1
mineru,nasa_webb_factsheet,T4,S,baseline,nasa_webb_factsheet#4,lookup,5,1,1
mineru,nasa_webb_factsheet,T4,S,baseline,nasa_webb_factsheet#5,lookup,5,1,1
mineru,nasa_webb_factsheet,T4,S,baseline,nasa_webb_factsheet#6,lookup,5,1,1
mineru,nasa_webb_factsheet,T4,S,baseline,nasa_webb_factsheet#7,lookup,5,1,1
mineru,nasa_webb_factsheet,T4,S,baseline,nasa_webb_factsheet#8,table_multi_row,5,1,1
mineru,nasa_webb_factsheet,T4,S,baseline,nasa_webb_factsheet#9,figure,5,1,1
mineru,nasa_webb_factsheet,T4,S,baseline,nasa_webb_factsheet#10,figure,5,1,1
mineru,nasa_webb_factsheet,T4,S,baseline,nasa_webb_factsheet#11,figure,5,1,1
mineru,nasa_webb_factsheet,T4,S,baseline,nasa_webb_factsheet#12,figure,5,1,1
mineru,p60_282,T2,L,baseline,p60_282#1,lookup,613,1,1
mineru,p60_282,T2,L,baseline,p60_282#2,lookup,613,1,1
mineru,p60_282,T2,L,baseline,p60_282#3,lookup,613,0,0
mineru,p60_282,T2,L,baseline,p60_282#4,table_cell,613,1,1
mineru,p60_282,T2,L,baseline,p60_282#5,table_cell,613,1,1
mineru,p60_282,T2,L,baseline,p60_282#6,table_cell,613,1,1
mineru,p60_282,T2,L,baseline,p60_282#7,table_cell,613,0,0
mineru,p60_282,T2,L,baseline,p60_282#8,lookup,613,1,1
mineru,p60_282,T2,L,baseline,p60_282#9,lookup,613,1,1
mineru,p60_282,T2,L,baseline,p60_282#10,table_cell,613,0,0
mineru,p60_282,T2,L,baseline,p60_282#11,table_cell,613,1,1
mineru,p60_282,T2,L,baseline,p60_282#12,table_cell,613,1,1
mineru,p60_282,T2,L,baseline,p60_282#13,table_multi_row,613,1,1
mineru,rfc9110,T1,XL,baseline,rfc9110#1,lookup,479,1,1
mineru,rfc9110,T1,XL,baseline,rfc9110#2,lookup,479,0,0
mineru,rfc9110,T1,XL,baseline,rfc9110#3,lookup,479,1,1
mineru,rfc9110,T1,XL,baseline,rfc9110#4,table_cell,479,1,1
mineru,rfc9110,T1,XL,baseline,rfc9110#5,table_cell,479,1,1
mineru,rfc9110,T1,XL,baseline,rfc9110#6,table_multi_row,479,1,1
mineru,rfc9110,T1,XL,baseline,rfc9110#7,lookup,479,1,1
mineru,rfc9110,T1,XL,baseline,rfc9110#8,lookup,479,1,1
mineru,rfc9110,T1,XL,baseline,rfc9110#9,lookup,479,1,1
mineru,rfc9110,T1,XL,baseline,rfc9110#10,lookup,479,1,1
mineru,rfc9110,T1,XL,baseline,rfc9110#11,lookup,479,1,1
mineru,rfc9110,T1,XL,baseline,rfc9110#12,lookup,479,1,1
mineru,rfc9112,T1,L,baseline,rfc9112#1,lookup,117,1,1
mineru,rfc9112,T1,L,baseline,rfc9112#2,lookup,117,1,1
mineru,rfc9112,T1,L,baseline,rfc9112#3,lookup,117,0,0
mineru,rfc9112,T1,L,baseline,rfc9112#4,lookup,117,1,1
mineru,rfc9112,T1,L,baseline,rfc9112#5,lookup,117,1,1
mineru,rfc9112,T1,L,baseline,rfc9112#6,cross_page,117,1,1
mineru,rfc9112,T1,L,baseline,rfc9112#7,lookup,117,1,1
mineru,rfc9112,T1,L,baseline,rfc9112#8,lookup,117,1,1
mineru,rfc9112,T1,L,baseline,rfc9112#9,lookup,117,1,1
mineru,rfc9112,T1,L,baseline,rfc9112#10,lookup,117,1,1
mineru,rfc9112,T1,L,baseline,rfc9112#11,lookup,117,1,1
mineru,rfc9112,T1,L,baseline,rfc9112#12,lookup,117,1,1
mineru,rfc9112,T1,L,baseline,rfc9112#13,lookup,117,1,1
mineru,rfc9112,T1,L,baseline,rfc9112#14,lookup,117,1,1
mineru,rfc9112,T1,L,baseline,rfc9112#15,lookup,117,1,1
mineru,rfc9112,T1,L,baseline,rfc9112#16,lookup,117,1,1
mineru,rfc9158,T1,S,baseline,rfc9158#1,lookup,12,1,1
mineru,rfc9158,T1,S,baseline,rfc9158#2,lookup,12,1,1
mineru,rfc9158,T1,S,baseline,rfc9158#3,lookup,12,1,1
mineru,rfc9158,T1,S,baseline,rfc9158#4,lookup,12,1,1
mineru,rfc9158,T1,S,baseline,rfc9158#5,table_multi_row,12,1,1
mineru,rfc9158,T1,S,baseline,rfc9158#6,table_cell,12,1,1
mineru,rfc9158,T1,S,baseline,rfc9158#7,lookup,12,1,1
mineru,rfc9158,T1,S,baseline,rfc9158#8,lookup,12,1,1
mineru,rfc9158,T1,S,baseline,rfc9158#9,cross_page,12,0,0
mineru,rfc9457,T1,M,baseline,rfc9457#1,lookup,45,1,1
mineru,rfc9457,T1,M,baseline,rfc9457#2,lookup,45,1,1
mineru,rfc9457,T1,M,baseline,rfc9457#3,lookup,45,1,1
mineru,rfc9457,T1,M,baseline,rfc9457#4,lookup,45,1,1
mineru,rfc9457,T1,M,baseline,rfc9457#5,lookup,45,1,1
mineru,rfc9457,T1,M,baseline,rfc9457#6,lookup,45,1,1
mineru,rfc9457,T1,M,baseline,rfc9457#7,lookup,45,1,1
mineru,rfc9457,T1,M,baseline,rfc9457#8,lookup,45,1,1
mineru,rfc9457,T1,M,baseline,rfc9457#9,lookup,45,1,1
mineru,rfc9457,T1,M,baseline,rfc9457#10,lookup,45,1,1
mineru,rfc9457,T1,M,baseline,rfc9457#11,lookup,45,1,1
mineru,scan_acsbr_023,T3,M,baseline,scan_acsbr_023#1,lookup,62,1,1
mineru,scan_acsbr_023,T3,M,baseline,scan_acsbr_023#2,lookup,62,1,1
mineru,scan_acsbr_023,T3,M,baseline,scan_acsbr_023#3,lookup,62,1,1
mineru,scan_acsbr_023,T3,M,baseline,scan_acsbr_023#4,lookup,62,1,1
mineru,scan_acsbr_023,T3,M,baseline,scan_acsbr_023#5,lookup,62,1,1
mineru,scan_acsbr_023,T3,M,baseline,scan_acsbr_023#6,lookup,62,1,1
mineru,scan_acsbr_023,T3,M,baseline,scan_acsbr_023#7,table_cell,62,1,1
mineru,scan_acsbr_023,T3,M,baseline,scan_acsbr_023#8,table_cell,62,0,0
mineru,scan_acsbr_023,T3,M,baseline,scan_acsbr_023#9,table_cell,62,0,0
mineru,scan_acsbr_023,T3,M,baseline,scan_acsbr_023#10,table_cell,62,1,1
mineru,scan_acsbr_023,T3,M,baseline,scan_acsbr_023#11,table_multi_row,62,0,1
mineru,scan_acsbr_023,T3,M,baseline,scan_acsbr_023#12,table_cell,62,1,1
mineru,scan_p60_282,T3,L,baseline,scan_p60_282#1,lookup,635,1,1
mineru,scan_p60_282,T3,L,baseline,scan_p60_282#2,lookup,635,1,1
mineru,scan_p60_282,T3,L,baseline,scan_p60_282#3,lookup,635,0,0
mineru,scan_p60_282,T3,L,baseline,scan_p60_282#4,table_cell,635,1,1
mineru,scan_p60_282,T3,L,baseline,scan_p60_282#5,table_cell,635,1,1
mineru,scan_p60_282,T3,L,baseline,scan_p60_282#6,table_cell,635,1,1
mineru,scan_p60_282,T3,L,baseline,scan_p60_282#7,table_cell,635,0,0
mineru,scan_p60_282,T3,L,baseline,scan_p60_282#8,lookup,635,1,1
mineru,scan_p60_282,T3,L,baseline,scan_p60_282#9,lookup,635,1,1
mineru,scan_p60_282,T3,L,baseline,scan_p60_282#10,table_cell,635,0,0
mineru,scan_p60_282,T3,L,baseline,scan_p60_282#11,table_cell,635,1,1
mineru,scan_p60_282,T3,L,baseline,scan_p60_282#12,table_cell,635,0,1
mineru,scan_p60_282,T3,L,baseline,scan_p60_282#13,table_multi_row,635,1,1
mineru,scan_rfc9110,T3,XL,baseline,scan_rfc9110#1,lookup,482,1,1
mineru,scan_rfc9110,T3,XL,baseline,scan_rfc9110#2,lookup,482,0,0
mineru,scan_rfc9110,T3,XL,baseline,scan_rfc9110#3,lookup,482,1,1
mineru,scan_rfc9110,T3,XL,baseline,scan_rfc9110#4,table_cell,482,1,1
mineru,scan_rfc9110,T3,XL,baseline,scan_rfc9110#5,table_cell,482,1,1
mineru,scan_rfc9110,T3,XL,baseline,scan_rfc9110#6,table_multi_row,482,1,1
mineru,scan_rfc9110,T3,XL,baseline,scan_rfc9110#7,lookup,482,1,1
mineru,scan_rfc9110,T3,XL,baseline,scan_rfc9110#8,lookup,482,1,1
mineru,scan_rfc9110,T3,XL,baseline,scan_rfc9110#9,lookup,482,1,1
mineru,scan_rfc9110,T3,XL,baseline,scan_rfc9110#10,lookup,482,1,1
mineru,scan_rfc9110,T3,XL,baseline,scan_rfc9110#11,lookup,482,1,1
mineru,scan_rfc9110,T3,XL,baseline,scan_rfc9110#12,lookup,482,1,1
mineru,scan_rfc9158,T3,S,baseline,scan_rfc9158#1,lookup,11,1,1
mineru,scan_rfc9158,T3,S,baseline,scan_rfc9158#2,lookup,11,1,1
mineru,scan_rfc9158,T3,S,baseline,scan_rfc9158#3,lookup,11,1,1
mineru,scan_rfc9158,T3,S,baseline,scan_rfc9158#4,lookup,11,1,1
mineru,scan_rfc9158,T3,S,baseline,scan_rfc9158#5,table_multi_row,11,1,1
mineru,scan_rfc9158,T3,S,baseline,scan_rfc9158#6,table_cell,11,1,1
mineru,scan_rfc9158,T3,S,baseline,scan_rfc9158#7,lookup,11,1,1
mineru,scan_rfc9158,T3,S,baseline,scan_rfc9158#8,lookup,11,1,1
mineru,scan_rfc9158,T3,S,baseline,scan_rfc9158#9,cross_page,11,0,0
mineru,scan_rfc9457,T3,M,baseline,scan_rfc9457#1,lookup,40,1,1
mineru,scan_rfc9457,T3,M,baseline,scan_rfc9457#2,lookup,40,1,1
mineru,scan_rfc9457,T3,M,baseline,scan_rfc9457#3,lookup,40,1,1
mineru,scan_rfc9457,T3,M,baseline,scan_rfc9457#4,lookup,40,1,1
mineru,scan_rfc9457,T3,M,baseline,scan_rfc9457#5,lookup,40,1,1
mineru,scan_rfc9457,T3,M,baseline,scan_rfc9457#6,lookup,40,1,1
mineru,scan_rfc9457,T3,M,baseline,scan_rfc9457#7,lookup,40,1,1
mineru,scan_rfc9457,T3,M,baseline,scan_rfc9457#8,lookup,40,1,1
mineru,scan_rfc9457,T3,M,baseline,scan_rfc9457#9,lookup,40,1,1
mineru,scan_rfc9457,T3,M,baseline,scan_rfc9457#10,lookup,40,1,1
mineru,scan_rfc9457,T3,M,baseline,scan_rfc9457#11,lookup,40,1,1
pdfplumber,acsbr_023,T2,M,baseline,acsbr_023#1,lookup,36,1,1
pdfplumber,acsbr_023,T2,M,baseline,acsbr_023#2,lookup,36,1,1
pdfplumber,acsbr_023,T2,M,baseline,acsbr_023#3,lookup,36,1,1
pdfplumber,acsbr_023,T2,M,baseline,acsbr_023#4,lookup,36,1,1
pdfplumber,acsbr_023,T2,M,baseline,acsbr_023#5,lookup,36,1,1
pdfplumber,acsbr_023,T2,M,baseline,acsbr_023#6,lookup,36,1,1
pdfplumber,acsbr_023,T2,M,baseline,acsbr_023#7,table_cell,36,0,0
pdfplumber,acsbr_023,T2,M,baseline,acsbr_023#8,table_cell,36,0,0
pdfplumber,acsbr_023,T2,M,baseline,acsbr_023#9,table_cell,36,0,0
pdfplumber,acsbr_023,T2,M,baseline,acsbr_023#10,table_cell,36,1,1
pdfplumber,acsbr_023,T2,M,baseline,acsbr_023#11,table_multi_row,36,0,0
pdfplumber,acsbr_023,T2,M,baseline,acsbr_023#12,table_cell,36,1,1
pdfplumber,erp2024_full,T2,XL,baseline,erp2024_full#1,lookup,1321,1,1
pdfplumber,erp2024_full,T2,XL,baseline,erp2024_full#2,table_cell,1321,1,1
pdfplumber,erp2024_full,T2,XL,baseline,erp2024_full#3,lookup,1321,0,0
pdfplumber,erp2024_full,T2,XL,baseline,erp2024_full#4,table_cell,1321,1,1
pdfplumber,erp2024_full,T2,XL,baseline,erp2024_full#5,table_cell,1321,1,1
pdfplumber,erp2024_full,T2,XL,baseline,erp2024_full#6,table_cell,1321,1,1
pdfplumber,erp2024_full,T2,XL,baseline,erp2024_full#7,table_multi_row,1321,1,1
pdfplumber,erp2024_full,T2,XL,baseline,erp2024_full#8,lookup,1321,1,1
pdfplumber,erp2024_full,T2,XL,baseline,erp2024_full#9,lookup,1321,1,1
pdfplumber,erp2024_full,T2,XL,baseline,erp2024_full#10,table_cell,1321,1,1
pdfplumber,erp2024_full,T2,XL,baseline,erp2024_full#11,table_cell,1321,1,1
pdfplumber,erp2024_table1,T2,S,baseline,erp2024_table1#1,lookup,10,1,1
pdfplumber,erp2024_table1,T2,S,baseline,erp2024_table1#2,table_cell,10,1,1
pdfplumber,erp2024_table1,T2,S,baseline,erp2024_table1#3,table_cell,10,0,0
pdfplumber,erp2024_table1,T2,S,baseline,erp2024_table1#4,table_cell,10,0,0
pdfplumber,erp2024_table1,T2,S,baseline,erp2024_table1#5,table_cell,10,0,0
pdfplumber,erp2024_table1,T2,S,baseline,erp2024_table1#6,table_cell,10,0,0
pdfplumber,erp2024_table1,T2,S,baseline,erp2024_table1#7,table_cell,10,0,0
pdfplumber,erp2024_table1,T2,S,baseline,erp2024_table1#8,lookup,10,1,1
pdfplumber,erp2024_table1,T2,S,baseline,erp2024_table1#9,lookup,10,1,1
pdfplumber,erp2024_table3,T2,S,baseline,erp2024_table3#1,lookup,19,1,1
pdfplumber,erp2024_table3,T2,S,baseline,erp2024_table3#2,lookup,19,1,1
pdfplumber,erp2024_table3,T2,S,baseline,erp2024_table3#3,table_cell,19,0,0
pdfplumber,erp2024_table3,T2,S,baseline,erp2024_table3#4,table_cell,19,0,0
pdfplumber,erp2024_table3,T2,S,baseline,erp2024_table3#5,table_cell,19,0,0
pdfplumber,erp2024_table3,T2,S,baseline,erp2024_table3#6,table_cell,19,0,0
pdfplumber,erp2024_table3,T2,S,baseline,erp2024_table3#7,table_multi_row,19,0,0
pdfplumber,erp2024_table3,T2,S,baseline,erp2024_table3#8,table_cell,19,0,0
pdfplumber,erp2024_table3,T2,S,baseline,erp2024_table3#9,table_cell,19,0,0
pdfplumber,erp2024_table3,T2,S,baseline,erp2024_table3#10,table_cell,19,0,0
pdfplumber,gen_t2_long,T2,S,baseline,gen_t2_long#1,table_cell,6,1,1
pdfplumber,gen_t2_long,T2,S,baseline,gen_t2_long#2,table_cell,6,1,1
pdfplumber,gen_t2_long,T2,S,baseline,gen_t2_long#3,table_cell,6,1,1
pdfplumber,gen_t2_long,T2,S,baseline,gen_t2_long#4,table_cell,6,1,1
pdfplumber,gen_t2_merged,T2,S,baseline,gen_t2_merged#1,table_cell,2,1,1
pdfplumber,gen_t2_rotated,T2,S,baseline,gen_t2_rotated#1,table_cell,2,1,1
pdfplumber,gen_t2_rotated,T2,S,baseline,gen_t2_rotated#2,table_cell,2,1,1
pdfplumber,gen_t2_simple,T2,S,baseline,gen_t2_simple#1,table_cell,2,1,1
pdfplumber,gen_t2_simple,T2,S,baseline,gen_t2_simple#2,table_cell,2,1,1
pdfplumber,gen_t2_simple,T2,S,baseline,gen_t2_simple#3,table_cell,2,1,1
pdfplumber,gen_t4_bar,T4,S,baseline,gen_t4_bar#1,figure,1,0,0
pdfplumber,gen_t4_flow,T4,S,baseline,gen_t4_flow#1,figure,1,0,0
pdfplumber,gen_t4_line,T4,S,baseline,gen_t4_line#1,figure,1,0,0
pdfplumber,gen_t4_mixed,T4,S,baseline,gen_t4_mixed#1,table_cell,2,1,1
pdfplumber,nasa_se_handbook,T4,XL,baseline,nasa_se_handbook#1,lookup,1165,1,1
pdfplumber,nasa_se_handbook,T4,XL,baseline,nasa_se_handbook#2,lookup,1165,1,1
pdfplumber,nasa_se_handbook,T4,XL,baseline,nasa_se_handbook#3,figure,1165,1,1
pdfplumber,nasa_se_handbook,T4,XL,baseline,nasa_se_handbook#4,lookup,1165,0,0
pdfplumber,nasa_se_handbook,T4,XL,baseline,nasa_se_handbook#5,lookup,1165,1,1
pdfplumber,nasa_se_handbook,T4,XL,baseline,nasa_se_handbook#6,table_multi_row,1165,1,1
pdfplumber,nasa_se_handbook,T4,XL,baseline,nasa_se_handbook#7,lookup,1165,1,1
pdfplumber,nasa_se_handbook,T4,XL,baseline,nasa_se_handbook#8,lookup,1165,1,1
pdfplumber,nasa_se_handbook,T4,XL,baseline,nasa_se_handbook#9,lookup,1165,1,1
pdfplumber,nasa_se_handbook,T4,XL,baseline,nasa_se_handbook#10,lookup,1165,1,1
pdfplumber,nasa_se_handbook,T4,XL,baseline,nasa_se_handbook#11,lookup,1165,1,1
pdfplumber,nasa_se_handbook,T4,XL,baseline,nasa_se_handbook#12,lookup,1165,1,1
pdfplumber,nasa_tm100396,T4,L,baseline,nasa_tm100396#1,lookup,112,1,1
pdfplumber,nasa_tm100396,T4,L,baseline,nasa_tm100396#2,lookup,112,1,1
pdfplumber,nasa_tm100396,T4,L,baseline,nasa_tm100396#3,lookup,112,1,1
pdfplumber,nasa_tm100396,T4,L,baseline,nasa_tm100396#4,lookup,112,1,1
pdfplumber,nasa_tm100396,T4,L,baseline,nasa_tm100396#5,lookup,112,1,1
pdfplumber,nasa_tm100396,T4,L,baseline,nasa_tm100396#6,lookup,112,1,1
pdfplumber,nasa_tm100396,T4,L,baseline,nasa_tm100396#7,lookup,112,1,1
pdfplumber,nasa_tm100396,T4,L,baseline,nasa_tm100396#8,lookup,112,1,1
pdfplumber,nasa_tm100396,T4,L,baseline,nasa_tm100396#9,lookup,112,1,1
pdfplumber,nasa_tm100396,T4,L,baseline,nasa_tm100396#10,cross_page,112,0,0
pdfplumber,nasa_tm100396,T4,L,baseline,nasa_tm100396#11,lookup,112,1,1
pdfplumber,nasa_tm100396,T4,L,baseline,nasa_tm100396#12,table_cell,112,1,1
pdfplumber,nasa_tm104114,T4,XL,baseline,nasa_tm104114#1,lookup,93,1,1
pdfplumber,nasa_tm104114,T4,XL,baseline,nasa_tm104114#2,lookup,93,1,1
pdfplumber,nasa_tm104114,T4,XL,baseline,nasa_tm104114#3,lookup,93,1,1
pdfplumber,nasa_tm104114,T4,XL,baseline,nasa_tm104114#4,table_cell,93,1,1
pdfplumber,nasa_tm104114,T4,XL,baseline,nasa_tm104114#5,table_cell,93,1,1
pdfplumber,nasa_tm104114,T4,XL,baseline,nasa_tm104114#6,table_cell,93,1,1
pdfplumber,nasa_tm104114,T4,XL,baseline,nasa_tm104114#7,table_cell,93,1,1
pdfplumber,nasa_tm104114,T4,XL,baseline,nasa_tm104114#8,lookup,93,1,1
pdfplumber,nasa_tm104114,T4,XL,baseline,nasa_tm104114#9,lookup,93,1,1
pdfplumber,nasa_tm104114,T4,XL,baseline,nasa_tm104114#10,lookup,93,1,1
pdfplumber,nasa_tm104114,T4,XL,baseline,nasa_tm104114#11,lookup,93,1,1
pdfplumber,nasa_tm_x9471,T4,M,baseline,nasa_tm_x9471#1,lookup,6,1,1
pdfplumber,nasa_tm_x9471,T4,M,baseline,nasa_tm_x9471#2,lookup,6,1,1
pdfplumber,nasa_tm_x9471,T4,M,baseline,nasa_tm_x9471#3,lookup,6,1,1
pdfplumber,nasa_tm_x9471,T4,M,baseline,nasa_tm_x9471#4,lookup,6,1,1
pdfplumber,nasa_tm_x9471,T4,M,baseline,nasa_tm_x9471#5,lookup,6,1,1
pdfplumber,nasa_tm_x9471,T4,M,baseline,nasa_tm_x9471#6,lookup,6,1,1
pdfplumber,nasa_tm_x9471,T4,M,baseline,nasa_tm_x9471#7,lookup,6,1,1
pdfplumber,nasa_tm_x9471,T4,M,baseline,nasa_tm_x9471#8,lookup,6,1,1
pdfplumber,nasa_tm_x9471,T4,M,baseline,nasa_tm_x9471#9,lookup,6,1,1
pdfplumber,nasa_tm_x9471,T4,M,baseline,nasa_tm_x9471#10,figure,6,0,0
pdfplumber,nasa_tm_x9471,T4,M,baseline,nasa_tm_x9471#11,figure,6,0,0
pdfplumber,nasa_tm_x9471,T4,M,baseline,nasa_tm_x9471#12,figure,6,0,0
pdfplumber,nasa_webb_factsheet,T4,S,baseline,nasa_webb_factsheet#1,lookup,2,1,1
pdfplumber,nasa_webb_factsheet,T4,S,baseline,nasa_webb_factsheet#2,lookup,2,1,1
pdfplumber,nasa_webb_factsheet,T4,S,baseline,nasa_webb_factsheet#3,lookup,2,1,1
pdfplumber,nasa_webb_factsheet,T4,S,baseline,nasa_webb_factsheet#4,lookup,2,1,1
pdfplumber,nasa_webb_factsheet,T4,S,baseline,nasa_webb_factsheet#5,lookup,2,1,1
pdfplumber,nasa_webb_factsheet,T4,S,baseline,nasa_webb_factsheet#6,lookup,2,1,1
pdfplumber,nasa_webb_factsheet,T4,S,baseline,nasa_webb_factsheet#7,lookup,2,1,1
pdfplumber,nasa_webb_factsheet,T4,S,baseline,nasa_webb_factsheet#8,table_multi_row,2,1,1
pdfplumber,nasa_webb_factsheet,T4,S,baseline,nasa_webb_factsheet#9,figure,2,0,0
pdfplumber,nasa_webb_factsheet,T4,S,baseline,nasa_webb_factsheet#10,figure,2,0,0
pdfplumber,nasa_webb_factsheet,T4,S,baseline,nasa_webb_factsheet#11,figure,2,0,0
pdfplumber,nasa_webb_factsheet,T4,S,baseline,nasa_webb_factsheet#12,figure,2,0,0
pdfplumber,p60_282,T2,L,baseline,p60_282#1,lookup,331,1,1
pdfplumber,p60_282,T2,L,baseline,p60_282#2,lookup,331,1,1
pdfplumber,p60_282,T2,L,baseline,p60_282#3,lookup,331,1,1
pdfplumber,p60_282,T2,L,baseline,p60_282#4,table_cell,331,1,1
pdfplumber,p60_282,T2,L,baseline,p60_282#5,table_cell,331,1,1
pdfplumber,p60_282,T2,L,baseline,p60_282#6,table_cell,331,1,1
pdfplumber,p60_282,T2,L,baseline,p60_282#7,table_cell,331,0,0
pdfplumber,p60_282,T2,L,baseline,p60_282#8,lookup,331,1,1
pdfplumber,p60_282,T2,L,baseline,p60_282#9,lookup,331,1,1
pdfplumber,p60_282,T2,L,baseline,p60_282#10,table_cell,331,0,0
pdfplumber,p60_282,T2,L,baseline,p60_282#11,table_cell,331,0,0
pdfplumber,p60_282,T2,L,baseline,p60_282#12,table_cell,331,0,0
pdfplumber,p60_282,T2,L,baseline,p60_282#13,table_multi_row,331,0,0
pdfplumber,rfc9110,T1,XL,baseline,rfc9110#1,lookup,317,1,1
pdfplumber,rfc9110,T1,XL,baseline,rfc9110#2,lookup,317,1,1
pdfplumber,rfc9110,T1,XL,baseline,rfc9110#3,lookup,317,1,1
pdfplumber,rfc9110,T1,XL,baseline,rfc9110#4,table_cell,317,0,1
pdfplumber,rfc9110,T1,XL,baseline,rfc9110#5,table_cell,317,1,1
pdfplumber,rfc9110,T1,XL,baseline,rfc9110#6,table_multi_row,317,1,1
pdfplumber,rfc9110,T1,XL,baseline,rfc9110#7,lookup,317,1,1
pdfplumber,rfc9110,T1,XL,baseline,rfc9110#8,lookup,317,1,1
pdfplumber,rfc9110,T1,XL,baseline,rfc9110#9,lookup,317,1,1
pdfplumber,rfc9110,T1,XL,baseline,rfc9110#10,lookup,317,1,1
pdfplumber,rfc9110,T1,XL,baseline,rfc9110#11,lookup,317,1,1
pdfplumber,rfc9110,T1,XL,baseline,rfc9110#12,lookup,317,1,1
pdfplumber,rfc9112,T1,L,baseline,rfc9112#1,lookup,73,1,1
pdfplumber,rfc9112,T1,L,baseline,rfc9112#2,lookup,73,1,1
pdfplumber,rfc9112,T1,L,baseline,rfc9112#3,lookup,73,1,1
pdfplumber,rfc9112,T1,L,baseline,rfc9112#4,lookup,73,1,1
pdfplumber,rfc9112,T1,L,baseline,rfc9112#5,lookup,73,1,1
pdfplumber,rfc9112,T1,L,baseline,rfc9112#6,cross_page,73,1,1
pdfplumber,rfc9112,T1,L,baseline,rfc9112#7,lookup,73,1,1
pdfplumber,rfc9112,T1,L,baseline,rfc9112#8,lookup,73,1,1
pdfplumber,rfc9112,T1,L,baseline,rfc9112#9,lookup,73,1,1
pdfplumber,rfc9112,T1,L,baseline,rfc9112#10,lookup,73,1,1
pdfplumber,rfc9112,T1,L,baseline,rfc9112#11,lookup,73,1,1
pdfplumber,rfc9112,T1,L,baseline,rfc9112#12,lookup,73,1,1
pdfplumber,rfc9112,T1,L,baseline,rfc9112#13,lookup,73,1,1
pdfplumber,rfc9112,T1,L,baseline,rfc9112#14,lookup,73,1,1
pdfplumber,rfc9112,T1,L,baseline,rfc9112#15,lookup,73,1,1
pdfplumber,rfc9112,T1,L,baseline,rfc9112#16,lookup,73,1,1
pdfplumber,rfc9158,T1,S,baseline,rfc9158#1,lookup,6,1,1
pdfplumber,rfc9158,T1,S,baseline,rfc9158#2,lookup,6,1,1
pdfplumber,rfc9158,T1,S,baseline,rfc9158#3,lookup,6,1,1
pdfplumber,rfc9158,T1,S,baseline,rfc9158#4,lookup,6,1,1
pdfplumber,rfc9158,T1,S,baseline,rfc9158#5,table_multi_row,6,0,1
pdfplumber,rfc9158,T1,S,baseline,rfc9158#6,table_cell,6,1,1
pdfplumber,rfc9158,T1,S,baseline,rfc9158#7,lookup,6,1,1
pdfplumber,rfc9158,T1,S,baseline,rfc9158#8,lookup,6,1,1
pdfplumber,rfc9158,T1,S,baseline,rfc9158#9,cross_page,6,0,0
pdfplumber,rfc9457,T1,M,baseline,rfc9457#1,lookup,24,1,1
pdfplumber,rfc9457,T1,M,baseline,rfc9457#2,lookup,24,1,1
pdfplumber,rfc9457,T1,M,baseline,rfc9457#3,lookup,24,1,1
pdfplumber,rfc9457,T1,M,baseline,rfc9457#4,lookup,24,1,1
pdfplumber,rfc9457,T1,M,baseline,rfc9457#5,lookup,24,1,1
pdfplumber,rfc9457,T1,M,baseline,rfc9457#6,lookup,24,1,1
pdfplumber,rfc9457,T1,M,baseline,rfc9457#7,lookup,24,1,1
pdfplumber,rfc9457,T1,M,baseline,rfc9457#8,lookup,24,1,1
pdfplumber,rfc9457,T1,M,baseline,rfc9457#9,lookup,24,1,1
pdfplumber,rfc9457,T1,M,baseline,rfc9457#10,lookup,24,1,1
pdfplumber,rfc9457,T1,M,baseline,rfc9457#11,lookup,24,1,1
pdfplumber,scan_acsbr_023,T3,M,baseline,scan_acsbr_023#1,lookup,0,0,0
pdfplumber,scan_acsbr_023,T3,M,baseline,scan_acsbr_023#2,lookup,0,0,0
pdfplumber,scan_acsbr_023,T3,M,baseline,scan_acsbr_023#3,lookup,0,0,0
pdfplumber,scan_acsbr_023,T3,M,baseline,scan_acsbr_023#4,lookup,0,0,0
pdfplumber,scan_acsbr_023,T3,M,baseline,scan_acsbr_023#5,lookup,0,0,0
pdfplumber,scan_acsbr_023,T3,M,baseline,scan_acsbr_023#6,lookup,0,0,0
pdfplumber,scan_acsbr_023,T3,M,baseline,scan_acsbr_023#7,table_cell,0,0,0
pdfplumber,scan_acsbr_023,T3,M,baseline,scan_acsbr_023#8,table_cell,0,0,0
pdfplumber,scan_acsbr_023,T3,M,baseline,scan_acsbr_023#9,table_cell,0,0,0
pdfplumber,scan_acsbr_023,T3,M,baseline,scan_acsbr_023#10,table_cell,0,0,0
pdfplumber,scan_acsbr_023,T3,M,baseline,scan_acsbr_023#11,table_multi_row,0,0,0
pdfplumber,scan_acsbr_023,T3,M,baseline,scan_acsbr_023#12,table_cell,0,0,0
pdfplumber,scan_p60_282,T3,L,baseline,scan_p60_282#1,lookup,0,0,0
pdfplumber,scan_p60_282,T3,L,baseline,scan_p60_282#2,lookup,0,0,0
pdfplumber,scan_p60_282,T3,L,baseline,scan_p60_282#3,lookup,0,0,0
pdfplumber,scan_p60_282,T3,L,baseline,scan_p60_282#4,table_cell,0,0,0
pdfplumber,scan_p60_282,T3,L,baseline,scan_p60_282#5,table_cell,0,0,0
pdfplumber,scan_p60_282,T3,L,baseline,scan_p60_282#6,table_cell,0,0,0
pdfplumber,scan_p60_282,T3,L,baseline,scan_p60_282#7,table_cell,0,0,0
pdfplumber,scan_p60_282,T3,L,baseline,scan_p60_282#8,lookup,0,0,0
pdfplumber,scan_p60_282,T3,L,baseline,scan_p60_282#9,lookup,0,0,0
pdfplumber,scan_p60_282,T3,L,baseline,scan_p60_282#10,table_cell,0,0,0
pdfplumber,scan_p60_282,T3,L,baseline,scan_p60_282#11,table_cell,0,0,0
pdfplumber,scan_p60_282,T3,L,baseline,scan_p60_282#12,table_cell,0,0,0
pdfplumber,scan_p60_282,T3,L,baseline,scan_p60_282#13,table_multi_row,0,0,0
pdfplumber,scan_rfc9110,T3,XL,baseline,scan_rfc9110#1,lookup,0,0,0
pdfplumber,scan_rfc9110,T3,XL,baseline,scan_rfc9110#2,lookup,0,0,0
pdfplumber,scan_rfc9110,T3,XL,baseline,scan_rfc9110#3,lookup,0,0,0
pdfplumber,scan_rfc9110,T3,XL,baseline,scan_rfc9110#4,table_cell,0,0,0
pdfplumber,scan_rfc9110,T3,XL,baseline,scan_rfc9110#5,table_cell,0,0,0
pdfplumber,scan_rfc9110,T3,XL,baseline,scan_rfc9110#6,table_multi_row,0,0,0
pdfplumber,scan_rfc9110,T3,XL,baseline,scan_rfc9110#7,lookup,0,0,0
pdfplumber,scan_rfc9110,T3,XL,baseline,scan_rfc9110#8,lookup,0,0,0
pdfplumber,scan_rfc9110,T3,XL,baseline,scan_rfc9110#9,lookup,0,0,0
pdfplumber,scan_rfc9110,T3,XL,baseline,scan_rfc9110#10,lookup,0,0,0
pdfplumber,scan_rfc9110,T3,XL,baseline,scan_rfc9110#11,lookup,0,0,0
pdfplumber,scan_rfc9110,T3,XL,baseline,scan_rfc9110#12,lookup,0,0,0
pdfplumber,scan_rfc9158,T3,S,baseline,scan_rfc9158#1,lookup,0,0,0
pdfplumber,scan_rfc9158,T3,S,baseline,scan_rfc9158#2,lookup,0,0,0
pdfplumber,scan_rfc9158,T3,S,baseline,scan_rfc9158#3,lookup,0,0,0
pdfplumber,scan_rfc9158,T3,S,baseline,scan_rfc9158#4,lookup,0,0,0
pdfplumber,scan_rfc9158,T3,S,baseline,scan_rfc9158#5,table_multi_row,0,0,0
pdfplumber,scan_rfc9158,T3,S,baseline,scan_rfc9158#6,table_cell,0,0,0
pdfplumber,scan_rfc9158,T3,S,baseline,scan_rfc9158#7,lookup,0,0,0
pdfplumber,scan_rfc9158,T3,S,baseline,scan_rfc9158#8,lookup,0,0,0
pdfplumber,scan_rfc9158,T3,S,baseline,scan_rfc9158#9,cross_page,0,0,0
pdfplumber,scan_rfc9457,T3,M,baseline,scan_rfc9457#1,lookup,0,0,0
pdfplumber,scan_rfc9457,T3,M,baseline,scan_rfc9457#2,lookup,0,0,0
pdfplumber,scan_rfc9457,T3,M,baseline,scan_rfc9457#3,lookup,0,0,0
pdfplumber,scan_rfc9457,T3,M,baseline,scan_rfc9457#4,lookup,0,0,0
pdfplumber,scan_rfc9457,T3,M,baseline,scan_rfc9457#5,lookup,0,0,0
pdfplumber,scan_rfc9457,T3,M,baseline,scan_rfc9457#6,lookup,0,0,0
pdfplumber,scan_rfc9457,T3,M,baseline,scan_rfc9457#7,lookup,0,0,0
pdfplumber,scan_rfc9457,T3,M,baseline,scan_rfc9457#8,lookup,0,0,0
pdfplumber,scan_rfc9457,T3,M,baseline,scan_rfc9457#9,lookup,0,0,0
pdfplumber,scan_rfc9457,T3,M,baseline,scan_rfc9457#10,lookup,0,0,0
pdfplumber,scan_rfc9457,T3,M,baseline,scan_rfc9457#11,lookup,0,0,0
pymupdf,acsbr_023,T2,M,baseline,acsbr_023#1,lookup,28,1,1
pymupdf,acsbr_023,T2,M,baseline,acsbr_023#2,lookup,28,1,1
pymupdf,acsbr_023,T2,M,baseline,acsbr_023#3,lookup,28,1,1
pymupdf,acsbr_023,T2,M,baseline,acsbr_023#4,lookup,28,1,1
pymupdf,acsbr_023,T2,M,baseline,acsbr_023#5,lookup,28,1,1
pymupdf,acsbr_023,T2,M,baseline,acsbr_023#6,lookup,28,1,1
pymupdf,acsbr_023,T2,M,baseline,acsbr_023#7,table_cell,28,0,1
pymupdf,acsbr_023,T2,M,baseline,acsbr_023#8,table_cell,28,0,1
pymupdf,acsbr_023,T2,M,baseline,acsbr_023#9,table_cell,28,0,1
pymupdf,acsbr_023,T2,M,baseline,acsbr_023#10,table_cell,28,1,1
pymupdf,acsbr_023,T2,M,baseline,acsbr_023#11,table_multi_row,28,0,1
pymupdf,acsbr_023,T2,M,baseline,acsbr_023#12,table_cell,28,1,1
pymupdf,erp2024_full,T2,XL,baseline,erp2024_full#1,lookup,1637,1,1
pymupdf,erp2024_full,T2,XL,baseline,erp2024_full#2,table_cell,1637,1,1
pymupdf,erp2024_full,T2,XL,baseline,erp2024_full#3,lookup,1637,0,0
pymupdf,erp2024_full,T2,XL,baseline,erp2024_full#4,table_cell,1637,1,1
pymupdf,erp2024_full,T2,XL,baseline,erp2024_full#5,table_cell,1637,1,1
pymupdf,erp2024_full,T2,XL,baseline,erp2024_full#6,table_cell,1637,1,1
pymupdf,erp2024_full,T2,XL,baseline,erp2024_full#7,table_multi_row,1637,1,1
pymupdf,erp2024_full,T2,XL,baseline,erp2024_full#8,lookup,1637,1,1
pymupdf,erp2024_full,T2,XL,baseline,erp2024_full#9,lookup,1637,1,1
pymupdf,erp2024_full,T2,XL,baseline,erp2024_full#10,table_cell,1637,1,1
pymupdf,erp2024_full,T2,XL,baseline,erp2024_full#11,table_cell,1637,0,0
pymupdf,erp2024_table1,T2,S,baseline,erp2024_table1#1,lookup,28,1,1
pymupdf,erp2024_table1,T2,S,baseline,erp2024_table1#2,table_cell,28,1,1
pymupdf,erp2024_table1,T2,S,baseline,erp2024_table1#3,table_cell,28,1,1
pymupdf,erp2024_table1,T2,S,baseline,erp2024_table1#4,table_cell,28,1,1
pymupdf,erp2024_table1,T2,S,baseline,erp2024_table1#5,table_cell,28,1,1
pymupdf,erp2024_table1,T2,S,baseline,erp2024_table1#6,table_cell,28,1,1
pymupdf,erp2024_table1,T2,S,baseline,erp2024_table1#7,table_cell,28,1,1
pymupdf,erp2024_table1,T2,S,baseline,erp2024_table1#8,lookup,28,0,1
pymupdf,erp2024_table1,T2,S,baseline,erp2024_table1#9,lookup,28,1,1
pymupdf,erp2024_table3,T2,S,baseline,erp2024_table3#1,lookup,33,1,1
pymupdf,erp2024_table3,T2,S,baseline,erp2024_table3#2,lookup,33,1,1
pymupdf,erp2024_table3,T2,S,baseline,erp2024_table3#3,table_cell,33,1,1
pymupdf,erp2024_table3,T2,S,baseline,erp2024_table3#4,table_cell,33,1,1
pymupdf,erp2024_table3,T2,S,baseline,erp2024_table3#5,table_cell,33,0,1
pymupdf,erp2024_table3,T2,S,baseline,erp2024_table3#6,table_cell,33,0,1
pymupdf,erp2024_table3,T2,S,baseline,erp2024_table3#7,table_multi_row,33,0,0
pymupdf,erp2024_table3,T2,S,baseline,erp2024_table3#8,table_cell,33,1,1
pymupdf,erp2024_table3,T2,S,baseline,erp2024_table3#9,table_cell,33,0,1
pymupdf,erp2024_table3,T2,S,baseline,erp2024_table3#10,table_cell,33,1,1
pymupdf,gen_t2_long,T2,S,baseline,gen_t2_long#1,table_cell,4,1,1
pymupdf,gen_t2_long,T2,S,baseline,gen_t2_long#2,table_cell,4,1,1
pymupdf,gen_t2_long,T2,S,baseline,gen_t2_long#3,table_cell,4,1,1
pymupdf,gen_t2_long,T2,S,baseline,gen_t2_long#4,table_cell,4,1,1
pymupdf,gen_t2_merged,T2,S,baseline,gen_t2_merged#1,table_cell,1,1,1
pymupdf,gen_t2_rotated,T2,S,baseline,gen_t2_rotated#1,table_cell,1,1,1
pymupdf,gen_t2_rotated,T2,S,baseline,gen_t2_rotated#2,table_cell,1,1,1
pymupdf,gen_t2_simple,T2,S,baseline,gen_t2_simple#1,table_cell,1,1,1
pymupdf,gen_t2_simple,T2,S,baseline,gen_t2_simple#2,table_cell,1,1,1
pymupdf,gen_t2_simple,T2,S,baseline,gen_t2_simple#3,table_cell,1,1,1
pymupdf,gen_t4_bar,T4,S,baseline,gen_t4_bar#1,figure,1,0,0
pymupdf,gen_t4_flow,T4,S,baseline,gen_t4_flow#1,figure,1,0,0
pymupdf,gen_t4_line,T4,S,baseline,gen_t4_line#1,figure,1,0,0
pymupdf,gen_t4_mixed,T4,S,baseline,gen_t4_mixed#1,table_cell,1,1,1
pymupdf,nasa_se_handbook,T4,XL,baseline,nasa_se_handbook#1,lookup,455,1,1
pymupdf,nasa_se_handbook,T4,XL,baseline,nasa_se_handbook#2,lookup,455,1,1
pymupdf,nasa_se_handbook,T4,XL,baseline,nasa_se_handbook#3,figure,455,1,1
pymupdf,nasa_se_handbook,T4,XL,baseline,nasa_se_handbook#4,lookup,455,1,1
pymupdf,nasa_se_handbook,T4,XL,baseline,nasa_se_handbook#5,lookup,455,1,1
pymupdf,nasa_se_handbook,T4,XL,baseline,nasa_se_handbook#6,table_multi_row,455,1,1
pymupdf,nasa_se_handbook,T4,XL,baseline,nasa_se_handbook#7,lookup,455,1,1
pymupdf,nasa_se_handbook,T4,XL,baseline,nasa_se_handbook#8,lookup,455,1,1
pymupdf,nasa_se_handbook,T4,XL,baseline,nasa_se_handbook#9,lookup,455,1,1
pymupdf,nasa_se_handbook,T4,XL,baseline,nasa_se_handbook#10,lookup,455,1,1
pymupdf,nasa_se_handbook,T4,XL,baseline,nasa_se_handbook#11,lookup,455,1,1
pymupdf,nasa_se_handbook,T4,XL,baseline,nasa_se_handbook#12,lookup,455,1,1
pymupdf,nasa_tm100396,T4,L,baseline,nasa_tm100396#1,lookup,106,1,1
pymupdf,nasa_tm100396,T4,L,baseline,nasa_tm100396#2,lookup,106,1,1
pymupdf,nasa_tm100396,T4,L,baseline,nasa_tm100396#3,lookup,106,1,1
pymupdf,nasa_tm100396,T4,L,baseline,nasa_tm100396#4,lookup,106,1,1
pymupdf,nasa_tm100396,T4,L,baseline,nasa_tm100396#5,lookup,106,1,1
pymupdf,nasa_tm100396,T4,L,baseline,nasa_tm100396#6,lookup,106,1,1
pymupdf,nasa_tm100396,T4,L,baseline,nasa_tm100396#7,lookup,106,1,1
pymupdf,nasa_tm100396,T4,L,baseline,nasa_tm100396#8,lookup,106,1,1
pymupdf,nasa_tm100396,T4,L,baseline,nasa_tm100396#9,lookup,106,1,1
pymupdf,nasa_tm100396,T4,L,baseline,nasa_tm100396#10,cross_page,106,0,0
pymupdf,nasa_tm100396,T4,L,baseline,nasa_tm100396#11,lookup,106,1,1
pymupdf,nasa_tm100396,T4,L,baseline,nasa_tm100396#12,table_cell,106,1,1
pymupdf,nasa_tm104114,T4,XL,baseline,nasa_tm104114#1,lookup,95,1,1
pymupdf,nasa_tm104114,T4,XL,baseline,nasa_tm104114#2,lookup,95,1,1
pymupdf,nasa_tm104114,T4,XL,baseline,nasa_tm104114#3,lookup,95,1,1
pymupdf,nasa_tm104114,T4,XL,baseline,nasa_tm104114#4,table_cell,95,1,1
pymupdf,nasa_tm104114,T4,XL,baseline,nasa_tm104114#5,table_cell,95,1,1
pymupdf,nasa_tm104114,T4,XL,baseline,nasa_tm104114#6,table_cell,95,1,1
pymupdf,nasa_tm104114,T4,XL,baseline,nasa_tm104114#7,table_cell,95,1,1
pymupdf,nasa_tm104114,T4,XL,baseline,nasa_tm104114#8,lookup,95,1,1
pymupdf,nasa_tm104114,T4,XL,baseline,nasa_tm104114#9,lookup,95,1,1
pymupdf,nasa_tm104114,T4,XL,baseline,nasa_tm104114#10,lookup,95,1,1
pymupdf,nasa_tm104114,T4,XL,baseline,nasa_tm104114#11,lookup,95,1,1
pymupdf,nasa_tm_x9471,T4,M,baseline,nasa_tm_x9471#1,lookup,7,1,1
pymupdf,nasa_tm_x9471,T4,M,baseline,nasa_tm_x9471#2,lookup,7,1,1
pymupdf,nasa_tm_x9471,T4,M,baseline,nasa_tm_x9471#3,lookup,7,1,1
pymupdf,nasa_tm_x9471,T4,M,baseline,nasa_tm_x9471#4,lookup,7,1,1
pymupdf,nasa_tm_x9471,T4,M,baseline,nasa_tm_x9471#5,lookup,7,1,1
pymupdf,nasa_tm_x9471,T4,M,baseline,nasa_tm_x9471#6,lookup,7,1,1
pymupdf,nasa_tm_x9471,T4,M,baseline,nasa_tm_x9471#7,lookup,7,1,1
pymupdf,nasa_tm_x9471,T4,M,baseline,nasa_tm_x9471#8,lookup,7,1,1
pymupdf,nasa_tm_x9471,T4,M,baseline,nasa_tm_x9471#9,lookup,7,1,1
pymupdf,nasa_tm_x9471,T4,M,baseline,nasa_tm_x9471#10,figure,7,0,0
pymupdf,nasa_tm_x9471,T4,M,baseline,nasa_tm_x9471#11,figure,7,0,0
pymupdf,nasa_tm_x9471,T4,M,baseline,nasa_tm_x9471#12,figure,7,0,0
pymupdf,nasa_webb_factsheet,T4,S,baseline,nasa_webb_factsheet#1,lookup,2,1,1
pymupdf,nasa_webb_factsheet,T4,S,baseline,nasa_webb_factsheet#2,lookup,2,1,1
pymupdf,nasa_webb_factsheet,T4,S,baseline,nasa_webb_factsheet#3,lookup,2,1,1
pymupdf,nasa_webb_factsheet,T4,S,baseline,nasa_webb_factsheet#4,lookup,2,1,1
pymupdf,nasa_webb_factsheet,T4,S,baseline,nasa_webb_factsheet#5,lookup,2,1,1
pymupdf,nasa_webb_factsheet,T4,S,baseline,nasa_webb_factsheet#6,lookup,2,1,1
pymupdf,nasa_webb_factsheet,T4,S,baseline,nasa_webb_factsheet#7,lookup,2,1,1
pymupdf,nasa_webb_factsheet,T4,S,baseline,nasa_webb_factsheet#8,table_multi_row,2,1,1
pymupdf,nasa_webb_factsheet,T4,S,baseline,nasa_webb_factsheet#9,figure,2,0,0
pymupdf,nasa_webb_factsheet,T4,S,baseline,nasa_webb_factsheet#10,figure,2,0,0
pymupdf,nasa_webb_factsheet,T4,S,baseline,nasa_webb_factsheet#11,figure,2,0,0
pymupdf,nasa_webb_factsheet,T4,S,baseline,nasa_webb_factsheet#12,figure,2,0,0
pymupdf,p60_282,T2,L,baseline,p60_282#1,lookup,248,1,1
pymupdf,p60_282,T2,L,baseline,p60_282#2,lookup,248,1,1
pymupdf,p60_282,T2,L,baseline,p60_282#3,lookup,248,1,1
pymupdf,p60_282,T2,L,baseline,p60_282#4,table_cell,248,1,1
pymupdf,p60_282,T2,L,baseline,p60_282#5,table_cell,248,1,1
pymupdf,p60_282,T2,L,baseline,p60_282#6,table_cell,248,1,1
pymupdf,p60_282,T2,L,baseline,p60_282#7,table_cell,248,0,0
pymupdf,p60_282,T2,L,baseline,p60_282#8,lookup,248,1,1
pymupdf,p60_282,T2,L,baseline,p60_282#9,lookup,248,1,1
pymupdf,p60_282,T2,L,baseline,p60_282#10,table_cell,248,1,1
pymupdf,p60_282,T2,L,baseline,p60_282#11,table_cell,248,1,1
pymupdf,p60_282,T2,L,baseline,p60_282#12,table_cell,248,1,1
pymupdf,p60_282,T2,L,baseline,p60_282#13,table_multi_row,248,1,1
pymupdf,rfc9110,T1,XL,baseline,rfc9110#1,lookup,299,1,1
pymupdf,rfc9110,T1,XL,baseline,rfc9110#2,lookup,299,1,1
pymupdf,rfc9110,T1,XL,baseline,rfc9110#3,lookup,299,1,1
pymupdf,rfc9110,T1,XL,baseline,rfc9110#4,table_cell,299,1,1
pymupdf,rfc9110,T1,XL,baseline,rfc9110#5,table_cell,299,1,1
pymupdf,rfc9110,T1,XL,baseline,rfc9110#6,table_multi_row,299,1,1
pymupdf,rfc9110,T1,XL,baseline,rfc9110#7,lookup,299,1,1
pymupdf,rfc9110,T1,XL,baseline,rfc9110#8,lookup,299,1,1
pymupdf,rfc9110,T1,XL,baseline,rfc9110#9,lookup,299,1,1
pymupdf,rfc9110,T1,XL,baseline,rfc9110#10,lookup,299,1,1
pymupdf,rfc9110,T1,XL,baseline,rfc9110#11,lookup,299,1,1
pymupdf,rfc9110,T1,XL,baseline,rfc9110#12,lookup,299,1,1
pymupdf,rfc9112,T1,L,baseline,rfc9112#1,lookup,69,1,1
pymupdf,rfc9112,T1,L,baseline,rfc9112#2,lookup,69,1,1
pymupdf,rfc9112,T1,L,baseline,rfc9112#3,lookup,69,1,1
pymupdf,rfc9112,T1,L,baseline,rfc9112#4,lookup,69,1,1
pymupdf,rfc9112,T1,L,baseline,rfc9112#5,lookup,69,1,1
pymupdf,rfc9112,T1,L,baseline,rfc9112#6,cross_page,69,1,1
pymupdf,rfc9112,T1,L,baseline,rfc9112#7,lookup,69,1,1
pymupdf,rfc9112,T1,L,baseline,rfc9112#8,lookup,69,1,1
pymupdf,rfc9112,T1,L,baseline,rfc9112#9,lookup,69,1,1
pymupdf,rfc9112,T1,L,baseline,rfc9112#10,lookup,69,1,1
pymupdf,rfc9112,T1,L,baseline,rfc9112#11,lookup,69,1,1
pymupdf,rfc9112,T1,L,baseline,rfc9112#12,lookup,69,1,1
pymupdf,rfc9112,T1,L,baseline,rfc9112#13,lookup,69,1,1
pymupdf,rfc9112,T1,L,baseline,rfc9112#14,lookup,69,1,1
pymupdf,rfc9112,T1,L,baseline,rfc9112#15,lookup,69,0,0
pymupdf,rfc9112,T1,L,baseline,rfc9112#16,lookup,69,1,1
pymupdf,rfc9158,T1,S,baseline,rfc9158#1,lookup,7,1,1
pymupdf,rfc9158,T1,S,baseline,rfc9158#2,lookup,7,1,1
pymupdf,rfc9158,T1,S,baseline,rfc9158#3,lookup,7,1,1
pymupdf,rfc9158,T1,S,baseline,rfc9158#4,lookup,7,1,1
pymupdf,rfc9158,T1,S,baseline,rfc9158#5,table_multi_row,7,1,1
pymupdf,rfc9158,T1,S,baseline,rfc9158#6,table_cell,7,1,1
pymupdf,rfc9158,T1,S,baseline,rfc9158#7,lookup,7,1,1
pymupdf,rfc9158,T1,S,baseline,rfc9158#8,lookup,7,1,1
pymupdf,rfc9158,T1,S,baseline,rfc9158#9,cross_page,7,0,0
pymupdf,rfc9457,T1,M,baseline,rfc9457#1,lookup,24,1,1
pymupdf,rfc9457,T1,M,baseline,rfc9457#2,lookup,24,1,1
pymupdf,rfc9457,T1,M,baseline,rfc9457#3,lookup,24,1,1
pymupdf,rfc9457,T1,M,baseline,rfc9457#4,lookup,24,1,1
pymupdf,rfc9457,T1,M,baseline,rfc9457#5,lookup,24,1,1
pymupdf,rfc9457,T1,M,baseline,rfc9457#6,lookup,24,1,1
pymupdf,rfc9457,T1,M,baseline,rfc9457#7,lookup,24,1,1
pymupdf,rfc9457,T1,M,baseline,rfc9457#8,lookup,24,1,1
pymupdf,rfc9457,T1,M,baseline,rfc9457#9,lookup,24,1,1
pymupdf,rfc9457,T1,M,baseline,rfc9457#10,lookup,24,1,1
pymupdf,rfc9457,T1,M,baseline,rfc9457#11,lookup,24,1,1
pymupdf,scan_acsbr_023,T3,M,baseline,scan_acsbr_023#1,lookup,0,0,0
pymupdf,scan_acsbr_023,T3,M,baseline,scan_acsbr_023#2,lookup,0,0,0
pymupdf,scan_acsbr_023,T3,M,baseline,scan_acsbr_023#3,lookup,0,0,0
pymupdf,scan_acsbr_023,T3,M,baseline,scan_acsbr_023#4,lookup,0,0,0
pymupdf,scan_acsbr_023,T3,M,baseline,scan_acsbr_023#5,lookup,0,0,0
pymupdf,scan_acsbr_023,T3,M,baseline,scan_acsbr_023#6,lookup,0,0,0
pymupdf,scan_acsbr_023,T3,M,baseline,scan_acsbr_023#7,table_cell,0,0,0
pymupdf,scan_acsbr_023,T3,M,baseline,scan_acsbr_023#8,table_cell,0,0,0
pymupdf,scan_acsbr_023,T3,M,baseline,scan_acsbr_023#9,table_cell,0,0,0
pymupdf,scan_acsbr_023,T3,M,baseline,scan_acsbr_023#10,table_cell,0,0,0
pymupdf,scan_acsbr_023,T3,M,baseline,scan_acsbr_023#11,table_multi_row,0,0,0
pymupdf,scan_acsbr_023,T3,M,baseline,scan_acsbr_023#12,table_cell,0,0,0
pymupdf,scan_p60_282,T3,L,baseline,scan_p60_282#1,lookup,0,0,0
pymupdf,scan_p60_282,T3,L,baseline,scan_p60_282#2,lookup,0,0,0
pymupdf,scan_p60_282,T3,L,baseline,scan_p60_282#3,lookup,0,0,0
pymupdf,scan_p60_282,T3,L,baseline,scan_p60_282#4,table_cell,0,0,0
pymupdf,scan_p60_282,T3,L,baseline,scan_p60_282#5,table_cell,0,0,0
pymupdf,scan_p60_282,T3,L,baseline,scan_p60_282#6,table_cell,0,0,0
pymupdf,scan_p60_282,T3,L,baseline,scan_p60_282#7,table_cell,0,0,0
pymupdf,scan_p60_282,T3,L,baseline,scan_p60_282#8,lookup,0,0,0
pymupdf,scan_p60_282,T3,L,baseline,scan_p60_282#9,lookup,0,0,0
pymupdf,scan_p60_282,T3,L,baseline,scan_p60_282#10,table_cell,0,0,0
pymupdf,scan_p60_282,T3,L,baseline,scan_p60_282#11,table_cell,0,0,0
pymupdf,scan_p60_282,T3,L,baseline,scan_p60_282#12,table_cell,0,0,0
pymupdf,scan_p60_282,T3,L,baseline,scan_p60_282#13,table_multi_row,0,0,0
pymupdf,scan_rfc9110,T3,XL,baseline,scan_rfc9110#1,lookup,0,0,0
pymupdf,scan_rfc9110,T3,XL,baseline,scan_rfc9110#2,lookup,0,0,0
pymupdf,scan_rfc9110,T3,XL,baseline,scan_rfc9110#3,lookup,0,0,0
pymupdf,scan_rfc9110,T3,XL,baseline,scan_rfc9110#4,table_cell,0,0,0
pymupdf,scan_rfc9110,T3,XL,baseline,scan_rfc9110#5,table_cell,0,0,0
pymupdf,scan_rfc9110,T3,XL,baseline,scan_rfc9110#6,table_multi_row,0,0,0
pymupdf,scan_rfc9110,T3,XL,baseline,scan_rfc9110#7,lookup,0,0,0
pymupdf,scan_rfc9110,T3,XL,baseline,scan_rfc9110#8,lookup,0,0,0
pymupdf,scan_rfc9110,T3,XL,baseline,scan_rfc9110#9,lookup,0,0,0
pymupdf,scan_rfc9110,T3,XL,baseline,scan_rfc9110#10,lookup,0,0,0
pymupdf,scan_rfc9110,T3,XL,baseline,scan_rfc9110#11,lookup,0,0,0
pymupdf,scan_rfc9110,T3,XL,baseline,scan_rfc9110#12,lookup,0,0,0
pymupdf,scan_rfc9158,T3,S,baseline,scan_rfc9158#1,lookup,0,0,0
pymupdf,scan_rfc9158,T3,S,baseline,scan_rfc9158#2,lookup,0,0,0
pymupdf,scan_rfc9158,T3,S,baseline,scan_rfc9158#3,lookup,0,0,0
pymupdf,scan_rfc9158,T3,S,baseline,scan_rfc9158#4,lookup,0,0,0
pymupdf,scan_rfc9158,T3,S,baseline,scan_rfc9158#5,table_multi_row,0,0,0
pymupdf,scan_rfc9158,T3,S,baseline,scan_rfc9158#6,table_cell,0,0,0
pymupdf,scan_rfc9158,T3,S,baseline,scan_rfc9158#7,lookup,0,0,0
pymupdf,scan_rfc9158,T3,S,baseline,scan_rfc9158#8,lookup,0,0,0
pymupdf,scan_rfc9158,T3,S,baseline,scan_rfc9158#9,cross_page,0,0,0
pymupdf,scan_rfc9457,T3,M,baseline,scan_rfc9457#1,lookup,0,0,0
pymupdf,scan_rfc9457,T3,M,baseline,scan_rfc9457#2,lookup,0,0,0
pymupdf,scan_rfc9457,T3,M,baseline,scan_rfc9457#3,lookup,0,0,0
pymupdf,scan_rfc9457,T3,M,baseline,scan_rfc9457#4,lookup,0,0,0
pymupdf,scan_rfc9457,T3,M,baseline,scan_rfc9457#5,lookup,0,0,0
pymupdf,scan_rfc9457,T3,M,baseline,scan_rfc9457#6,lookup,0,0,0
pymupdf,scan_rfc9457,T3,M,baseline,scan_rfc9457#7,lookup,0,0,0
pymupdf,scan_rfc9457,T3,M,baseline,scan_rfc9457#8,lookup,0,0,0
pymupdf,scan_rfc9457,T3,M,baseline,scan_rfc9457#9,lookup,0,0,0
pymupdf,scan_rfc9457,T3,M,baseline,scan_rfc9457#10,lookup,0,0,0
pymupdf,scan_rfc9457,T3,M,baseline,scan_rfc9457#11,lookup,0,0,0
pymupdf4llm,acsbr_023,T2,M,baseline,acsbr_023#1,lookup,61,1,1
pymupdf4llm,acsbr_023,T2,M,baseline,acsbr_023#2,lookup,61,1,1
pymupdf4llm,acsbr_023,T2,M,baseline,acsbr_023#3,lookup,61,1,1
pymupdf4llm,acsbr_023,T2,M,baseline,acsbr_023#4,lookup,61,1,1
pymupdf4llm,acsbr_023,T2,M,baseline,acsbr_023#5,lookup,61,1,1
pymupdf4llm,acsbr_023,T2,M,baseline,acsbr_023#6,lookup,61,1,1
pymupdf4llm,acsbr_023,T2,M,baseline,acsbr_023#7,table_cell,61,1,1
pymupdf4llm,acsbr_023,T2,M,baseline,acsbr_023#8,table_cell,61,1,1
pymupdf4llm,acsbr_023,T2,M,baseline,acsbr_023#9,table_cell,61,0,1
pymupdf4llm,acsbr_023,T2,M,baseline,acsbr_023#10,table_cell,61,0,1
pymupdf4llm,acsbr_023,T2,M,baseline,acsbr_023#11,table_multi_row,61,1,1
pymupdf4llm,acsbr_023,T2,M,baseline,acsbr_023#12,table_cell,61,1,1
pymupdf4llm,erp2024_full,T2,XL,baseline,erp2024_full#1,lookup,2366,1,1
pymupdf4llm,erp2024_full,T2,XL,baseline,erp2024_full#2,table_cell,2366,1,1
pymupdf4llm,erp2024_full,T2,XL,baseline,erp2024_full#3,lookup,2366,0,0
pymupdf4llm,erp2024_full,T2,XL,baseline,erp2024_full#4,table_cell,2366,1,1
pymupdf4llm,erp2024_full,T2,XL,baseline,erp2024_full#5,table_cell,2366,1,1
pymupdf4llm,erp2024_full,T2,XL,baseline,erp2024_full#6,table_cell,2366,1,1
pymupdf4llm,erp2024_full,T2,XL,baseline,erp2024_full#7,table_multi_row,2366,1,1
pymupdf4llm,erp2024_full,T2,XL,baseline,erp2024_full#8,lookup,2366,1,1
pymupdf4llm,erp2024_full,T2,XL,baseline,erp2024_full#9,lookup,2366,1,1
pymupdf4llm,erp2024_full,T2,XL,baseline,erp2024_full#10,table_cell,2366,1,1
pymupdf4llm,erp2024_full,T2,XL,baseline,erp2024_full#11,table_cell,2366,0,0
pymupdf4llm,erp2024_table1,T2,S,baseline,erp2024_table1#1,lookup,35,1,1
pymupdf4llm,erp2024_table1,T2,S,baseline,erp2024_table1#2,table_cell,35,1,1
pymupdf4llm,erp2024_table1,T2,S,baseline,erp2024_table1#3,table_cell,35,0,0
pymupdf4llm,erp2024_table1,T2,S,baseline,erp2024_table1#4,table_cell,35,0,0
pymupdf4llm,erp2024_table1,T2,S,baseline,erp2024_table1#5,table_cell,35,0,0
pymupdf4llm,erp2024_table1,T2,S,baseline,erp2024_table1#6,table_cell,35,0,0
pymupdf4llm,erp2024_table1,T2,S,baseline,erp2024_table1#7,table_cell,35,0,0
pymupdf4llm,erp2024_table1,T2,S,baseline,erp2024_table1#8,lookup,35,0,1
pymupdf4llm,erp2024_table1,T2,S,baseline,erp2024_table1#9,lookup,35,1,1
pymupdf4llm,erp2024_table3,T2,S,baseline,erp2024_table3#1,lookup,60,1,1
pymupdf4llm,erp2024_table3,T2,S,baseline,erp2024_table3#2,lookup,60,0,0
pymupdf4llm,erp2024_table3,T2,S,baseline,erp2024_table3#3,table_cell,60,1,1
pymupdf4llm,erp2024_table3,T2,S,baseline,erp2024_table3#4,table_cell,60,0,0
pymupdf4llm,erp2024_table3,T2,S,baseline,erp2024_table3#5,table_cell,60,0,0
pymupdf4llm,erp2024_table3,T2,S,baseline,erp2024_table3#6,table_cell,60,0,0
pymupdf4llm,erp2024_table3,T2,S,baseline,erp2024_table3#7,table_multi_row,60,0,0
pymupdf4llm,erp2024_table3,T2,S,baseline,erp2024_table3#8,table_cell,60,0,0
pymupdf4llm,erp2024_table3,T2,S,baseline,erp2024_table3#9,table_cell,60,0,0
pymupdf4llm,erp2024_table3,T2,S,baseline,erp2024_table3#10,table_cell,60,0,0
pymupdf4llm,gen_t2_long,T2,S,baseline,gen_t2_long#1,table_cell,6,1,1
pymupdf4llm,gen_t2_long,T2,S,baseline,gen_t2_long#2,table_cell,6,1,1
pymupdf4llm,gen_t2_long,T2,S,baseline,gen_t2_long#3,table_cell,6,1,1
pymupdf4llm,gen_t2_long,T2,S,baseline,gen_t2_long#4,table_cell,6,1,1
pymupdf4llm,gen_t2_merged,T2,S,baseline,gen_t2_merged#1,table_cell,3,1,1
pymupdf4llm,gen_t2_rotated,T2,S,baseline,gen_t2_rotated#1,table_cell,1,1,1
pymupdf4llm,gen_t2_rotated,T2,S,baseline,gen_t2_rotated#2,table_cell,1,1,1
pymupdf4llm,gen_t2_simple,T2,S,baseline,gen_t2_simple#1,table_cell,3,1,1
pymupdf4llm,gen_t2_simple,T2,S,baseline,gen_t2_simple#2,table_cell,3,1,1
pymupdf4llm,gen_t2_simple,T2,S,baseline,gen_t2_simple#3,table_cell,3,1,1
pymupdf4llm,gen_t4_bar,T4,S,baseline,gen_t4_bar#1,figure,1,0,0
pymupdf4llm,gen_t4_flow,T4,S,baseline,gen_t4_flow#1,figure,1,0,0
pymupdf4llm,gen_t4_line,T4,S,baseline,gen_t4_line#1,figure,1,1,1
pymupdf4llm,gen_t4_mixed,T4,S,baseline,gen_t4_mixed#1,table_cell,3,1,1
pymupdf4llm,nasa_se_handbook,T4,XL,baseline,nasa_se_handbook#1,lookup,881,1,1
pymupdf4llm,nasa_se_handbook,T4,XL,baseline,nasa_se_handbook#2,lookup,881,1,1
pymupdf4llm,nasa_se_handbook,T4,XL,baseline,nasa_se_handbook#3,figure,881,1,1
pymupdf4llm,nasa_se_handbook,T4,XL,baseline,nasa_se_handbook#4,lookup,881,1,1
pymupdf4llm,nasa_se_handbook,T4,XL,baseline,nasa_se_handbook#5,lookup,881,1,1
pymupdf4llm,nasa_se_handbook,T4,XL,baseline,nasa_se_handbook#6,table_multi_row,881,1,1
pymupdf4llm,nasa_se_handbook,T4,XL,baseline,nasa_se_handbook#7,lookup,881,1,1
pymupdf4llm,nasa_se_handbook,T4,XL,baseline,nasa_se_handbook#8,lookup,881,1,1
pymupdf4llm,nasa_se_handbook,T4,XL,baseline,nasa_se_handbook#9,lookup,881,1,1
pymupdf4llm,nasa_se_handbook,T4,XL,baseline,nasa_se_handbook#10,lookup,881,1,1
pymupdf4llm,nasa_se_handbook,T4,XL,baseline,nasa_se_handbook#11,lookup,881,1,1
pymupdf4llm,nasa_se_handbook,T4,XL,baseline,nasa_se_handbook#12,lookup,881,1,1
pymupdf4llm,nasa_tm100396,T4,L,baseline,nasa_tm100396#1,lookup,271,1,1
pymupdf4llm,nasa_tm100396,T4,L,baseline,nasa_tm100396#2,lookup,271,1,1
pymupdf4llm,nasa_tm100396,T4,L,baseline,nasa_tm100396#3,lookup,271,1,1
pymupdf4llm,nasa_tm100396,T4,L,baseline,nasa_tm100396#4,lookup,271,1,1
pymupdf4llm,nasa_tm100396,T4,L,baseline,nasa_tm100396#5,lookup,271,1,1
pymupdf4llm,nasa_tm100396,T4,L,baseline,nasa_tm100396#6,lookup,271,1,1
pymupdf4llm,nasa_tm100396,T4,L,baseline,nasa_tm100396#7,lookup,271,1,1
pymupdf4llm,nasa_tm100396,T4,L,baseline,nasa_tm100396#8,lookup,271,1,1
pymupdf4llm,nasa_tm100396,T4,L,baseline,nasa_tm100396#9,lookup,271,1,1
pymupdf4llm,nasa_tm100396,T4,L,baseline,nasa_tm100396#10,cross_page,271,0,0
pymupdf4llm,nasa_tm100396,T4,L,baseline,nasa_tm100396#11,lookup,271,1,1
pymupdf4llm,nasa_tm100396,T4,L,baseline,nasa_tm100396#12,table_cell,271,1,1
pymupdf4llm,nasa_tm104114,T4,XL,baseline,nasa_tm104114#1,lookup,159,0,1
pymupdf4llm,nasa_tm104114,T4,XL,baseline,nasa_tm104114#2,lookup,159,1,1
pymupdf4llm,nasa_tm104114,T4,XL,baseline,nasa_tm104114#3,lookup,159,0,0
pymupdf4llm,nasa_tm104114,T4,XL,baseline,nasa_tm104114#4,table_cell,159,0,0
pymupdf4llm,nasa_tm104114,T4,XL,baseline,nasa_tm104114#5,table_cell,159,0,0
pymupdf4llm,nasa_tm104114,T4,XL,baseline,nasa_tm104114#6,table_cell,159,0,0
pymupdf4llm,nasa_tm104114,T4,XL,baseline,nasa_tm104114#7,table_cell,159,0,0
pymupdf4llm,nasa_tm104114,T4,XL,baseline,nasa_tm104114#8,lookup,159,1,1
pymupdf4llm,nasa_tm104114,T4,XL,baseline,nasa_tm104114#9,lookup,159,0,0
pymupdf4llm,nasa_tm104114,T4,XL,baseline,nasa_tm104114#10,lookup,159,0,0
pymupdf4llm,nasa_tm104114,T4,XL,baseline,nasa_tm104114#11,lookup,159,0,0
pymupdf4llm,nasa_tm_x9471,T4,M,baseline,nasa_tm_x9471#1,lookup,15,1,1
pymupdf4llm,nasa_tm_x9471,T4,M,baseline,nasa_tm_x9471#2,lookup,15,1,1
pymupdf4llm,nasa_tm_x9471,T4,M,baseline,nasa_tm_x9471#3,lookup,15,1,1
pymupdf4llm,nasa_tm_x9471,T4,M,baseline,nasa_tm_x9471#4,lookup,15,1,1
pymupdf4llm,nasa_tm_x9471,T4,M,baseline,nasa_tm_x9471#5,lookup,15,1,1
pymupdf4llm,nasa_tm_x9471,T4,M,baseline,nasa_tm_x9471#6,lookup,15,1,1
pymupdf4llm,nasa_tm_x9471,T4,M,baseline,nasa_tm_x9471#7,lookup,15,1,1
pymupdf4llm,nasa_tm_x9471,T4,M,baseline,nasa_tm_x9471#8,lookup,15,1,1
pymupdf4llm,nasa_tm_x9471,T4,M,baseline,nasa_tm_x9471#9,lookup,15,1,1
pymupdf4llm,nasa_tm_x9471,T4,M,baseline,nasa_tm_x9471#10,figure,15,1,1
pymupdf4llm,nasa_tm_x9471,T4,M,baseline,nasa_tm_x9471#11,figure,15,0,0
pymupdf4llm,nasa_tm_x9471,T4,M,baseline,nasa_tm_x9471#12,figure,15,1,1
pymupdf4llm,nasa_webb_factsheet,T4,S,baseline,nasa_webb_factsheet#1,lookup,6,1,1
pymupdf4llm,nasa_webb_factsheet,T4,S,baseline,nasa_webb_factsheet#2,lookup,6,1,1
pymupdf4llm,nasa_webb_factsheet,T4,S,baseline,nasa_webb_factsheet#3,lookup,6,1,1
pymupdf4llm,nasa_webb_factsheet,T4,S,baseline,nasa_webb_factsheet#4,lookup,6,1,1
pymupdf4llm,nasa_webb_factsheet,T4,S,baseline,nasa_webb_factsheet#5,lookup,6,1,1
pymupdf4llm,nasa_webb_factsheet,T4,S,baseline,nasa_webb_factsheet#6,lookup,6,1,1
pymupdf4llm,nasa_webb_factsheet,T4,S,baseline,nasa_webb_factsheet#7,lookup,6,1,1
pymupdf4llm,nasa_webb_factsheet,T4,S,baseline,nasa_webb_factsheet#8,table_multi_row,6,1,1
pymupdf4llm,nasa_webb_factsheet,T4,S,baseline,nasa_webb_factsheet#9,figure,6,0,0
pymupdf4llm,nasa_webb_factsheet,T4,S,baseline,nasa_webb_factsheet#10,figure,6,0,0
pymupdf4llm,nasa_webb_factsheet,T4,S,baseline,nasa_webb_factsheet#11,figure,6,0,0
pymupdf4llm,nasa_webb_factsheet,T4,S,baseline,nasa_webb_factsheet#12,figure,6,0,0
pymupdf4llm,p60_282,T2,L,baseline,p60_282#1,lookup,550,1,1
pymupdf4llm,p60_282,T2,L,baseline,p60_282#2,lookup,550,1,1
pymupdf4llm,p60_282,T2,L,baseline,p60_282#3,lookup,550,1,1
pymupdf4llm,p60_282,T2,L,baseline,p60_282#4,table_cell,550,1,1
pymupdf4llm,p60_282,T2,L,baseline,p60_282#5,table_cell,550,1,1
pymupdf4llm,p60_282,T2,L,baseline,p60_282#6,table_cell,550,1,1
pymupdf4llm,p60_282,T2,L,baseline,p60_282#7,table_cell,550,1,1
pymupdf4llm,p60_282,T2,L,baseline,p60_282#8,lookup,550,1,1
pymupdf4llm,p60_282,T2,L,baseline,p60_282#9,lookup,550,1,1
pymupdf4llm,p60_282,T2,L,baseline,p60_282#10,table_cell,550,0,0
pymupdf4llm,p60_282,T2,L,baseline,p60_282#11,table_cell,550,1,1
pymupdf4llm,p60_282,T2,L,baseline,p60_282#12,table_cell,550,1,1
pymupdf4llm,p60_282,T2,L,baseline,p60_282#13,table_multi_row,550,0,1
pymupdf4llm,rfc9110,T1,XL,baseline,rfc9110#1,lookup,487,1,1
pymupdf4llm,rfc9110,T1,XL,baseline,rfc9110#2,lookup,487,1,1
pymupdf4llm,rfc9110,T1,XL,baseline,rfc9110#3,lookup,487,1,1
pymupdf4llm,rfc9110,T1,XL,baseline,rfc9110#4,table_cell,487,0,1
pymupdf4llm,rfc9110,T1,XL,baseline,rfc9110#5,table_cell,487,1,1
pymupdf4llm,rfc9110,T1,XL,baseline,rfc9110#6,table_multi_row,487,1,1
pymupdf4llm,rfc9110,T1,XL,baseline,rfc9110#7,lookup,487,1,1
pymupdf4llm,rfc9110,T1,XL,baseline,rfc9110#8,lookup,487,1,1
pymupdf4llm,rfc9110,T1,XL,baseline,rfc9110#9,lookup,487,1,1
pymupdf4llm,rfc9110,T1,XL,baseline,rfc9110#10,lookup,487,1,1
pymupdf4llm,rfc9110,T1,XL,baseline,rfc9110#11,lookup,487,1,1
pymupdf4llm,rfc9110,T1,XL,baseline,rfc9110#12,lookup,487,1,1
pymupdf4llm,rfc9112,T1,L,baseline,rfc9112#1,lookup,115,1,1
pymupdf4llm,rfc9112,T1,L,baseline,rfc9112#2,lookup,115,1,1
pymupdf4llm,rfc9112,T1,L,baseline,rfc9112#3,lookup,115,1,1
pymupdf4llm,rfc9112,T1,L,baseline,rfc9112#4,lookup,115,1,1
pymupdf4llm,rfc9112,T1,L,baseline,rfc9112#5,lookup,115,1,1
pymupdf4llm,rfc9112,T1,L,baseline,rfc9112#6,cross_page,115,1,1
pymupdf4llm,rfc9112,T1,L,baseline,rfc9112#7,lookup,115,1,1
pymupdf4llm,rfc9112,T1,L,baseline,rfc9112#8,lookup,115,1,1
pymupdf4llm,rfc9112,T1,L,baseline,rfc9112#9,lookup,115,1,1
pymupdf4llm,rfc9112,T1,L,baseline,rfc9112#10,lookup,115,1,1
pymupdf4llm,rfc9112,T1,L,baseline,rfc9112#11,lookup,115,1,1
pymupdf4llm,rfc9112,T1,L,baseline,rfc9112#12,lookup,115,1,1
pymupdf4llm,rfc9112,T1,L,baseline,rfc9112#13,lookup,115,1,1
pymupdf4llm,rfc9112,T1,L,baseline,rfc9112#14,lookup,115,1,1
pymupdf4llm,rfc9112,T1,L,baseline,rfc9112#15,lookup,115,1,1
pymupdf4llm,rfc9112,T1,L,baseline,rfc9112#16,lookup,115,1,1
pymupdf4llm,rfc9158,T1,S,baseline,rfc9158#1,lookup,15,1,1
pymupdf4llm,rfc9158,T1,S,baseline,rfc9158#2,lookup,15,1,1
pymupdf4llm,rfc9158,T1,S,baseline,rfc9158#3,lookup,15,1,1
pymupdf4llm,rfc9158,T1,S,baseline,rfc9158#4,lookup,15,1,1
pymupdf4llm,rfc9158,T1,S,baseline,rfc9158#5,table_multi_row,15,0,1
pymupdf4llm,rfc9158,T1,S,baseline,rfc9158#6,table_cell,15,1,1
pymupdf4llm,rfc9158,T1,S,baseline,rfc9158#7,lookup,15,1,1
pymupdf4llm,rfc9158,T1,S,baseline,rfc9158#8,lookup,15,1,1
pymupdf4llm,rfc9158,T1,S,baseline,rfc9158#9,cross_page,15,0,0
pymupdf4llm,rfc9457,T1,M,baseline,rfc9457#1,lookup,51,1,1
pymupdf4llm,rfc9457,T1,M,baseline,rfc9457#2,lookup,51,1,1
pymupdf4llm,rfc9457,T1,M,baseline,rfc9457#3,lookup,51,1,1
pymupdf4llm,rfc9457,T1,M,baseline,rfc9457#4,lookup,51,1,1
pymupdf4llm,rfc9457,T1,M,baseline,rfc9457#5,lookup,51,1,1
pymupdf4llm,rfc9457,T1,M,baseline,rfc9457#6,lookup,51,1,1
pymupdf4llm,rfc9457,T1,M,baseline,rfc9457#7,lookup,51,1,1
pymupdf4llm,rfc9457,T1,M,baseline,rfc9457#8,lookup,51,1,1
pymupdf4llm,rfc9457,T1,M,baseline,rfc9457#9,lookup,51,1,1
pymupdf4llm,rfc9457,T1,M,baseline,rfc9457#10,lookup,51,1,1
pymupdf4llm,rfc9457,T1,M,baseline,rfc9457#11,lookup,51,1,1
pymupdf4llm,scan_acsbr_023,T3,M,baseline,scan_acsbr_023#1,lookup,55,1,1
pymupdf4llm,scan_acsbr_023,T3,M,baseline,scan_acsbr_023#2,lookup,55,1,1
pymupdf4llm,scan_acsbr_023,T3,M,baseline,scan_acsbr_023#3,lookup,55,1,1
pymupdf4llm,scan_acsbr_023,T3,M,baseline,scan_acsbr_023#4,lookup,55,1,1
pymupdf4llm,scan_acsbr_023,T3,M,baseline,scan_acsbr_023#5,lookup,55,1,1
pymupdf4llm,scan_acsbr_023,T3,M,baseline,scan_acsbr_023#6,lookup,55,1,1
pymupdf4llm,scan_acsbr_023,T3,M,baseline,scan_acsbr_023#7,table_cell,55,1,1
pymupdf4llm,scan_acsbr_023,T3,M,baseline,scan_acsbr_023#8,table_cell,55,1,1
pymupdf4llm,scan_acsbr_023,T3,M,baseline,scan_acsbr_023#9,table_cell,55,0,1
pymupdf4llm,scan_acsbr_023,T3,M,baseline,scan_acsbr_023#10,table_cell,55,1,1
pymupdf4llm,scan_acsbr_023,T3,M,baseline,scan_acsbr_023#11,table_multi_row,55,1,1
pymupdf4llm,scan_acsbr_023,T3,M,baseline,scan_acsbr_023#12,table_cell,55,1,1
pymupdf4llm,scan_p60_282,T3,L,baseline,scan_p60_282#1,lookup,472,0,1
pymupdf4llm,scan_p60_282,T3,L,baseline,scan_p60_282#2,lookup,472,1,1
pymupdf4llm,scan_p60_282,T3,L,baseline,scan_p60_282#3,lookup,472,0,0
pymupdf4llm,scan_p60_282,T3,L,baseline,scan_p60_282#4,table_cell,472,1,1
pymupdf4llm,scan_p60_282,T3,L,baseline,scan_p60_282#5,table_cell,472,1,1
pymupdf4llm,scan_p60_282,T3,L,baseline,scan_p60_282#6,table_cell,472,1,1
pymupdf4llm,scan_p60_282,T3,L,baseline,scan_p60_282#7,table_cell,472,1,1
pymupdf4llm,scan_p60_282,T3,L,baseline,scan_p60_282#8,lookup,472,0,1
pymupdf4llm,scan_p60_282,T3,L,baseline,scan_p60_282#9,lookup,472,1,1
pymupdf4llm,scan_p60_282,T3,L,baseline,scan_p60_282#10,table_cell,472,1,1
pymupdf4llm,scan_p60_282,T3,L,baseline,scan_p60_282#11,table_cell,472,1,1
pymupdf4llm,scan_p60_282,T3,L,baseline,scan_p60_282#12,table_cell,472,0,0
pymupdf4llm,scan_p60_282,T3,L,baseline,scan_p60_282#13,table_multi_row,472,0,0
pymupdf4llm,scan_rfc9110,T3,XL,baseline,scan_rfc9110#1,lookup,456,1,1
pymupdf4llm,scan_rfc9110,T3,XL,baseline,scan_rfc9110#2,lookup,456,1,1
pymupdf4llm,scan_rfc9110,T3,XL,baseline,scan_rfc9110#3,lookup,456,1,1
pymupdf4llm,scan_rfc9110,T3,XL,baseline,scan_rfc9110#4,table_cell,456,0,0
pymupdf4llm,scan_rfc9110,T3,XL,baseline,scan_rfc9110#5,table_cell,456,1,1
pymupdf4llm,scan_rfc9110,T3,XL,baseline,scan_rfc9110#6,table_multi_row,456,1,1
pymupdf4llm,scan_rfc9110,T3,XL,baseline,scan_rfc9110#7,lookup,456,1,1
pymupdf4llm,scan_rfc9110,T3,XL,baseline,scan_rfc9110#8,lookup,456,1,1
pymupdf4llm,scan_rfc9110,T3,XL,baseline,scan_rfc9110#9,lookup,456,1,1
pymupdf4llm,scan_rfc9110,T3,XL,baseline,scan_rfc9110#10,lookup,456,1,1
pymupdf4llm,scan_rfc9110,T3,XL,baseline,scan_rfc9110#11,lookup,456,1,1
pymupdf4llm,scan_rfc9110,T3,XL,baseline,scan_rfc9110#12,lookup,456,1,1
pymupdf4llm,scan_rfc9158,T3,S,baseline,scan_rfc9158#1,lookup,15,1,1
pymupdf4llm,scan_rfc9158,T3,S,baseline,scan_rfc9158#2,lookup,15,1,1
pymupdf4llm,scan_rfc9158,T3,S,baseline,scan_rfc9158#3,lookup,15,1,1
pymupdf4llm,scan_rfc9158,T3,S,baseline,scan_rfc9158#4,lookup,15,1,1
pymupdf4llm,scan_rfc9158,T3,S,baseline,scan_rfc9158#5,table_multi_row,15,1,1
pymupdf4llm,scan_rfc9158,T3,S,baseline,scan_rfc9158#6,table_cell,15,1,1
pymupdf4llm,scan_rfc9158,T3,S,baseline,scan_rfc9158#7,lookup,15,1,1
pymupdf4llm,scan_rfc9158,T3,S,baseline,scan_rfc9158#8,lookup,15,1,1
pymupdf4llm,scan_rfc9158,T3,S,baseline,scan_rfc9158#9,cross_page,15,0,0
pymupdf4llm,scan_rfc9457,T3,M,baseline,scan_rfc9457#1,lookup,37,1,1
pymupdf4llm,scan_rfc9457,T3,M,baseline,scan_rfc9457#2,lookup,37,1,1
pymupdf4llm,scan_rfc9457,T3,M,baseline,scan_rfc9457#3,lookup,37,1,1
pymupdf4llm,scan_rfc9457,T3,M,baseline,scan_rfc9457#4,lookup,37,1,1
pymupdf4llm,scan_rfc9457,T3,M,baseline,scan_rfc9457#5,lookup,37,1,1
pymupdf4llm,scan_rfc9457,T3,M,baseline,scan_rfc9457#6,lookup,37,1,1
pymupdf4llm,scan_rfc9457,T3,M,baseline,scan_rfc9457#7,lookup,37,1,1
pymupdf4llm,scan_rfc9457,T3,M,baseline,scan_rfc9457#8,lookup,37,1,1
pymupdf4llm,scan_rfc9457,T3,M,baseline,scan_rfc9457#9,lookup,37,1,1
pymupdf4llm,scan_rfc9457,T3,M,baseline,scan_rfc9457#10,lookup,37,1,1
pymupdf4llm,scan_rfc9457,T3,M,baseline,scan_rfc9457#11,lookup,37,1,1
tesseract,acsbr_023,T2,M,baseline,acsbr_023#1,lookup,27,1,1
tesseract,acsbr_023,T2,M,baseline,acsbr_023#2,lookup,27,1,1
tesseract,acsbr_023,T2,M,baseline,acsbr_023#3,lookup,27,0,1
tesseract,acsbr_023,T2,M,baseline,acsbr_023#4,lookup,27,1,1
tesseract,acsbr_023,T2,M,baseline,acsbr_023#5,lookup,27,1,1
tesseract,acsbr_023,T2,M,baseline,acsbr_023#6,lookup,27,1,1
tesseract,acsbr_023,T2,M,baseline,acsbr_023#7,table_cell,27,0,1
tesseract,acsbr_023,T2,M,baseline,acsbr_023#8,table_cell,27,0,1
tesseract,acsbr_023,T2,M,baseline,acsbr_023#9,table_cell,27,0,1
tesseract,acsbr_023,T2,M,baseline,acsbr_023#10,table_cell,27,0,1
tesseract,acsbr_023,T2,M,baseline,acsbr_023#11,table_multi_row,27,0,1
tesseract,acsbr_023,T2,M,baseline,acsbr_023#12,table_cell,27,1,1
tesseract,erp2024_full,T2,XL,baseline,erp2024_full#1,lookup,1271,1,1
tesseract,erp2024_full,T2,XL,baseline,erp2024_full#2,table_cell,1271,1,1
tesseract,erp2024_full,T2,XL,baseline,erp2024_full#3,lookup,1271,0,0
tesseract,erp2024_full,T2,XL,baseline,erp2024_full#4,table_cell,1271,1,1
tesseract,erp2024_full,T2,XL,baseline,erp2024_full#5,table_cell,1271,1,1
tesseract,erp2024_full,T2,XL,baseline,erp2024_full#6,table_cell,1271,1,1
tesseract,erp2024_full,T2,XL,baseline,erp2024_full#7,table_multi_row,1271,0,0
tesseract,erp2024_full,T2,XL,baseline,erp2024_full#8,lookup,1271,1,1
tesseract,erp2024_full,T2,XL,baseline,erp2024_full#9,lookup,1271,1,1
tesseract,erp2024_full,T2,XL,baseline,erp2024_full#10,table_cell,1271,1,1
tesseract,erp2024_full,T2,XL,baseline,erp2024_full#11,table_cell,1271,1,1
tesseract,erp2024_table1,T2,S,baseline,erp2024_table1#1,lookup,2,1,1
tesseract,erp2024_table1,T2,S,baseline,erp2024_table1#2,table_cell,2,0,0
tesseract,erp2024_table1,T2,S,baseline,erp2024_table1#3,table_cell,2,0,0
tesseract,erp2024_table1,T2,S,baseline,erp2024_table1#4,table_cell,2,0,0
tesseract,erp2024_table1,T2,S,baseline,erp2024_table1#5,table_cell,2,0,0
tesseract,erp2024_table1,T2,S,baseline,erp2024_table1#6,table_cell,2,0,0
tesseract,erp2024_table1,T2,S,baseline,erp2024_table1#7,table_cell,2,0,0
tesseract,erp2024_table1,T2,S,baseline,erp2024_table1#8,lookup,2,1,1
tesseract,erp2024_table1,T2,S,baseline,erp2024_table1#9,lookup,2,1,1
tesseract,erp2024_table3,T2,S,baseline,erp2024_table3#1,lookup,27,1,1
tesseract,erp2024_table3,T2,S,baseline,erp2024_table3#2,lookup,27,1,1
tesseract,erp2024_table3,T2,S,baseline,erp2024_table3#3,table_cell,27,0,0
tesseract,erp2024_table3,T2,S,baseline,erp2024_table3#4,table_cell,27,0,0
tesseract,erp2024_table3,T2,S,baseline,erp2024_table3#5,table_cell,27,0,0
tesseract,erp2024_table3,T2,S,baseline,erp2024_table3#6,table_cell,27,0,0
tesseract,erp2024_table3,T2,S,baseline,erp2024_table3#7,table_multi_row,27,0,0
tesseract,erp2024_table3,T2,S,baseline,erp2024_table3#8,table_cell,27,0,0
tesseract,erp2024_table3,T2,S,baseline,erp2024_table3#9,table_cell,27,0,0
tesseract,erp2024_table3,T2,S,baseline,erp2024_table3#10,table_cell,27,0,0
tesseract,gen_t2_long,T2,S,baseline,gen_t2_long#1,table_cell,4,1,1
tesseract,gen_t2_long,T2,S,baseline,gen_t2_long#2,table_cell,4,1,1
tesseract,gen_t2_long,T2,S,baseline,gen_t2_long#3,table_cell,4,1,1
tesseract,gen_t2_long,T2,S,baseline,gen_t2_long#4,table_cell,4,1,1
tesseract,gen_t2_merged,T2,S,baseline,gen_t2_merged#1,table_cell,1,1,1
tesseract,gen_t2_rotated,T2,S,baseline,gen_t2_rotated#1,table_cell,1,1,1
tesseract,gen_t2_rotated,T2,S,baseline,gen_t2_rotated#2,table_cell,1,1,1
tesseract,gen_t2_simple,T2,S,baseline,gen_t2_simple#1,table_cell,1,1,1
tesseract,gen_t2_simple,T2,S,baseline,gen_t2_simple#2,table_cell,1,1,1
tesseract,gen_t2_simple,T2,S,baseline,gen_t2_simple#3,table_cell,1,1,1
tesseract,gen_t4_bar,T4,S,baseline,gen_t4_bar#1,figure,1,0,0
tesseract,gen_t4_flow,T4,S,baseline,gen_t4_flow#1,figure,1,1,1
tesseract,gen_t4_line,T4,S,baseline,gen_t4_line#1,figure,1,0,0
tesseract,gen_t4_mixed,T4,S,baseline,gen_t4_mixed#1,table_cell,1,1,1
tesseract,nasa_se_handbook,T4,XL,baseline,nasa_se_handbook#1,lookup,468,1,1
tesseract,nasa_se_handbook,T4,XL,baseline,nasa_se_handbook#2,lookup,468,1,1
tesseract,nasa_se_handbook,T4,XL,baseline,nasa_se_handbook#3,figure,468,0,0
tesseract,nasa_se_handbook,T4,XL,baseline,nasa_se_handbook#4,lookup,468,1,1
tesseract,nasa_se_handbook,T4,XL,baseline,nasa_se_handbook#5,lookup,468,1,1
tesseract,nasa_se_handbook,T4,XL,baseline,nasa_se_handbook#6,table_multi_row,468,1,1
tesseract,nasa_se_handbook,T4,XL,baseline,nasa_se_handbook#7,lookup,468,1,1
tesseract,nasa_se_handbook,T4,XL,baseline,nasa_se_handbook#8,lookup,468,1,1
tesseract,nasa_se_handbook,T4,XL,baseline,nasa_se_handbook#9,lookup,468,1,1
tesseract,nasa_se_handbook,T4,XL,baseline,nasa_se_handbook#10,lookup,468,1,1
tesseract,nasa_se_handbook,T4,XL,baseline,nasa_se_handbook#11,lookup,468,1,1
tesseract,nasa_se_handbook,T4,XL,baseline,nasa_se_handbook#12,lookup,468,1,1
tesseract,nasa_tm100396,T4,L,baseline,nasa_tm100396#1,lookup,97,1,1
tesseract,nasa_tm100396,T4,L,baseline,nasa_tm100396#2,lookup,97,1,1
tesseract,nasa_tm100396,T4,L,baseline,nasa_tm100396#3,lookup,97,1,1
tesseract,nasa_tm100396,T4,L,baseline,nasa_tm100396#4,lookup,97,1,1
tesseract,nasa_tm100396,T4,L,baseline,nasa_tm100396#5,lookup,97,1,1
tesseract,nasa_tm100396,T4,L,baseline,nasa_tm100396#6,lookup,97,1,1
tesseract,nasa_tm100396,T4,L,baseline,nasa_tm100396#7,lookup,97,1,1
tesseract,nasa_tm100396,T4,L,baseline,nasa_tm100396#8,lookup,97,1,1
tesseract,nasa_tm100396,T4,L,baseline,nasa_tm100396#9,lookup,97,1,1
tesseract,nasa_tm100396,T4,L,baseline,nasa_tm100396#10,cross_page,97,0,0
tesseract,nasa_tm100396,T4,L,baseline,nasa_tm100396#11,lookup,97,1,1
tesseract,nasa_tm100396,T4,L,baseline,nasa_tm100396#12,table_cell,97,1,1
tesseract,nasa_tm104114,T4,XL,baseline,nasa_tm104114#1,lookup,129,1,1
tesseract,nasa_tm104114,T4,XL,baseline,nasa_tm104114#2,lookup,129,1,1
tesseract,nasa_tm104114,T4,XL,baseline,nasa_tm104114#3,lookup,129,0,0
tesseract,nasa_tm104114,T4,XL,baseline,nasa_tm104114#4,table_cell,129,1,1
tesseract,nasa_tm104114,T4,XL,baseline,nasa_tm104114#5,table_cell,129,1,1
tesseract,nasa_tm104114,T4,XL,baseline,nasa_tm104114#6,table_cell,129,1,1
tesseract,nasa_tm104114,T4,XL,baseline,nasa_tm104114#7,table_cell,129,1,1
tesseract,nasa_tm104114,T4,XL,baseline,nasa_tm104114#8,lookup,129,1,1
tesseract,nasa_tm104114,T4,XL,baseline,nasa_tm104114#9,lookup,129,1,1
tesseract,nasa_tm104114,T4,XL,baseline,nasa_tm104114#10,lookup,129,1,1
tesseract,nasa_tm104114,T4,XL,baseline,nasa_tm104114#11,lookup,129,1,1
tesseract,nasa_tm_x9471,T4,M,baseline,nasa_tm_x9471#1,lookup,7,1,1
tesseract,nasa_tm_x9471,T4,M,baseline,nasa_tm_x9471#2,lookup,7,1,1
tesseract,nasa_tm_x9471,T4,M,baseline,nasa_tm_x9471#3,lookup,7,1,1
tesseract,nasa_tm_x9471,T4,M,baseline,nasa_tm_x9471#4,lookup,7,1,1
tesseract,nasa_tm_x9471,T4,M,baseline,nasa_tm_x9471#5,lookup,7,1,1
tesseract,nasa_tm_x9471,T4,M,baseline,nasa_tm_x9471#6,lookup,7,1,1
tesseract,nasa_tm_x9471,T4,M,baseline,nasa_tm_x9471#7,lookup,7,1,1
tesseract,nasa_tm_x9471,T4,M,baseline,nasa_tm_x9471#8,lookup,7,1,1
tesseract,nasa_tm_x9471,T4,M,baseline,nasa_tm_x9471#9,lookup,7,1,1
tesseract,nasa_tm_x9471,T4,M,baseline,nasa_tm_x9471#10,figure,7,0,0
tesseract,nasa_tm_x9471,T4,M,baseline,nasa_tm_x9471#11,figure,7,1,1
tesseract,nasa_tm_x9471,T4,M,baseline,nasa_tm_x9471#12,figure,7,0,0
tesseract,nasa_webb_factsheet,T4,S,baseline,nasa_webb_factsheet#1,lookup,2,1,1
tesseract,nasa_webb_factsheet,T4,S,baseline,nasa_webb_factsheet#2,lookup,2,1,1
tesseract,nasa_webb_factsheet,T4,S,baseline,nasa_webb_factsheet#3,lookup,2,0,0
tesseract,nasa_webb_factsheet,T4,S,baseline,nasa_webb_factsheet#4,lookup,2,1,1
tesseract,nasa_webb_factsheet,T4,S,baseline,nasa_webb_factsheet#5,lookup,2,1,1
tesseract,nasa_webb_factsheet,T4,S,baseline,nasa_webb_factsheet#6,lookup,2,1,1
tesseract,nasa_webb_factsheet,T4,S,baseline,nasa_webb_factsheet#7,lookup,2,1,1
tesseract,nasa_webb_factsheet,T4,S,baseline,nasa_webb_factsheet#8,table_multi_row,2,1,1
tesseract,nasa_webb_factsheet,T4,S,baseline,nasa_webb_factsheet#9,figure,2,1,1
tesseract,nasa_webb_factsheet,T4,S,baseline,nasa_webb_factsheet#10,figure,2,1,1
tesseract,nasa_webb_factsheet,T4,S,baseline,nasa_webb_factsheet#11,figure,2,1,1
tesseract,nasa_webb_factsheet,T4,S,baseline,nasa_webb_factsheet#12,figure,2,1,1
tesseract,p60_282,T2,L,baseline,p60_282#1,lookup,247,1,1
tesseract,p60_282,T2,L,baseline,p60_282#2,lookup,247,1,1
tesseract,p60_282,T2,L,baseline,p60_282#3,lookup,247,1,1
tesseract,p60_282,T2,L,baseline,p60_282#4,table_cell,247,1,1
tesseract,p60_282,T2,L,baseline,p60_282#5,table_cell,247,1,1
tesseract,p60_282,T2,L,baseline,p60_282#6,table_cell,247,1,1
tesseract,p60_282,T2,L,baseline,p60_282#7,table_cell,247,1,1
tesseract,p60_282,T2,L,baseline,p60_282#8,lookup,247,1,1
tesseract,p60_282,T2,L,baseline,p60_282#9,lookup,247,1,1
tesseract,p60_282,T2,L,baseline,p60_282#10,table_cell,247,1,1
tesseract,p60_282,T2,L,baseline,p60_282#11,table_cell,247,1,1
tesseract,p60_282,T2,L,baseline,p60_282#12,table_cell,247,1,1
tesseract,p60_282,T2,L,baseline,p60_282#13,table_multi_row,247,0,1
tesseract,rfc9110,T1,XL,baseline,rfc9110#1,lookup,296,1,1
tesseract,rfc9110,T1,XL,baseline,rfc9110#2,lookup,296,1,1
tesseract,rfc9110,T1,XL,baseline,rfc9110#3,lookup,296,1,1
tesseract,rfc9110,T1,XL,baseline,rfc9110#4,table_cell,296,1,1
tesseract,rfc9110,T1,XL,baseline,rfc9110#5,table_cell,296,1,1
tesseract,rfc9110,T1,XL,baseline,rfc9110#6,table_multi_row,296,1,1
tesseract,rfc9110,T1,XL,baseline,rfc9110#7,lookup,296,1,1
tesseract,rfc9110,T1,XL,baseline,rfc9110#8,lookup,296,1,1
tesseract,rfc9110,T1,XL,baseline,rfc9110#9,lookup,296,1,1
tesseract,rfc9110,T1,XL,baseline,rfc9110#10,lookup,296,1,1
tesseract,rfc9110,T1,XL,baseline,rfc9110#11,lookup,296,1,1
tesseract,rfc9110,T1,XL,baseline,rfc9110#12,lookup,296,1,1
tesseract,rfc9112,T1,L,baseline,rfc9112#1,lookup,67,1,1
tesseract,rfc9112,T1,L,baseline,rfc9112#2,lookup,67,1,1
tesseract,rfc9112,T1,L,baseline,rfc9112#3,lookup,67,1,1
tesseract,rfc9112,T1,L,baseline,rfc9112#4,lookup,67,1,1
tesseract,rfc9112,T1,L,baseline,rfc9112#5,lookup,67,1,1
tesseract,rfc9112,T1,L,baseline,rfc9112#6,cross_page,67,1,1
tesseract,rfc9112,T1,L,baseline,rfc9112#7,lookup,67,1,1
tesseract,rfc9112,T1,L,baseline,rfc9112#8,lookup,67,1,1
tesseract,rfc9112,T1,L,baseline,rfc9112#9,lookup,67,1,1
tesseract,rfc9112,T1,L,baseline,rfc9112#10,lookup,67,1,1
tesseract,rfc9112,T1,L,baseline,rfc9112#11,lookup,67,1,1
tesseract,rfc9112,T1,L,baseline,rfc9112#12,lookup,67,1,1
tesseract,rfc9112,T1,L,baseline,rfc9112#13,lookup,67,1,1
tesseract,rfc9112,T1,L,baseline,rfc9112#14,lookup,67,1,1
tesseract,rfc9112,T1,L,baseline,rfc9112#15,lookup,67,1,1
tesseract,rfc9112,T1,L,baseline,rfc9112#16,lookup,67,1,1
tesseract,rfc9158,T1,S,baseline,rfc9158#1,lookup,5,1,1
tesseract,rfc9158,T1,S,baseline,rfc9158#2,lookup,5,1,1
tesseract,rfc9158,T1,S,baseline,rfc9158#3,lookup,5,1,1
tesseract,rfc9158,T1,S,baseline,rfc9158#4,lookup,5,1,1
tesseract,rfc9158,T1,S,baseline,rfc9158#5,table_multi_row,5,1,1
tesseract,rfc9158,T1,S,baseline,rfc9158#6,table_cell,5,1,1
tesseract,rfc9158,T1,S,baseline,rfc9158#7,lookup,5,1,1
tesseract,rfc9158,T1,S,baseline,rfc9158#8,lookup,5,1,1
tesseract,rfc9158,T1,S,baseline,rfc9158#9,cross_page,5,0,0
tesseract,rfc9457,T1,M,baseline,rfc9457#1,lookup,23,1,1
tesseract,rfc9457,T1,M,baseline,rfc9457#2,lookup,23,1,1
tesseract,rfc9457,T1,M,baseline,rfc9457#3,lookup,23,1,1
tesseract,rfc9457,T1,M,baseline,rfc9457#4,lookup,23,1,1
tesseract,rfc9457,T1,M,baseline,rfc9457#5,lookup,23,1,1
tesseract,rfc9457,T1,M,baseline,rfc9457#6,lookup,23,1,1
tesseract,rfc9457,T1,M,baseline,rfc9457#7,lookup,23,1,1
tesseract,rfc9457,T1,M,baseline,rfc9457#8,lookup,23,1,1
tesseract,rfc9457,T1,M,baseline,rfc9457#9,lookup,23,1,1
tesseract,rfc9457,T1,M,baseline,rfc9457#10,lookup,23,1,1
tesseract,rfc9457,T1,M,baseline,rfc9457#11,lookup,23,1,1
tesseract,scan_acsbr_023,T3,M,baseline,scan_acsbr_023#1,lookup,28,1,1
tesseract,scan_acsbr_023,T3,M,baseline,scan_acsbr_023#2,lookup,28,1,1
tesseract,scan_acsbr_023,T3,M,baseline,scan_acsbr_023#3,lookup,28,1,1
tesseract,scan_acsbr_023,T3,M,baseline,scan_acsbr_023#4,lookup,28,1,1
tesseract,scan_acsbr_023,T3,M,baseline,scan_acsbr_023#5,lookup,28,1,1
tesseract,scan_acsbr_023,T3,M,baseline,scan_acsbr_023#6,lookup,28,1,1
tesseract,scan_acsbr_023,T3,M,baseline,scan_acsbr_023#7,table_cell,28,0,0
tesseract,scan_acsbr_023,T3,M,baseline,scan_acsbr_023#8,table_cell,28,0,1
tesseract,scan_acsbr_023,T3,M,baseline,scan_acsbr_023#9,table_cell,28,0,1
tesseract,scan_acsbr_023,T3,M,baseline,scan_acsbr_023#10,table_cell,28,0,1
tesseract,scan_acsbr_023,T3,M,baseline,scan_acsbr_023#11,table_multi_row,28,0,0
tesseract,scan_acsbr_023,T3,M,baseline,scan_acsbr_023#12,table_cell,28,1,1
tesseract,scan_p60_282,T3,L,baseline,scan_p60_282#1,lookup,262,1,1
tesseract,scan_p60_282,T3,L,baseline,scan_p60_282#2,lookup,262,1,1
tesseract,scan_p60_282,T3,L,baseline,scan_p60_282#3,lookup,262,1,1
tesseract,scan_p60_282,T3,L,baseline,scan_p60_282#4,table_cell,262,1,1
tesseract,scan_p60_282,T3,L,baseline,scan_p60_282#5,table_cell,262,1,1
tesseract,scan_p60_282,T3,L,baseline,scan_p60_282#6,table_cell,262,1,1
tesseract,scan_p60_282,T3,L,baseline,scan_p60_282#7,table_cell,262,1,1
tesseract,scan_p60_282,T3,L,baseline,scan_p60_282#8,lookup,262,1,1
tesseract,scan_p60_282,T3,L,baseline,scan_p60_282#9,lookup,262,1,1
tesseract,scan_p60_282,T3,L,baseline,scan_p60_282#10,table_cell,262,1,1
tesseract,scan_p60_282,T3,L,baseline,scan_p60_282#11,table_cell,262,0,0
tesseract,scan_p60_282,T3,L,baseline,scan_p60_282#12,table_cell,262,1,1
tesseract,scan_p60_282,T3,L,baseline,scan_p60_282#13,table_multi_row,262,0,1
tesseract,scan_rfc9110,T3,XL,baseline,scan_rfc9110#1,lookup,298,1,1
tesseract,scan_rfc9110,T3,XL,baseline,scan_rfc9110#2,lookup,298,1,1
tesseract,scan_rfc9110,T3,XL,baseline,scan_rfc9110#3,lookup,298,1,1
tesseract,scan_rfc9110,T3,XL,baseline,scan_rfc9110#4,table_cell,298,1,1
tesseract,scan_rfc9110,T3,XL,baseline,scan_rfc9110#5,table_cell,298,1,1
tesseract,scan_rfc9110,T3,XL,baseline,scan_rfc9110#6,table_multi_row,298,0,0
tesseract,scan_rfc9110,T3,XL,baseline,scan_rfc9110#7,lookup,298,1,1
tesseract,scan_rfc9110,T3,XL,baseline,scan_rfc9110#8,lookup,298,1,1
tesseract,scan_rfc9110,T3,XL,baseline,scan_rfc9110#9,lookup,298,1,1
tesseract,scan_rfc9110,T3,XL,baseline,scan_rfc9110#10,lookup,298,1,1
tesseract,scan_rfc9110,T3,XL,baseline,scan_rfc9110#11,lookup,298,1,1
tesseract,scan_rfc9110,T3,XL,baseline,scan_rfc9110#12,lookup,298,1,1
tesseract,scan_rfc9158,T3,S,baseline,scan_rfc9158#1,lookup,5,1,1
tesseract,scan_rfc9158,T3,S,baseline,scan_rfc9158#2,lookup,5,1,1
tesseract,scan_rfc9158,T3,S,baseline,scan_rfc9158#3,lookup,5,1,1
tesseract,scan_rfc9158,T3,S,baseline,scan_rfc9158#4,lookup,5,1,1
tesseract,scan_rfc9158,T3,S,baseline,scan_rfc9158#5,table_multi_row,5,1,1
tesseract,scan_rfc9158,T3,S,baseline,scan_rfc9158#6,table_cell,5,1,1
tesseract,scan_rfc9158,T3,S,baseline,scan_rfc9158#7,lookup,5,1,1
tesseract,scan_rfc9158,T3,S,baseline,scan_rfc9158#8,lookup,5,1,1
tesseract,scan_rfc9158,T3,S,baseline,scan_rfc9158#9,cross_page,5,0,0
tesseract,scan_rfc9457,T3,M,baseline,scan_rfc9457#1,lookup,24,1,1
tesseract,scan_rfc9457,T3,M,baseline,scan_rfc9457#2,lookup,24,1,1
tesseract,scan_rfc9457,T3,M,baseline,scan_rfc9457#3,lookup,24,1,1
tesseract,scan_rfc9457,T3,M,baseline,scan_rfc9457#4,lookup,24,1,1
tesseract,scan_rfc9457,T3,M,baseline,scan_rfc9457#5,lookup,24,1,1
tesseract,scan_rfc9457,T3,M,baseline,scan_rfc9457#6,lookup,24,1,1
tesseract,scan_rfc9457,T3,M,baseline,scan_rfc9457#7,lookup,24,1,1
tesseract,scan_rfc9457,T3,M,baseline,scan_rfc9457#8,lookup,24,1,1
tesseract,scan_rfc9457,T3,M,baseline,scan_rfc9457#9,lookup,24,1,1
tesseract,scan_rfc9457,T3,M,baseline,scan_rfc9457#10,lookup,24,1,1
tesseract,scan_rfc9457,T3,M,baseline,scan_rfc9457#11,lookup,24,1,1
docling,acsbr_023,T2,M,structure_preserving,acsbr_023#1,lookup,99,1,1
docling,acsbr_023,T2,M,structure_preserving,acsbr_023#2,lookup,99,1,1
docling,acsbr_023,T2,M,structure_preserving,acsbr_023#3,lookup,99,1,1
docling,acsbr_023,T2,M,structure_preserving,acsbr_023#4,lookup,99,1,1
docling,acsbr_023,T2,M,structure_preserving,acsbr_023#5,lookup,99,1,1
docling,acsbr_023,T2,M,structure_preserving,acsbr_023#6,lookup,99,1,1
docling,acsbr_023,T2,M,structure_preserving,acsbr_023#7,table_cell,99,1,1
docling,acsbr_023,T2,M,structure_preserving,acsbr_023#8,table_cell,99,1,1
docling,acsbr_023,T2,M,structure_preserving,acsbr_023#9,table_cell,99,1,1
docling,acsbr_023,T2,M,structure_preserving,acsbr_023#10,table_cell,99,1,1
docling,acsbr_023,T2,M,structure_preserving,acsbr_023#11,table_multi_row,99,0,0
docling,acsbr_023,T2,M,structure_preserving,acsbr_023#12,table_cell,99,1,1
docling,erp2024_full,T2,XL,structure_preserving,erp2024_full#1,lookup,4256,1,1
docling,erp2024_full,T2,XL,structure_preserving,erp2024_full#2,table_cell,4256,1,1
docling,erp2024_full,T2,XL,structure_preserving,erp2024_full#3,lookup,4256,0,0
docling,erp2024_full,T2,XL,structure_preserving,erp2024_full#4,table_cell,4256,1,1
docling,erp2024_full,T2,XL,structure_preserving,erp2024_full#5,table_cell,4256,1,1
docling,erp2024_full,T2,XL,structure_preserving,erp2024_full#6,table_cell,4256,1,1
docling,erp2024_full,T2,XL,structure_preserving,erp2024_full#7,table_multi_row,4256,1,1
docling,erp2024_full,T2,XL,structure_preserving,erp2024_full#8,lookup,4256,1,1
docling,erp2024_full,T2,XL,structure_preserving,erp2024_full#9,lookup,4256,1,1
docling,erp2024_full,T2,XL,structure_preserving,erp2024_full#10,table_cell,4256,1,1
docling,erp2024_full,T2,XL,structure_preserving,erp2024_full#11,table_cell,4256,0,0
docling,erp2024_table1,T2,S,structure_preserving,erp2024_table1#1,lookup,63,1,1
docling,erp2024_table1,T2,S,structure_preserving,erp2024_table1#2,table_cell,63,0,1
docling,erp2024_table1,T2,S,structure_preserving,erp2024_table1#3,table_cell,63,0,1
docling,erp2024_table1,T2,S,structure_preserving,erp2024_table1#4,table_cell,63,0,1
docling,erp2024_table1,T2,S,structure_preserving,erp2024_table1#5,table_cell,63,0,1
docling,erp2024_table1,T2,S,structure_preserving,erp2024_table1#6,table_cell,63,1,1
docling,erp2024_table1,T2,S,structure_preserving,erp2024_table1#7,table_cell,63,0,1
docling,erp2024_table1,T2,S,structure_preserving,erp2024_table1#8,lookup,63,0,0
docling,erp2024_table1,T2,S,structure_preserving,erp2024_table1#9,lookup,63,1,1
docling,erp2024_table3,T2,S,structure_preserving,erp2024_table3#1,lookup,61,1,1
docling,erp2024_table3,T2,S,structure_preserving,erp2024_table3#2,lookup,61,0,0
docling,erp2024_table3,T2,S,structure_preserving,erp2024_table3#3,table_cell,61,0,0
docling,erp2024_table3,T2,S,structure_preserving,erp2024_table3#4,table_cell,61,0,0
docling,erp2024_table3,T2,S,structure_preserving,erp2024_table3#5,table_cell,61,0,0
docling,erp2024_table3,T2,S,structure_preserving,erp2024_table3#6,table_cell,61,0,0
docling,erp2024_table3,T2,S,structure_preserving,erp2024_table3#7,table_multi_row,61,0,0
docling,erp2024_table3,T2,S,structure_preserving,erp2024_table3#8,table_cell,61,1,1
docling,erp2024_table3,T2,S,structure_preserving,erp2024_table3#9,table_cell,61,0,0
docling,erp2024_table3,T2,S,structure_preserving,erp2024_table3#10,table_cell,61,0,0
docling,gen_t2_long,T2,S,structure_preserving,gen_t2_long#1,table_cell,8,1,1
docling,gen_t2_long,T2,S,structure_preserving,gen_t2_long#2,table_cell,8,1,1
docling,gen_t2_long,T2,S,structure_preserving,gen_t2_long#3,table_cell,8,1,1
docling,gen_t2_long,T2,S,structure_preserving,gen_t2_long#4,table_cell,8,1,1
docling,gen_t2_merged,T2,S,structure_preserving,gen_t2_merged#1,table_cell,3,1,1
docling,gen_t2_rotated,T2,S,structure_preserving,gen_t2_rotated#1,table_cell,3,1,1
docling,gen_t2_rotated,T2,S,structure_preserving,gen_t2_rotated#2,table_cell,3,1,1
docling,gen_t2_simple,T2,S,structure_preserving,gen_t2_simple#1,table_cell,3,1,1
docling,gen_t2_simple,T2,S,structure_preserving,gen_t2_simple#2,table_cell,3,1,1
docling,gen_t2_simple,T2,S,structure_preserving,gen_t2_simple#3,table_cell,3,1,1
docling,gen_t4_bar,T4,S,structure_preserving,gen_t4_bar#1,figure,1,0,0
docling,gen_t4_flow,T4,S,structure_preserving,gen_t4_flow#1,figure,1,0,0
docling,gen_t4_line,T4,S,structure_preserving,gen_t4_line#1,figure,1,0,0
docling,gen_t4_mixed,T4,S,structure_preserving,gen_t4_mixed#1,table_cell,3,1,1
docling,nasa_se_handbook,T4,XL,structure_preserving,nasa_se_handbook#1,lookup,592,1,1
docling,nasa_se_handbook,T4,XL,structure_preserving,nasa_se_handbook#2,lookup,592,1,1
docling,nasa_se_handbook,T4,XL,structure_preserving,nasa_se_handbook#3,figure,592,0,0
docling,nasa_se_handbook,T4,XL,structure_preserving,nasa_se_handbook#4,lookup,592,0,1
docling,nasa_se_handbook,T4,XL,structure_preserving,nasa_se_handbook#5,lookup,592,1,1
docling,nasa_se_handbook,T4,XL,structure_preserving,nasa_se_handbook#6,table_multi_row,592,1,1
docling,nasa_se_handbook,T4,XL,structure_preserving,nasa_se_handbook#7,lookup,592,1,1
docling,nasa_se_handbook,T4,XL,structure_preserving,nasa_se_handbook#8,lookup,592,1,1
docling,nasa_se_handbook,T4,XL,structure_preserving,nasa_se_handbook#9,lookup,592,1,1
docling,nasa_se_handbook,T4,XL,structure_preserving,nasa_se_handbook#10,lookup,592,1,1
docling,nasa_se_handbook,T4,XL,structure_preserving,nasa_se_handbook#11,lookup,592,0,0
docling,nasa_se_handbook,T4,XL,structure_preserving,nasa_se_handbook#12,lookup,592,1,1
docling,nasa_tm100396,T4,L,structure_preserving,nasa_tm100396#1,lookup,238,1,1
docling,nasa_tm100396,T4,L,structure_preserving,nasa_tm100396#2,lookup,238,1,1
docling,nasa_tm100396,T4,L,structure_preserving,nasa_tm100396#3,lookup,238,1,1
docling,nasa_tm100396,T4,L,structure_preserving,nasa_tm100396#4,lookup,238,1,1
docling,nasa_tm100396,T4,L,structure_preserving,nasa_tm100396#5,lookup,238,1,1
docling,nasa_tm100396,T4,L,structure_preserving,nasa_tm100396#6,lookup,238,1,1
docling,nasa_tm100396,T4,L,structure_preserving,nasa_tm100396#7,lookup,238,1,1
docling,nasa_tm100396,T4,L,structure_preserving,nasa_tm100396#8,lookup,238,1,1
docling,nasa_tm100396,T4,L,structure_preserving,nasa_tm100396#9,lookup,238,1,1
docling,nasa_tm100396,T4,L,structure_preserving,nasa_tm100396#10,cross_page,238,0,0
docling,nasa_tm100396,T4,L,structure_preserving,nasa_tm100396#11,lookup,238,1,1
docling,nasa_tm100396,T4,L,structure_preserving,nasa_tm100396#12,table_cell,238,1,1
docling,nasa_tm104114,T4,XL,structure_preserving,nasa_tm104114#1,lookup,131,1,1
docling,nasa_tm104114,T4,XL,structure_preserving,nasa_tm104114#2,lookup,131,1,1
docling,nasa_tm104114,T4,XL,structure_preserving,nasa_tm104114#3,lookup,131,1,1
docling,nasa_tm104114,T4,XL,structure_preserving,nasa_tm104114#4,table_cell,131,1,1
docling,nasa_tm104114,T4,XL,structure_preserving,nasa_tm104114#5,table_cell,131,1,1
docling,nasa_tm104114,T4,XL,structure_preserving,nasa_tm104114#6,table_cell,131,1,1
docling,nasa_tm104114,T4,XL,structure_preserving,nasa_tm104114#7,table_cell,131,1,1
docling,nasa_tm104114,T4,XL,structure_preserving,nasa_tm104114#8,lookup,131,1,1
docling,nasa_tm104114,T4,XL,structure_preserving,nasa_tm104114#9,lookup,131,1,1
docling,nasa_tm104114,T4,XL,structure_preserving,nasa_tm104114#10,lookup,131,1,1
docling,nasa_tm104114,T4,XL,structure_preserving,nasa_tm104114#11,lookup,131,1,1
docling,nasa_tm_x9471,T4,M,structure_preserving,nasa_tm_x9471#1,lookup,7,1,1
docling,nasa_tm_x9471,T4,M,structure_preserving,nasa_tm_x9471#2,lookup,7,1,1
docling,nasa_tm_x9471,T4,M,structure_preserving,nasa_tm_x9471#3,lookup,7,1,1
docling,nasa_tm_x9471,T4,M,structure_preserving,nasa_tm_x9471#4,lookup,7,1,1
docling,nasa_tm_x9471,T4,M,structure_preserving,nasa_tm_x9471#5,lookup,7,1,1
docling,nasa_tm_x9471,T4,M,structure_preserving,nasa_tm_x9471#6,lookup,7,1,1
docling,nasa_tm_x9471,T4,M,structure_preserving,nasa_tm_x9471#7,lookup,7,1,1
docling,nasa_tm_x9471,T4,M,structure_preserving,nasa_tm_x9471#8,lookup,7,1,1
docling,nasa_tm_x9471,T4,M,structure_preserving,nasa_tm_x9471#9,lookup,7,1,1
docling,nasa_tm_x9471,T4,M,structure_preserving,nasa_tm_x9471#10,figure,7,0,0
docling,nasa_tm_x9471,T4,M,structure_preserving,nasa_tm_x9471#11,figure,7,0,0
docling,nasa_tm_x9471,T4,M,structure_preserving,nasa_tm_x9471#12,figure,7,0,0
docling,nasa_webb_factsheet,T4,S,structure_preserving,nasa_webb_factsheet#1,lookup,2,1,1
docling,nasa_webb_factsheet,T4,S,structure_preserving,nasa_webb_factsheet#2,lookup,2,1,1
docling,nasa_webb_factsheet,T4,S,structure_preserving,nasa_webb_factsheet#3,lookup,2,1,1
docling,nasa_webb_factsheet,T4,S,structure_preserving,nasa_webb_factsheet#4,lookup,2,1,1
docling,nasa_webb_factsheet,T4,S,structure_preserving,nasa_webb_factsheet#5,lookup,2,1,1
docling,nasa_webb_factsheet,T4,S,structure_preserving,nasa_webb_factsheet#6,lookup,2,1,1
docling,nasa_webb_factsheet,T4,S,structure_preserving,nasa_webb_factsheet#7,lookup,2,1,1
docling,nasa_webb_factsheet,T4,S,structure_preserving,nasa_webb_factsheet#8,table_multi_row,2,1,1
docling,nasa_webb_factsheet,T4,S,structure_preserving,nasa_webb_factsheet#9,figure,2,0,0
docling,nasa_webb_factsheet,T4,S,structure_preserving,nasa_webb_factsheet#10,figure,2,0,0
docling,nasa_webb_factsheet,T4,S,structure_preserving,nasa_webb_factsheet#11,figure,2,0,0
docling,nasa_webb_factsheet,T4,S,structure_preserving,nasa_webb_factsheet#12,figure,2,0,0
docling,p60_282,T2,L,structure_preserving,p60_282#1,lookup,803,1,1
docling,p60_282,T2,L,structure_preserving,p60_282#2,lookup,803,1,1
docling,p60_282,T2,L,structure_preserving,p60_282#3,lookup,803,1,1
docling,p60_282,T2,L,structure_preserving,p60_282#4,table_cell,803,1,1
docling,p60_282,T2,L,structure_preserving,p60_282#5,table_cell,803,1,1
docling,p60_282,T2,L,structure_preserving,p60_282#6,table_cell,803,1,1
docling,p60_282,T2,L,structure_preserving,p60_282#7,table_cell,803,0,0
docling,p60_282,T2,L,structure_preserving,p60_282#8,lookup,803,1,1
docling,p60_282,T2,L,structure_preserving,p60_282#9,lookup,803,1,1
docling,p60_282,T2,L,structure_preserving,p60_282#10,table_cell,803,0,0
docling,p60_282,T2,L,structure_preserving,p60_282#11,table_cell,803,0,0
docling,p60_282,T2,L,structure_preserving,p60_282#12,table_cell,803,0,0
docling,p60_282,T2,L,structure_preserving,p60_282#13,table_multi_row,803,0,0
docling,rfc9110,T1,XL,structure_preserving,rfc9110#1,lookup,343,1,1
docling,rfc9110,T1,XL,structure_preserving,rfc9110#2,lookup,343,1,1
docling,rfc9110,T1,XL,structure_preserving,rfc9110#3,lookup,343,1,1
docling,rfc9110,T1,XL,structure_preserving,rfc9110#4,table_cell,343,1,1
docling,rfc9110,T1,XL,structure_preserving,rfc9110#5,table_cell,343,1,1
docling,rfc9110,T1,XL,structure_preserving,rfc9110#6,table_multi_row,343,1,1
docling,rfc9110,T1,XL,structure_preserving,rfc9110#7,lookup,343,1,1
docling,rfc9110,T1,XL,structure_preserving,rfc9110#8,lookup,343,1,1
docling,rfc9110,T1,XL,structure_preserving,rfc9110#9,lookup,343,1,1
docling,rfc9110,T1,XL,structure_preserving,rfc9110#10,lookup,343,1,1
docling,rfc9110,T1,XL,structure_preserving,rfc9110#11,lookup,343,1,1
docling,rfc9110,T1,XL,structure_preserving,rfc9110#12,lookup,343,1,1
docling,rfc9112,T1,L,structure_preserving,rfc9112#1,lookup,77,1,1
docling,rfc9112,T1,L,structure_preserving,rfc9112#2,lookup,77,1,1
docling,rfc9112,T1,L,structure_preserving,rfc9112#3,lookup,77,1,1
docling,rfc9112,T1,L,structure_preserving,rfc9112#4,lookup,77,1,1
docling,rfc9112,T1,L,structure_preserving,rfc9112#5,lookup,77,1,1
docling,rfc9112,T1,L,structure_preserving,rfc9112#6,cross_page,77,1,1
docling,rfc9112,T1,L,structure_preserving,rfc9112#7,lookup,77,1,1
docling,rfc9112,T1,L,structure_preserving,rfc9112#8,lookup,77,1,1
docling,rfc9112,T1,L,structure_preserving,rfc9112#9,lookup,77,1,1
docling,rfc9112,T1,L,structure_preserving,rfc9112#10,lookup,77,1,1
docling,rfc9112,T1,L,structure_preserving,rfc9112#11,lookup,77,1,1
docling,rfc9112,T1,L,structure_preserving,rfc9112#12,lookup,77,1,1
docling,rfc9112,T1,L,structure_preserving,rfc9112#13,lookup,77,1,1
docling,rfc9112,T1,L,structure_preserving,rfc9112#14,lookup,77,1,1
docling,rfc9112,T1,L,structure_preserving,rfc9112#15,lookup,77,0,0
docling,rfc9112,T1,L,structure_preserving,rfc9112#16,lookup,77,1,1
docling,rfc9158,T1,S,structure_preserving,rfc9158#1,lookup,7,1,1
docling,rfc9158,T1,S,structure_preserving,rfc9158#2,lookup,7,1,1
docling,rfc9158,T1,S,structure_preserving,rfc9158#3,lookup,7,1,1
docling,rfc9158,T1,S,structure_preserving,rfc9158#4,lookup,7,1,1
docling,rfc9158,T1,S,structure_preserving,rfc9158#5,table_multi_row,7,0,1
docling,rfc9158,T1,S,structure_preserving,rfc9158#6,table_cell,7,1,1
docling,rfc9158,T1,S,structure_preserving,rfc9158#7,lookup,7,1,1
docling,rfc9158,T1,S,structure_preserving,rfc9158#8,lookup,7,1,1
docling,rfc9158,T1,S,structure_preserving,rfc9158#9,cross_page,7,0,0
docling,rfc9457,T1,M,structure_preserving,rfc9457#1,lookup,27,1,1
docling,rfc9457,T1,M,structure_preserving,rfc9457#2,lookup,27,1,1
docling,rfc9457,T1,M,structure_preserving,rfc9457#3,lookup,27,1,1
docling,rfc9457,T1,M,structure_preserving,rfc9457#4,lookup,27,1,1
docling,rfc9457,T1,M,structure_preserving,rfc9457#5,lookup,27,1,1
docling,rfc9457,T1,M,structure_preserving,rfc9457#6,lookup,27,1,1
docling,rfc9457,T1,M,structure_preserving,rfc9457#7,lookup,27,1,1
docling,rfc9457,T1,M,structure_preserving,rfc9457#8,lookup,27,1,1
docling,rfc9457,T1,M,structure_preserving,rfc9457#9,lookup,27,1,1
docling,rfc9457,T1,M,structure_preserving,rfc9457#10,lookup,27,1,1
docling,rfc9457,T1,M,structure_preserving,rfc9457#11,lookup,27,1,1
docling,scan_acsbr_023,T3,M,structure_preserving,scan_acsbr_023#1,lookup,103,1,1
docling,scan_acsbr_023,T3,M,structure_preserving,scan_acsbr_023#2,lookup,103,1,1
docling,scan_acsbr_023,T3,M,structure_preserving,scan_acsbr_023#3,lookup,103,1,1
docling,scan_acsbr_023,T3,M,structure_preserving,scan_acsbr_023#4,lookup,103,1,1
docling,scan_acsbr_023,T3,M,structure_preserving,scan_acsbr_023#5,lookup,103,1,1
docling,scan_acsbr_023,T3,M,structure_preserving,scan_acsbr_023#6,lookup,103,1,1
docling,scan_acsbr_023,T3,M,structure_preserving,scan_acsbr_023#7,table_cell,103,1,1
docling,scan_acsbr_023,T3,M,structure_preserving,scan_acsbr_023#8,table_cell,103,1,1
docling,scan_acsbr_023,T3,M,structure_preserving,scan_acsbr_023#9,table_cell,103,1,1
docling,scan_acsbr_023,T3,M,structure_preserving,scan_acsbr_023#10,table_cell,103,1,1
docling,scan_acsbr_023,T3,M,structure_preserving,scan_acsbr_023#11,table_multi_row,103,1,1
docling,scan_acsbr_023,T3,M,structure_preserving,scan_acsbr_023#12,table_cell,103,1,1
docling,scan_p60_282,T3,L,structure_preserving,scan_p60_282#1,lookup,766,1,1
docling,scan_p60_282,T3,L,structure_preserving,scan_p60_282#2,lookup,766,1,1
docling,scan_p60_282,T3,L,structure_preserving,scan_p60_282#3,lookup,766,1,1
docling,scan_p60_282,T3,L,structure_preserving,scan_p60_282#4,table_cell,766,1,1
docling,scan_p60_282,T3,L,structure_preserving,scan_p60_282#5,table_cell,766,1,1
docling,scan_p60_282,T3,L,structure_preserving,scan_p60_282#6,table_cell,766,1,1
docling,scan_p60_282,T3,L,structure_preserving,scan_p60_282#7,table_cell,766,0,0
docling,scan_p60_282,T3,L,structure_preserving,scan_p60_282#8,lookup,766,1,1
docling,scan_p60_282,T3,L,structure_preserving,scan_p60_282#9,lookup,766,1,1
docling,scan_p60_282,T3,L,structure_preserving,scan_p60_282#10,table_cell,766,0,0
docling,scan_p60_282,T3,L,structure_preserving,scan_p60_282#11,table_cell,766,0,0
docling,scan_p60_282,T3,L,structure_preserving,scan_p60_282#12,table_cell,766,0,0
docling,scan_p60_282,T3,L,structure_preserving,scan_p60_282#13,table_multi_row,766,0,0
docling,scan_rfc9110,T3,XL,structure_preserving,scan_rfc9110#1,lookup,334,1,1
docling,scan_rfc9110,T3,XL,structure_preserving,scan_rfc9110#2,lookup,334,1,1
docling,scan_rfc9110,T3,XL,structure_preserving,scan_rfc9110#3,lookup,334,1,1
docling,scan_rfc9110,T3,XL,structure_preserving,scan_rfc9110#4,table_cell,334,0,1
docling,scan_rfc9110,T3,XL,structure_preserving,scan_rfc9110#5,table_cell,334,1,1
docling,scan_rfc9110,T3,XL,structure_preserving,scan_rfc9110#6,table_multi_row,334,1,1
docling,scan_rfc9110,T3,XL,structure_preserving,scan_rfc9110#7,lookup,334,1,1
docling,scan_rfc9110,T3,XL,structure_preserving,scan_rfc9110#8,lookup,334,1,1
docling,scan_rfc9110,T3,XL,structure_preserving,scan_rfc9110#9,lookup,334,1,1
docling,scan_rfc9110,T3,XL,structure_preserving,scan_rfc9110#10,lookup,334,1,1
docling,scan_rfc9110,T3,XL,structure_preserving,scan_rfc9110#11,lookup,334,1,1
docling,scan_rfc9110,T3,XL,structure_preserving,scan_rfc9110#12,lookup,334,1,1
docling,scan_rfc9158,T3,S,structure_preserving,scan_rfc9158#1,lookup,6,1,1
docling,scan_rfc9158,T3,S,structure_preserving,scan_rfc9158#2,lookup,6,1,1
docling,scan_rfc9158,T3,S,structure_preserving,scan_rfc9158#3,lookup,6,1,1
docling,scan_rfc9158,T3,S,structure_preserving,scan_rfc9158#4,lookup,6,1,1
docling,scan_rfc9158,T3,S,structure_preserving,scan_rfc9158#5,table_multi_row,6,0,1
docling,scan_rfc9158,T3,S,structure_preserving,scan_rfc9158#6,table_cell,6,1,1
docling,scan_rfc9158,T3,S,structure_preserving,scan_rfc9158#7,lookup,6,1,1
docling,scan_rfc9158,T3,S,structure_preserving,scan_rfc9158#8,lookup,6,1,1
docling,scan_rfc9158,T3,S,structure_preserving,scan_rfc9158#9,cross_page,6,0,0
docling,scan_rfc9457,T3,M,structure_preserving,scan_rfc9457#1,lookup,23,1,1
docling,scan_rfc9457,T3,M,structure_preserving,scan_rfc9457#2,lookup,23,1,1
docling,scan_rfc9457,T3,M,structure_preserving,scan_rfc9457#3,lookup,23,1,1
docling,scan_rfc9457,T3,M,structure_preserving,scan_rfc9457#4,lookup,23,1,1
docling,scan_rfc9457,T3,M,structure_preserving,scan_rfc9457#5,lookup,23,1,1
docling,scan_rfc9457,T3,M,structure_preserving,scan_rfc9457#6,lookup,23,1,1
docling,scan_rfc9457,T3,M,structure_preserving,scan_rfc9457#7,lookup,23,1,1
docling,scan_rfc9457,T3,M,structure_preserving,scan_rfc9457#8,lookup,23,1,1
docling,scan_rfc9457,T3,M,structure_preserving,scan_rfc9457#9,lookup,23,1,1
docling,scan_rfc9457,T3,M,structure_preserving,scan_rfc9457#10,lookup,23,1,1
docling,scan_rfc9457,T3,M,structure_preserving,scan_rfc9457#11,lookup,23,0,0
easyocr,acsbr_023,T2,M,structure_preserving,acsbr_023#1,lookup,27,1,1
easyocr,acsbr_023,T2,M,structure_preserving,acsbr_023#2,lookup,27,1,1
easyocr,acsbr_023,T2,M,structure_preserving,acsbr_023#3,lookup,27,0,1
easyocr,acsbr_023,T2,M,structure_preserving,acsbr_023#4,lookup,27,0,1
easyocr,acsbr_023,T2,M,structure_preserving,acsbr_023#5,lookup,27,0,1
easyocr,acsbr_023,T2,M,structure_preserving,acsbr_023#6,lookup,27,1,1
easyocr,acsbr_023,T2,M,structure_preserving,acsbr_023#7,table_cell,27,1,1
easyocr,acsbr_023,T2,M,structure_preserving,acsbr_023#8,table_cell,27,1,1
easyocr,acsbr_023,T2,M,structure_preserving,acsbr_023#9,table_cell,27,0,0
easyocr,acsbr_023,T2,M,structure_preserving,acsbr_023#10,table_cell,27,0,1
easyocr,acsbr_023,T2,M,structure_preserving,acsbr_023#11,table_multi_row,27,1,1
easyocr,acsbr_023,T2,M,structure_preserving,acsbr_023#12,table_cell,27,1,1
easyocr,erp2024_full,T2,XL,structure_preserving,erp2024_full#1,lookup,842,1,1
easyocr,erp2024_full,T2,XL,structure_preserving,erp2024_full#2,table_cell,842,0,0
easyocr,erp2024_full,T2,XL,structure_preserving,erp2024_full#3,lookup,842,1,1
easyocr,erp2024_full,T2,XL,structure_preserving,erp2024_full#4,table_cell,842,1,1
easyocr,erp2024_full,T2,XL,structure_preserving,erp2024_full#5,table_cell,842,1,1
easyocr,erp2024_full,T2,XL,structure_preserving,erp2024_full#6,table_cell,842,1,1
easyocr,erp2024_full,T2,XL,structure_preserving,erp2024_full#7,table_multi_row,842,1,1
easyocr,erp2024_full,T2,XL,structure_preserving,erp2024_full#8,lookup,842,1,1
easyocr,erp2024_full,T2,XL,structure_preserving,erp2024_full#9,lookup,842,1,1
easyocr,erp2024_full,T2,XL,structure_preserving,erp2024_full#10,table_cell,842,1,1
easyocr,erp2024_full,T2,XL,structure_preserving,erp2024_full#11,table_cell,842,0,1
easyocr,erp2024_table1,T2,S,structure_preserving,erp2024_table1#1,lookup,5,1,1
easyocr,erp2024_table1,T2,S,structure_preserving,erp2024_table1#2,table_cell,5,1,1
easyocr,erp2024_table1,T2,S,structure_preserving,erp2024_table1#3,table_cell,5,0,0
easyocr,erp2024_table1,T2,S,structure_preserving,erp2024_table1#4,table_cell,5,0,0
easyocr,erp2024_table1,T2,S,structure_preserving,erp2024_table1#5,table_cell,5,0,0
easyocr,erp2024_table1,T2,S,structure_preserving,erp2024_table1#6,table_cell,5,0,0
easyocr,erp2024_table1,T2,S,structure_preserving,erp2024_table1#7,table_cell,5,0,0
easyocr,erp2024_table1,T2,S,structure_preserving,erp2024_table1#8,lookup,5,1,1
easyocr,erp2024_table1,T2,S,structure_preserving,erp2024_table1#9,lookup,5,1,1
easyocr,erp2024_table3,T2,S,structure_preserving,erp2024_table3#1,lookup,5,1,1
easyocr,erp2024_table3,T2,S,structure_preserving,erp2024_table3#2,lookup,5,1,1
easyocr,erp2024_table3,T2,S,structure_preserving,erp2024_table3#3,table_cell,5,0,0
easyocr,erp2024_table3,T2,S,structure_preserving,erp2024_table3#4,table_cell,5,0,0
easyocr,erp2024_table3,T2,S,structure_preserving,erp2024_table3#5,table_cell,5,0,0
easyocr,erp2024_table3,T2,S,structure_preserving,erp2024_table3#6,table_cell,5,0,0
easyocr,erp2024_table3,T2,S,structure_preserving,erp2024_table3#7,table_multi_row,5,0,0
easyocr,erp2024_table3,T2,S,structure_preserving,erp2024_table3#8,table_cell,5,0,0
easyocr,erp2024_table3,T2,S,structure_preserving,erp2024_table3#9,table_cell,5,0,0
easyocr,erp2024_table3,T2,S,structure_preserving,erp2024_table3#10,table_cell,5,0,0
easyocr,gen_t2_long,T2,S,structure_preserving,gen_t2_long#1,table_cell,4,1,1
easyocr,gen_t2_long,T2,S,structure_preserving,gen_t2_long#2,table_cell,4,1,1
easyocr,gen_t2_long,T2,S,structure_preserving,gen_t2_long#3,table_cell,4,1,1
easyocr,gen_t2_long,T2,S,structure_preserving,gen_t2_long#4,table_cell,4,1,1
easyocr,gen_t2_merged,T2,S,structure_preserving,gen_t2_merged#1,table_cell,1,1,1
easyocr,gen_t2_rotated,T2,S,structure_preserving,gen_t2_rotated#1,table_cell,1,0,0
easyocr,gen_t2_rotated,T2,S,structure_preserving,gen_t2_rotated#2,table_cell,1,0,0
easyocr,gen_t2_simple,T2,S,structure_preserving,gen_t2_simple#1,table_cell,1,1,1
easyocr,gen_t2_simple,T2,S,structure_preserving,gen_t2_simple#2,table_cell,1,1,1
easyocr,gen_t2_simple,T2,S,structure_preserving,gen_t2_simple#3,table_cell,1,1,1
easyocr,gen_t4_bar,T4,S,structure_preserving,gen_t4_bar#1,figure,1,1,1
easyocr,gen_t4_flow,T4,S,structure_preserving,gen_t4_flow#1,figure,1,1,1
easyocr,gen_t4_line,T4,S,structure_preserving,gen_t4_line#1,figure,1,1,1
easyocr,gen_t4_mixed,T4,S,structure_preserving,gen_t4_mixed#1,table_cell,1,1,1
easyocr,nasa_se_handbook,T4,XL,structure_preserving,nasa_se_handbook#1,lookup,515,0,0
easyocr,nasa_se_handbook,T4,XL,structure_preserving,nasa_se_handbook#2,lookup,515,0,1
easyocr,nasa_se_handbook,T4,XL,structure_preserving,nasa_se_handbook#3,figure,515,1,1
easyocr,nasa_se_handbook,T4,XL,structure_preserving,nasa_se_handbook#4,lookup,515,0,0
easyocr,nasa_se_handbook,T4,XL,structure_preserving,nasa_se_handbook#5,lookup,515,1,1
easyocr,nasa_se_handbook,T4,XL,structure_preserving,nasa_se_handbook#6,table_multi_row,515,1,1
easyocr,nasa_se_handbook,T4,XL,structure_preserving,nasa_se_handbook#7,lookup,515,1,1
easyocr,nasa_se_handbook,T4,XL,structure_preserving,nasa_se_handbook#8,lookup,515,1,1
easyocr,nasa_se_handbook,T4,XL,structure_preserving,nasa_se_handbook#9,lookup,515,1,1
easyocr,nasa_se_handbook,T4,XL,structure_preserving,nasa_se_handbook#10,lookup,515,1,1
easyocr,nasa_se_handbook,T4,XL,structure_preserving,nasa_se_handbook#11,lookup,515,1,1
easyocr,nasa_se_handbook,T4,XL,structure_preserving,nasa_se_handbook#12,lookup,515,1,1
easyocr,nasa_tm100396,T4,L,structure_preserving,nasa_tm100396#1,lookup,75,1,1
easyocr,nasa_tm100396,T4,L,structure_preserving,nasa_tm100396#2,lookup,75,1,1
easyocr,nasa_tm100396,T4,L,structure_preserving,nasa_tm100396#3,lookup,75,1,1
easyocr,nasa_tm100396,T4,L,structure_preserving,nasa_tm100396#4,lookup,75,1,1
easyocr,nasa_tm100396,T4,L,structure_preserving,nasa_tm100396#5,lookup,75,1,1
easyocr,nasa_tm100396,T4,L,structure_preserving,nasa_tm100396#6,lookup,75,1,1
easyocr,nasa_tm100396,T4,L,structure_preserving,nasa_tm100396#7,lookup,75,1,1
easyocr,nasa_tm100396,T4,L,structure_preserving,nasa_tm100396#8,lookup,75,1,1
easyocr,nasa_tm100396,T4,L,structure_preserving,nasa_tm100396#9,lookup,75,1,1
easyocr,nasa_tm100396,T4,L,structure_preserving,nasa_tm100396#10,cross_page,75,0,0
easyocr,nasa_tm100396,T4,L,structure_preserving,nasa_tm100396#11,lookup,75,1,1
easyocr,nasa_tm100396,T4,L,structure_preserving,nasa_tm100396#12,table_cell,75,1,1
easyocr,nasa_tm104114,T4,XL,structure_preserving,nasa_tm104114#1,lookup,112,1,1
easyocr,nasa_tm104114,T4,XL,structure_preserving,nasa_tm104114#2,lookup,112,1,1
easyocr,nasa_tm104114,T4,XL,structure_preserving,nasa_tm104114#3,lookup,112,1,1
easyocr,nasa_tm104114,T4,XL,structure_preserving,nasa_tm104114#4,table_cell,112,1,1
easyocr,nasa_tm104114,T4,XL,structure_preserving,nasa_tm104114#5,table_cell,112,1,1
easyocr,nasa_tm104114,T4,XL,structure_preserving,nasa_tm104114#6,table_cell,112,0,0
easyocr,nasa_tm104114,T4,XL,structure_preserving,nasa_tm104114#7,table_cell,112,1,1
easyocr,nasa_tm104114,T4,XL,structure_preserving,nasa_tm104114#8,lookup,112,1,1
easyocr,nasa_tm104114,T4,XL,structure_preserving,nasa_tm104114#9,lookup,112,1,1
easyocr,nasa_tm104114,T4,XL,structure_preserving,nasa_tm104114#10,lookup,112,1,1
easyocr,nasa_tm104114,T4,XL,structure_preserving,nasa_tm104114#11,lookup,112,1,1
easyocr,nasa_tm_x9471,T4,M,structure_preserving,nasa_tm_x9471#1,lookup,9,1,1
easyocr,nasa_tm_x9471,T4,M,structure_preserving,nasa_tm_x9471#2,lookup,9,1,1
easyocr,nasa_tm_x9471,T4,M,structure_preserving,nasa_tm_x9471#3,lookup,9,1,1
easyocr,nasa_tm_x9471,T4,M,structure_preserving,nasa_tm_x9471#4,lookup,9,0,0
easyocr,nasa_tm_x9471,T4,M,structure_preserving,nasa_tm_x9471#5,lookup,9,1,1
easyocr,nasa_tm_x9471,T4,M,structure_preserving,nasa_tm_x9471#6,lookup,9,1,1
easyocr,nasa_tm_x9471,T4,M,structure_preserving,nasa_tm_x9471#7,lookup,9,1,1
easyocr,nasa_tm_x9471,T4,M,structure_preserving,nasa_tm_x9471#8,lookup,9,1,1
easyocr,nasa_tm_x9471,T4,M,structure_preserving,nasa_tm_x9471#9,lookup,9,1,1
easyocr,nasa_tm_x9471,T4,M,structure_preserving,nasa_tm_x9471#10,figure,9,1,1
easyocr,nasa_tm_x9471,T4,M,structure_preserving,nasa_tm_x9471#11,figure,9,1,1
easyocr,nasa_tm_x9471,T4,M,structure_preserving,nasa_tm_x9471#12,figure,9,1,1
easyocr,nasa_webb_factsheet,T4,S,structure_preserving,nasa_webb_factsheet#1,lookup,3,1,1
easyocr,nasa_webb_factsheet,T4,S,structure_preserving,nasa_webb_factsheet#2,lookup,3,1,1
easyocr,nasa_webb_factsheet,T4,S,structure_preserving,nasa_webb_factsheet#3,lookup,3,1,1
easyocr,nasa_webb_factsheet,T4,S,structure_preserving,nasa_webb_factsheet#4,lookup,3,1,1
easyocr,nasa_webb_factsheet,T4,S,structure_preserving,nasa_webb_factsheet#5,lookup,3,1,1
easyocr,nasa_webb_factsheet,T4,S,structure_preserving,nasa_webb_factsheet#6,lookup,3,1,1
easyocr,nasa_webb_factsheet,T4,S,structure_preserving,nasa_webb_factsheet#7,lookup,3,1,1
easyocr,nasa_webb_factsheet,T4,S,structure_preserving,nasa_webb_factsheet#8,table_multi_row,3,1,1
easyocr,nasa_webb_factsheet,T4,S,structure_preserving,nasa_webb_factsheet#9,figure,3,1,1
easyocr,nasa_webb_factsheet,T4,S,structure_preserving,nasa_webb_factsheet#10,figure,3,1,1
easyocr,nasa_webb_factsheet,T4,S,structure_preserving,nasa_webb_factsheet#11,figure,3,1,1
easyocr,nasa_webb_factsheet,T4,S,structure_preserving,nasa_webb_factsheet#12,figure,3,1,1
easyocr,p60_282,T2,L,structure_preserving,p60_282#1,lookup,169,1,1
easyocr,p60_282,T2,L,structure_preserving,p60_282#2,lookup,169,1,1
easyocr,p60_282,T2,L,structure_preserving,p60_282#3,lookup,169,0,0
easyocr,p60_282,T2,L,structure_preserving,p60_282#4,table_cell,169,1,1
easyocr,p60_282,T2,L,structure_preserving,p60_282#5,table_cell,169,0,0
easyocr,p60_282,T2,L,structure_preserving,p60_282#6,table_cell,169,1,1
easyocr,p60_282,T2,L,structure_preserving,p60_282#7,table_cell,169,0,0
easyocr,p60_282,T2,L,structure_preserving,p60_282#8,lookup,169,0,1
easyocr,p60_282,T2,L,structure_preserving,p60_282#9,lookup,169,1,1
easyocr,p60_282,T2,L,structure_preserving,p60_282#10,table_cell,169,0,1
easyocr,p60_282,T2,L,structure_preserving,p60_282#11,table_cell,169,0,1
easyocr,p60_282,T2,L,structure_preserving,p60_282#12,table_cell,169,0,0
easyocr,p60_282,T2,L,structure_preserving,p60_282#13,table_multi_row,169,1,1
easyocr,rfc9110,T1,XL,structure_preserving,rfc9110#1,lookup,348,1,1
easyocr,rfc9110,T1,XL,structure_preserving,rfc9110#2,lookup,348,1,1
easyocr,rfc9110,T1,XL,structure_preserving,rfc9110#3,lookup,348,0,0
easyocr,rfc9110,T1,XL,structure_preserving,rfc9110#4,table_cell,348,1,1
easyocr,rfc9110,T1,XL,structure_preserving,rfc9110#5,table_cell,348,1,1
easyocr,rfc9110,T1,XL,structure_preserving,rfc9110#6,table_multi_row,348,1,1
easyocr,rfc9110,T1,XL,structure_preserving,rfc9110#7,lookup,348,1,1
easyocr,rfc9110,T1,XL,structure_preserving,rfc9110#8,lookup,348,1,1
easyocr,rfc9110,T1,XL,structure_preserving,rfc9110#9,lookup,348,1,1
easyocr,rfc9110,T1,XL,structure_preserving,rfc9110#10,lookup,348,1,1
easyocr,rfc9110,T1,XL,structure_preserving,rfc9110#11,lookup,348,1,1
easyocr,rfc9110,T1,XL,structure_preserving,rfc9110#12,lookup,348,1,1
easyocr,rfc9112,T1,L,structure_preserving,rfc9112#1,lookup,79,1,1
easyocr,rfc9112,T1,L,structure_preserving,rfc9112#2,lookup,79,1,1
easyocr,rfc9112,T1,L,structure_preserving,rfc9112#3,lookup,79,1,1
easyocr,rfc9112,T1,L,structure_preserving,rfc9112#4,lookup,79,1,1
easyocr,rfc9112,T1,L,structure_preserving,rfc9112#5,lookup,79,1,1
easyocr,rfc9112,T1,L,structure_preserving,rfc9112#6,cross_page,79,1,1
easyocr,rfc9112,T1,L,structure_preserving,rfc9112#7,lookup,79,0,0
easyocr,rfc9112,T1,L,structure_preserving,rfc9112#8,lookup,79,1,1
easyocr,rfc9112,T1,L,structure_preserving,rfc9112#9,lookup,79,1,1
easyocr,rfc9112,T1,L,structure_preserving,rfc9112#10,lookup,79,1,1
easyocr,rfc9112,T1,L,structure_preserving,rfc9112#11,lookup,79,1,1
easyocr,rfc9112,T1,L,structure_preserving,rfc9112#12,lookup,79,1,1
easyocr,rfc9112,T1,L,structure_preserving,rfc9112#13,lookup,79,1,1
easyocr,rfc9112,T1,L,structure_preserving,rfc9112#14,lookup,79,1,1
easyocr,rfc9112,T1,L,structure_preserving,rfc9112#15,lookup,79,1,1
easyocr,rfc9112,T1,L,structure_preserving,rfc9112#16,lookup,79,1,1
easyocr,rfc9158,T1,S,structure_preserving,rfc9158#1,lookup,5,1,1
easyocr,rfc9158,T1,S,structure_preserving,rfc9158#2,lookup,5,1,1
easyocr,rfc9158,T1,S,structure_preserving,rfc9158#3,lookup,5,1,1
easyocr,rfc9158,T1,S,structure_preserving,rfc9158#4,lookup,5,1,1
easyocr,rfc9158,T1,S,structure_preserving,rfc9158#5,table_multi_row,5,1,1
easyocr,rfc9158,T1,S,structure_preserving,rfc9158#6,table_cell,5,1,1
easyocr,rfc9158,T1,S,structure_preserving,rfc9158#7,lookup,5,1,1
easyocr,rfc9158,T1,S,structure_preserving,rfc9158#8,lookup,5,1,1
easyocr,rfc9158,T1,S,structure_preserving,rfc9158#9,cross_page,5,0,0
easyocr,rfc9457,T1,M,structure_preserving,rfc9457#1,lookup,27,1,1
easyocr,rfc9457,T1,M,structure_preserving,rfc9457#2,lookup,27,1,1
easyocr,rfc9457,T1,M,structure_preserving,rfc9457#3,lookup,27,1,1
easyocr,rfc9457,T1,M,structure_preserving,rfc9457#4,lookup,27,0,0
easyocr,rfc9457,T1,M,structure_preserving,rfc9457#5,lookup,27,1,1
easyocr,rfc9457,T1,M,structure_preserving,rfc9457#6,lookup,27,1,1
easyocr,rfc9457,T1,M,structure_preserving,rfc9457#7,lookup,27,1,1
easyocr,rfc9457,T1,M,structure_preserving,rfc9457#8,lookup,27,1,1
easyocr,rfc9457,T1,M,structure_preserving,rfc9457#9,lookup,27,1,1
easyocr,rfc9457,T1,M,structure_preserving,rfc9457#10,lookup,27,1,1
easyocr,rfc9457,T1,M,structure_preserving,rfc9457#11,lookup,27,1,1
easyocr,scan_acsbr_023,T3,M,structure_preserving,scan_acsbr_023#1,lookup,25,1,1
easyocr,scan_acsbr_023,T3,M,structure_preserving,scan_acsbr_023#2,lookup,25,1,1
easyocr,scan_acsbr_023,T3,M,structure_preserving,scan_acsbr_023#3,lookup,25,0,1
easyocr,scan_acsbr_023,T3,M,structure_preserving,scan_acsbr_023#4,lookup,25,0,1
easyocr,scan_acsbr_023,T3,M,structure_preserving,scan_acsbr_023#5,lookup,25,0,1
easyocr,scan_acsbr_023,T3,M,structure_preserving,scan_acsbr_023#6,lookup,25,1,1
easyocr,scan_acsbr_023,T3,M,structure_preserving,scan_acsbr_023#7,table_cell,25,1,1
easyocr,scan_acsbr_023,T3,M,structure_preserving,scan_acsbr_023#8,table_cell,25,0,1
easyocr,scan_acsbr_023,T3,M,structure_preserving,scan_acsbr_023#9,table_cell,25,0,0
easyocr,scan_acsbr_023,T3,M,structure_preserving,scan_acsbr_023#10,table_cell,25,0,1
easyocr,scan_acsbr_023,T3,M,structure_preserving,scan_acsbr_023#11,table_multi_row,25,1,1
easyocr,scan_acsbr_023,T3,M,structure_preserving,scan_acsbr_023#12,table_cell,25,1,1
easyocr,scan_p60_282,T3,L,structure_preserving,scan_p60_282#1,lookup,173,1,1
easyocr,scan_p60_282,T3,L,structure_preserving,scan_p60_282#2,lookup,173,1,1
easyocr,scan_p60_282,T3,L,structure_preserving,scan_p60_282#3,lookup,173,0,1
easyocr,scan_p60_282,T3,L,structure_preserving,scan_p60_282#4,table_cell,173,1,1
easyocr,scan_p60_282,T3,L,structure_preserving,scan_p60_282#5,table_cell,173,0,0
easyocr,scan_p60_282,T3,L,structure_preserving,scan_p60_282#6,table_cell,173,1,1
easyocr,scan_p60_282,T3,L,structure_preserving,scan_p60_282#7,table_cell,173,0,0
easyocr,scan_p60_282,T3,L,structure_preserving,scan_p60_282#8,lookup,173,0,1
easyocr,scan_p60_282,T3,L,structure_preserving,scan_p60_282#9,lookup,173,1,1
easyocr,scan_p60_282,T3,L,structure_preserving,scan_p60_282#10,table_cell,173,0,1
easyocr,scan_p60_282,T3,L,structure_preserving,scan_p60_282#11,table_cell,173,0,1
easyocr,scan_p60_282,T3,L,structure_preserving,scan_p60_282#12,table_cell,173,1,1
easyocr,scan_p60_282,T3,L,structure_preserving,scan_p60_282#13,table_multi_row,173,1,1
easyocr,scan_rfc9110,T3,XL,structure_preserving,scan_rfc9110#1,lookup,348,1,1
easyocr,scan_rfc9110,T3,XL,structure_preserving,scan_rfc9110#2,lookup,348,1,1
easyocr,scan_rfc9110,T3,XL,structure_preserving,scan_rfc9110#3,lookup,348,0,0
easyocr,scan_rfc9110,T3,XL,structure_preserving,scan_rfc9110#4,table_cell,348,1,1
easyocr,scan_rfc9110,T3,XL,structure_preserving,scan_rfc9110#5,table_cell,348,1,1
easyocr,scan_rfc9110,T3,XL,structure_preserving,scan_rfc9110#6,table_multi_row,348,1,1
easyocr,scan_rfc9110,T3,XL,structure_preserving,scan_rfc9110#7,lookup,348,1,1
easyocr,scan_rfc9110,T3,XL,structure_preserving,scan_rfc9110#8,lookup,348,1,1
easyocr,scan_rfc9110,T3,XL,structure_preserving,scan_rfc9110#9,lookup,348,1,1
easyocr,scan_rfc9110,T3,XL,structure_preserving,scan_rfc9110#10,lookup,348,1,1
easyocr,scan_rfc9110,T3,XL,structure_preserving,scan_rfc9110#11,lookup,348,1,1
easyocr,scan_rfc9110,T3,XL,structure_preserving,scan_rfc9110#12,lookup,348,0,0
easyocr,scan_rfc9158,T3,S,structure_preserving,scan_rfc9158#1,lookup,5,1,1
easyocr,scan_rfc9158,T3,S,structure_preserving,scan_rfc9158#2,lookup,5,1,1
easyocr,scan_rfc9158,T3,S,structure_preserving,scan_rfc9158#3,lookup,5,1,1
easyocr,scan_rfc9158,T3,S,structure_preserving,scan_rfc9158#4,lookup,5,1,1
easyocr,scan_rfc9158,T3,S,structure_preserving,scan_rfc9158#5,table_multi_row,5,1,1
easyocr,scan_rfc9158,T3,S,structure_preserving,scan_rfc9158#6,table_cell,5,1,1
easyocr,scan_rfc9158,T3,S,structure_preserving,scan_rfc9158#7,lookup,5,1,1
easyocr,scan_rfc9158,T3,S,structure_preserving,scan_rfc9158#8,lookup,5,1,1
easyocr,scan_rfc9158,T3,S,structure_preserving,scan_rfc9158#9,cross_page,5,0,0
easyocr,scan_rfc9457,T3,M,structure_preserving,scan_rfc9457#1,lookup,27,1,1
easyocr,scan_rfc9457,T3,M,structure_preserving,scan_rfc9457#2,lookup,27,1,1
easyocr,scan_rfc9457,T3,M,structure_preserving,scan_rfc9457#3,lookup,27,1,1
easyocr,scan_rfc9457,T3,M,structure_preserving,scan_rfc9457#4,lookup,27,1,1
easyocr,scan_rfc9457,T3,M,structure_preserving,scan_rfc9457#5,lookup,27,1,1
easyocr,scan_rfc9457,T3,M,structure_preserving,scan_rfc9457#6,lookup,27,1,1
easyocr,scan_rfc9457,T3,M,structure_preserving,scan_rfc9457#7,lookup,27,1,1
easyocr,scan_rfc9457,T3,M,structure_preserving,scan_rfc9457#8,lookup,27,1,1
easyocr,scan_rfc9457,T3,M,structure_preserving,scan_rfc9457#9,lookup,27,1,1
easyocr,scan_rfc9457,T3,M,structure_preserving,scan_rfc9457#10,lookup,27,1,1
easyocr,scan_rfc9457,T3,M,structure_preserving,scan_rfc9457#11,lookup,27,0,0
marker_noocr,acsbr_023,T2,M,structure_preserving,acsbr_023#1,lookup,100,1,1
marker_noocr,acsbr_023,T2,M,structure_preserving,acsbr_023#2,lookup,100,1,1
marker_noocr,acsbr_023,T2,M,structure_preserving,acsbr_023#3,lookup,100,1,1
marker_noocr,acsbr_023,T2,M,structure_preserving,acsbr_023#4,lookup,100,1,1
marker_noocr,acsbr_023,T2,M,structure_preserving,acsbr_023#5,lookup,100,1,1
marker_noocr,acsbr_023,T2,M,structure_preserving,acsbr_023#6,lookup,100,1,1
marker_noocr,acsbr_023,T2,M,structure_preserving,acsbr_023#7,table_cell,100,1,1
marker_noocr,acsbr_023,T2,M,structure_preserving,acsbr_023#8,table_cell,100,1,1
marker_noocr,acsbr_023,T2,M,structure_preserving,acsbr_023#9,table_cell,100,1,1
marker_noocr,acsbr_023,T2,M,structure_preserving,acsbr_023#10,table_cell,100,1,1
marker_noocr,acsbr_023,T2,M,structure_preserving,acsbr_023#11,table_multi_row,100,0,0
marker_noocr,acsbr_023,T2,M,structure_preserving,acsbr_023#12,table_cell,100,1,1
marker_noocr,erp2024_full,T2,XL,structure_preserving,erp2024_full#1,lookup,1854,1,1
marker_noocr,erp2024_full,T2,XL,structure_preserving,erp2024_full#2,table_cell,1854,0,0
marker_noocr,erp2024_full,T2,XL,structure_preserving,erp2024_full#3,lookup,1854,0,0
marker_noocr,erp2024_full,T2,XL,structure_preserving,erp2024_full#4,table_cell,1854,1,1
marker_noocr,erp2024_full,T2,XL,structure_preserving,erp2024_full#5,table_cell,1854,1,1
marker_noocr,erp2024_full,T2,XL,structure_preserving,erp2024_full#6,table_cell,1854,1,1
marker_noocr,erp2024_full,T2,XL,structure_preserving,erp2024_full#7,table_multi_row,1854,1,1
marker_noocr,erp2024_full,T2,XL,structure_preserving,erp2024_full#8,lookup,1854,1,1
marker_noocr,erp2024_full,T2,XL,structure_preserving,erp2024_full#9,lookup,1854,1,1
marker_noocr,erp2024_full,T2,XL,structure_preserving,erp2024_full#10,table_cell,1854,1,1
marker_noocr,erp2024_full,T2,XL,structure_preserving,erp2024_full#11,table_cell,1854,1,1
marker_noocr,erp2024_table1,T2,S,structure_preserving,erp2024_table1#1,lookup,0,0,0
marker_noocr,erp2024_table1,T2,S,structure_preserving,erp2024_table1#2,table_cell,0,0,0
marker_noocr,erp2024_table1,T2,S,structure_preserving,erp2024_table1#3,table_cell,0,0,0
marker_noocr,erp2024_table1,T2,S,structure_preserving,erp2024_table1#4,table_cell,0,0,0
marker_noocr,erp2024_table1,T2,S,structure_preserving,erp2024_table1#5,table_cell,0,0,0
marker_noocr,erp2024_table1,T2,S,structure_preserving,erp2024_table1#6,table_cell,0,0,0
marker_noocr,erp2024_table1,T2,S,structure_preserving,erp2024_table1#7,table_cell,0,0,0
marker_noocr,erp2024_table1,T2,S,structure_preserving,erp2024_table1#8,lookup,0,0,0
marker_noocr,erp2024_table1,T2,S,structure_preserving,erp2024_table1#9,lookup,0,0,0
marker_noocr,erp2024_table3,T2,S,structure_preserving,erp2024_table3#1,lookup,0,0,0
marker_noocr,erp2024_table3,T2,S,structure_preserving,erp2024_table3#2,lookup,0,0,0
marker_noocr,erp2024_table3,T2,S,structure_preserving,erp2024_table3#3,table_cell,0,0,0
marker_noocr,erp2024_table3,T2,S,structure_preserving,erp2024_table3#4,table_cell,0,0,0
marker_noocr,erp2024_table3,T2,S,structure_preserving,erp2024_table3#5,table_cell,0,0,0
marker_noocr,erp2024_table3,T2,S,structure_preserving,erp2024_table3#6,table_cell,0,0,0
marker_noocr,erp2024_table3,T2,S,structure_preserving,erp2024_table3#7,table_multi_row,0,0,0
marker_noocr,erp2024_table3,T2,S,structure_preserving,erp2024_table3#8,table_cell,0,0,0
marker_noocr,erp2024_table3,T2,S,structure_preserving,erp2024_table3#9,table_cell,0,0,0
marker_noocr,erp2024_table3,T2,S,structure_preserving,erp2024_table3#10,table_cell,0,0,0
marker_noocr,gen_t2_long,T2,S,structure_preserving,gen_t2_long#1,table_cell,8,1,1
marker_noocr,gen_t2_long,T2,S,structure_preserving,gen_t2_long#2,table_cell,8,1,1
marker_noocr,gen_t2_long,T2,S,structure_preserving,gen_t2_long#3,table_cell,8,1,1
marker_noocr,gen_t2_long,T2,S,structure_preserving,gen_t2_long#4,table_cell,8,1,1
marker_noocr,gen_t2_merged,T2,S,structure_preserving,gen_t2_merged#1,table_cell,3,1,1
marker_noocr,gen_t2_rotated,T2,S,structure_preserving,gen_t2_rotated#1,table_cell,1,0,0
marker_noocr,gen_t2_rotated,T2,S,structure_preserving,gen_t2_rotated#2,table_cell,1,0,0
marker_noocr,gen_t2_simple,T2,S,structure_preserving,gen_t2_simple#1,table_cell,3,1,1
marker_noocr,gen_t2_simple,T2,S,structure_preserving,gen_t2_simple#2,table_cell,3,1,1
marker_noocr,gen_t2_simple,T2,S,structure_preserving,gen_t2_simple#3,table_cell,3,1,1
marker_noocr,gen_t4_bar,T4,S,structure_preserving,gen_t4_bar#1,figure,1,0,0
marker_noocr,gen_t4_flow,T4,S,structure_preserving,gen_t4_flow#1,figure,1,0,0
marker_noocr,gen_t4_line,T4,S,structure_preserving,gen_t4_line#1,figure,1,0,0
marker_noocr,gen_t4_mixed,T4,S,structure_preserving,gen_t4_mixed#1,table_cell,3,1,1
marker_noocr,nasa_se_handbook,T4,XL,structure_preserving,nasa_se_handbook#1,lookup,432,1,1
marker_noocr,nasa_se_handbook,T4,XL,structure_preserving,nasa_se_handbook#2,lookup,432,1,1
marker_noocr,nasa_se_handbook,T4,XL,structure_preserving,nasa_se_handbook#3,figure,432,0,0
marker_noocr,nasa_se_handbook,T4,XL,structure_preserving,nasa_se_handbook#4,lookup,432,1,1
marker_noocr,nasa_se_handbook,T4,XL,structure_preserving,nasa_se_handbook#5,lookup,432,1,1
marker_noocr,nasa_se_handbook,T4,XL,structure_preserving,nasa_se_handbook#6,table_multi_row,432,1,1
marker_noocr,nasa_se_handbook,T4,XL,structure_preserving,nasa_se_handbook#7,lookup,432,1,1
marker_noocr,nasa_se_handbook,T4,XL,structure_preserving,nasa_se_handbook#8,lookup,432,1,1
marker_noocr,nasa_se_handbook,T4,XL,structure_preserving,nasa_se_handbook#9,lookup,432,1,1
marker_noocr,nasa_se_handbook,T4,XL,structure_preserving,nasa_se_handbook#10,lookup,432,1,1
marker_noocr,nasa_se_handbook,T4,XL,structure_preserving,nasa_se_handbook#11,lookup,432,1,1
marker_noocr,nasa_se_handbook,T4,XL,structure_preserving,nasa_se_handbook#12,lookup,432,1,1
marker_noocr,nasa_tm100396,T4,L,structure_preserving,nasa_tm100396#1,lookup,16,1,1
marker_noocr,nasa_tm100396,T4,L,structure_preserving,nasa_tm100396#2,lookup,16,1,1
marker_noocr,nasa_tm100396,T4,L,structure_preserving,nasa_tm100396#3,lookup,16,1,1
marker_noocr,nasa_tm100396,T4,L,structure_preserving,nasa_tm100396#4,lookup,16,1,1
marker_noocr,nasa_tm100396,T4,L,structure_preserving,nasa_tm100396#5,lookup,16,1,1
marker_noocr,nasa_tm100396,T4,L,structure_preserving,nasa_tm100396#6,lookup,16,1,1
marker_noocr,nasa_tm100396,T4,L,structure_preserving,nasa_tm100396#7,lookup,16,1,1
marker_noocr,nasa_tm100396,T4,L,structure_preserving,nasa_tm100396#8,lookup,16,1,1
marker_noocr,nasa_tm100396,T4,L,structure_preserving,nasa_tm100396#9,lookup,16,1,1
marker_noocr,nasa_tm100396,T4,L,structure_preserving,nasa_tm100396#10,cross_page,16,0,0
marker_noocr,nasa_tm100396,T4,L,structure_preserving,nasa_tm100396#11,lookup,16,1,1
marker_noocr,nasa_tm100396,T4,L,structure_preserving,nasa_tm100396#12,table_cell,16,0,0
marker_noocr,nasa_tm104114,T4,XL,structure_preserving,nasa_tm104114#1,lookup,109,1,1
marker_noocr,nasa_tm104114,T4,XL,structure_preserving,nasa_tm104114#2,lookup,109,1,1
marker_noocr,nasa_tm104114,T4,XL,structure_preserving,nasa_tm104114#3,lookup,109,0,0
marker_noocr,nasa_tm104114,T4,XL,structure_preserving,nasa_tm104114#4,table_cell,109,0,0
marker_noocr,nasa_tm104114,T4,XL,structure_preserving,nasa_tm104114#5,table_cell,109,0,0
marker_noocr,nasa_tm104114,T4,XL,structure_preserving,nasa_tm104114#6,table_cell,109,0,0
marker_noocr,nasa_tm104114,T4,XL,structure_preserving,nasa_tm104114#7,table_cell,109,0,0
marker_noocr,nasa_tm104114,T4,XL,structure_preserving,nasa_tm104114#8,lookup,109,1,1
marker_noocr,nasa_tm104114,T4,XL,structure_preserving,nasa_tm104114#9,lookup,109,0,0
marker_noocr,nasa_tm104114,T4,XL,structure_preserving,nasa_tm104114#10,lookup,109,0,0
marker_noocr,nasa_tm104114,T4,XL,structure_preserving,nasa_tm104114#11,lookup,109,0,0
marker_noocr,nasa_tm_x9471,T4,M,structure_preserving,nasa_tm_x9471#1,lookup,7,1,1
marker_noocr,nasa_tm_x9471,T4,M,structure_preserving,nasa_tm_x9471#2,lookup,7,1,1
marker_noocr,nasa_tm_x9471,T4,M,structure_preserving,nasa_tm_x9471#3,lookup,7,1,1
marker_noocr,nasa_tm_x9471,T4,M,structure_preserving,nasa_tm_x9471#4,lookup,7,1,1
marker_noocr,nasa_tm_x9471,T4,M,structure_preserving,nasa_tm_x9471#5,lookup,7,1,1
marker_noocr,nasa_tm_x9471,T4,M,structure_preserving,nasa_tm_x9471#6,lookup,7,1,1
marker_noocr,nasa_tm_x9471,T4,M,structure_preserving,nasa_tm_x9471#7,lookup,7,1,1
marker_noocr,nasa_tm_x9471,T4,M,structure_preserving,nasa_tm_x9471#8,lookup,7,1,1
marker_noocr,nasa_tm_x9471,T4,M,structure_preserving,nasa_tm_x9471#9,lookup,7,1,1
marker_noocr,nasa_tm_x9471,T4,M,structure_preserving,nasa_tm_x9471#10,figure,7,0,0
marker_noocr,nasa_tm_x9471,T4,M,structure_preserving,nasa_tm_x9471#11,figure,7,0,0
marker_noocr,nasa_tm_x9471,T4,M,structure_preserving,nasa_tm_x9471#12,figure,7,0,0
marker_noocr,nasa_webb_factsheet,T4,S,structure_preserving,nasa_webb_factsheet#1,lookup,2,1,1
marker_noocr,nasa_webb_factsheet,T4,S,structure_preserving,nasa_webb_factsheet#2,lookup,2,1,1
marker_noocr,nasa_webb_factsheet,T4,S,structure_preserving,nasa_webb_factsheet#3,lookup,2,1,1
marker_noocr,nasa_webb_factsheet,T4,S,structure_preserving,nasa_webb_factsheet#4,lookup,2,1,1
marker_noocr,nasa_webb_factsheet,T4,S,structure_preserving,nasa_webb_factsheet#5,lookup,2,1,1
marker_noocr,nasa_webb_factsheet,T4,S,structure_preserving,nasa_webb_factsheet#6,lookup,2,1,1
marker_noocr,nasa_webb_factsheet,T4,S,structure_preserving,nasa_webb_factsheet#7,lookup,2,1,1
marker_noocr,nasa_webb_factsheet,T4,S,structure_preserving,nasa_webb_factsheet#8,table_multi_row,2,1,1
marker_noocr,nasa_webb_factsheet,T4,S,structure_preserving,nasa_webb_factsheet#9,figure,2,0,0
marker_noocr,nasa_webb_factsheet,T4,S,structure_preserving,nasa_webb_factsheet#10,figure,2,0,0
marker_noocr,nasa_webb_factsheet,T4,S,structure_preserving,nasa_webb_factsheet#11,figure,2,0,0
marker_noocr,nasa_webb_factsheet,T4,S,structure_preserving,nasa_webb_factsheet#12,figure,2,0,0
marker_noocr,p60_282,T2,L,structure_preserving,p60_282#1,lookup,473,1,1
marker_noocr,p60_282,T2,L,structure_preserving,p60_282#2,lookup,473,1,1
marker_noocr,p60_282,T2,L,structure_preserving,p60_282#3,lookup,473,1,1
marker_noocr,p60_282,T2,L,structure_preserving,p60_282#4,table_cell,473,1,1
marker_noocr,p60_282,T2,L,structure_preserving,p60_282#5,table_cell,473,1,1
marker_noocr,p60_282,T2,L,structure_preserving,p60_282#6,table_cell,473,1,1
marker_noocr,p60_282,T2,L,structure_preserving,p60_282#7,table_cell,473,0,0
marker_noocr,p60_282,T2,L,structure_preserving,p60_282#8,lookup,473,1,1
marker_noocr,p60_282,T2,L,structure_preserving,p60_282#9,lookup,473,1,1
marker_noocr,p60_282,T2,L,structure_preserving,p60_282#10,table_cell,473,1,1
marker_noocr,p60_282,T2,L,structure_preserving,p60_282#11,table_cell,473,1,1
marker_noocr,p60_282,T2,L,structure_preserving,p60_282#12,table_cell,473,1,1
marker_noocr,p60_282,T2,L,structure_preserving,p60_282#13,table_multi_row,473,0,0
marker_noocr,rfc9110,T1,XL,structure_preserving,rfc9110#1,lookup,412,1,1
marker_noocr,rfc9110,T1,XL,structure_preserving,rfc9110#2,lookup,412,1,1
marker_noocr,rfc9110,T1,XL,structure_preserving,rfc9110#3,lookup,412,1,1
marker_noocr,rfc9110,T1,XL,structure_preserving,rfc9110#4,table_cell,412,0,1
marker_noocr,rfc9110,T1,XL,structure_preserving,rfc9110#5,table_cell,412,1,1
marker_noocr,rfc9110,T1,XL,structure_preserving,rfc9110#6,table_multi_row,412,1,1
marker_noocr,rfc9110,T1,XL,structure_preserving,rfc9110#7,lookup,412,1,1
marker_noocr,rfc9110,T1,XL,structure_preserving,rfc9110#8,lookup,412,1,1
marker_noocr,rfc9110,T1,XL,structure_preserving,rfc9110#9,lookup,412,0,0
marker_noocr,rfc9110,T1,XL,structure_preserving,rfc9110#10,lookup,412,0,0
marker_noocr,rfc9110,T1,XL,structure_preserving,rfc9110#11,lookup,412,1,1
marker_noocr,rfc9110,T1,XL,structure_preserving,rfc9110#12,lookup,412,0,0
marker_noocr,rfc9112,T1,L,structure_preserving,rfc9112#1,lookup,90,1,1
marker_noocr,rfc9112,T1,L,structure_preserving,rfc9112#2,lookup,90,1,1
marker_noocr,rfc9112,T1,L,structure_preserving,rfc9112#3,lookup,90,1,1
marker_noocr,rfc9112,T1,L,structure_preserving,rfc9112#4,lookup,90,1,1
marker_noocr,rfc9112,T1,L,structure_preserving,rfc9112#5,lookup,90,1,1
marker_noocr,rfc9112,T1,L,structure_preserving,rfc9112#6,cross_page,90,1,1
marker_noocr,rfc9112,T1,L,structure_preserving,rfc9112#7,lookup,90,1,1
marker_noocr,rfc9112,T1,L,structure_preserving,rfc9112#8,lookup,90,1,1
marker_noocr,rfc9112,T1,L,structure_preserving,rfc9112#9,lookup,90,1,1
marker_noocr,rfc9112,T1,L,structure_preserving,rfc9112#10,lookup,90,1,1
marker_noocr,rfc9112,T1,L,structure_preserving,rfc9112#11,lookup,90,1,1
marker_noocr,rfc9112,T1,L,structure_preserving,rfc9112#12,lookup,90,1,1
marker_noocr,rfc9112,T1,L,structure_preserving,rfc9112#13,lookup,90,1,1
marker_noocr,rfc9112,T1,L,structure_preserving,rfc9112#14,lookup,90,0,0
marker_noocr,rfc9112,T1,L,structure_preserving,rfc9112#15,lookup,90,0,0
marker_noocr,rfc9112,T1,L,structure_preserving,rfc9112#16,lookup,90,1,1
marker_noocr,rfc9158,T1,S,structure_preserving,rfc9158#1,lookup,11,1,1
marker_noocr,rfc9158,T1,S,structure_preserving,rfc9158#2,lookup,11,1,1
marker_noocr,rfc9158,T1,S,structure_preserving,rfc9158#3,lookup,11,1,1
marker_noocr,rfc9158,T1,S,structure_preserving,rfc9158#4,lookup,11,1,1
marker_noocr,rfc9158,T1,S,structure_preserving,rfc9158#5,table_multi_row,11,0,1
marker_noocr,rfc9158,T1,S,structure_preserving,rfc9158#6,table_cell,11,1,1
marker_noocr,rfc9158,T1,S,structure_preserving,rfc9158#7,lookup,11,1,1
marker_noocr,rfc9158,T1,S,structure_preserving,rfc9158#8,lookup,11,1,1
marker_noocr,rfc9158,T1,S,structure_preserving,rfc9158#9,cross_page,11,0,0
marker_noocr,rfc9457,T1,M,structure_preserving,rfc9457#1,lookup,30,1,1
marker_noocr,rfc9457,T1,M,structure_preserving,rfc9457#2,lookup,30,1,1
marker_noocr,rfc9457,T1,M,structure_preserving,rfc9457#3,lookup,30,1,1
marker_noocr,rfc9457,T1,M,structure_preserving,rfc9457#4,lookup,30,1,1
marker_noocr,rfc9457,T1,M,structure_preserving,rfc9457#5,lookup,30,1,1
marker_noocr,rfc9457,T1,M,structure_preserving,rfc9457#6,lookup,30,1,1
marker_noocr,rfc9457,T1,M,structure_preserving,rfc9457#7,lookup,30,1,1
marker_noocr,rfc9457,T1,M,structure_preserving,rfc9457#8,lookup,30,1,1
marker_noocr,rfc9457,T1,M,structure_preserving,rfc9457#9,lookup,30,1,1
marker_noocr,rfc9457,T1,M,structure_preserving,rfc9457#10,lookup,30,1,1
marker_noocr,rfc9457,T1,M,structure_preserving,rfc9457#11,lookup,30,1,1
marker_noocr,scan_acsbr_023,T3,M,structure_preserving,scan_acsbr_023#1,lookup,1,0,0
marker_noocr,scan_acsbr_023,T3,M,structure_preserving,scan_acsbr_023#2,lookup,1,0,0
marker_noocr,scan_acsbr_023,T3,M,structure_preserving,scan_acsbr_023#3,lookup,1,0,0
marker_noocr,scan_acsbr_023,T3,M,structure_preserving,scan_acsbr_023#4,lookup,1,0,0
marker_noocr,scan_acsbr_023,T3,M,structure_preserving,scan_acsbr_023#5,lookup,1,0,0
marker_noocr,scan_acsbr_023,T3,M,structure_preserving,scan_acsbr_023#6,lookup,1,0,0
marker_noocr,scan_acsbr_023,T3,M,structure_preserving,scan_acsbr_023#7,table_cell,1,0,0
marker_noocr,scan_acsbr_023,T3,M,structure_preserving,scan_acsbr_023#8,table_cell,1,0,0
marker_noocr,scan_acsbr_023,T3,M,structure_preserving,scan_acsbr_023#9,table_cell,1,0,0
marker_noocr,scan_acsbr_023,T3,M,structure_preserving,scan_acsbr_023#10,table_cell,1,0,0
marker_noocr,scan_acsbr_023,T3,M,structure_preserving,scan_acsbr_023#11,table_multi_row,1,0,0
marker_noocr,scan_acsbr_023,T3,M,structure_preserving,scan_acsbr_023#12,table_cell,1,0,0
marker_noocr,scan_p60_282,T3,L,structure_preserving,scan_p60_282#1,lookup,1,0,0
marker_noocr,scan_p60_282,T3,L,structure_preserving,scan_p60_282#2,lookup,1,0,0
marker_noocr,scan_p60_282,T3,L,structure_preserving,scan_p60_282#3,lookup,1,0,0
marker_noocr,scan_p60_282,T3,L,structure_preserving,scan_p60_282#4,table_cell,1,0,0
marker_noocr,scan_p60_282,T3,L,structure_preserving,scan_p60_282#5,table_cell,1,0,0
marker_noocr,scan_p60_282,T3,L,structure_preserving,scan_p60_282#6,table_cell,1,0,0
marker_noocr,scan_p60_282,T3,L,structure_preserving,scan_p60_282#7,table_cell,1,0,0
marker_noocr,scan_p60_282,T3,L,structure_preserving,scan_p60_282#8,lookup,1,0,0
marker_noocr,scan_p60_282,T3,L,structure_preserving,scan_p60_282#9,lookup,1,0,0
marker_noocr,scan_p60_282,T3,L,structure_preserving,scan_p60_282#10,table_cell,1,0,0
marker_noocr,scan_p60_282,T3,L,structure_preserving,scan_p60_282#11,table_cell,1,0,0
marker_noocr,scan_p60_282,T3,L,structure_preserving,scan_p60_282#12,table_cell,1,0,0
marker_noocr,scan_p60_282,T3,L,structure_preserving,scan_p60_282#13,table_multi_row,1,0,0
marker_noocr,scan_rfc9110,T3,XL,structure_preserving,scan_rfc9110#1,lookup,0,0,0
marker_noocr,scan_rfc9110,T3,XL,structure_preserving,scan_rfc9110#2,lookup,0,0,0
marker_noocr,scan_rfc9110,T3,XL,structure_preserving,scan_rfc9110#3,lookup,0,0,0
marker_noocr,scan_rfc9110,T3,XL,structure_preserving,scan_rfc9110#4,table_cell,0,0,0
marker_noocr,scan_rfc9110,T3,XL,structure_preserving,scan_rfc9110#5,table_cell,0,0,0
marker_noocr,scan_rfc9110,T3,XL,structure_preserving,scan_rfc9110#6,table_multi_row,0,0,0
marker_noocr,scan_rfc9110,T3,XL,structure_preserving,scan_rfc9110#7,lookup,0,0,0
marker_noocr,scan_rfc9110,T3,XL,structure_preserving,scan_rfc9110#8,lookup,0,0,0
marker_noocr,scan_rfc9110,T3,XL,structure_preserving,scan_rfc9110#9,lookup,0,0,0
marker_noocr,scan_rfc9110,T3,XL,structure_preserving,scan_rfc9110#10,lookup,0,0,0
marker_noocr,scan_rfc9110,T3,XL,structure_preserving,scan_rfc9110#11,lookup,0,0,0
marker_noocr,scan_rfc9110,T3,XL,structure_preserving,scan_rfc9110#12,lookup,0,0,0
marker_noocr,scan_rfc9158,T3,S,structure_preserving,scan_rfc9158#1,lookup,0,0,0
marker_noocr,scan_rfc9158,T3,S,structure_preserving,scan_rfc9158#2,lookup,0,0,0
marker_noocr,scan_rfc9158,T3,S,structure_preserving,scan_rfc9158#3,lookup,0,0,0
marker_noocr,scan_rfc9158,T3,S,structure_preserving,scan_rfc9158#4,lookup,0,0,0
marker_noocr,scan_rfc9158,T3,S,structure_preserving,scan_rfc9158#5,table_multi_row,0,0,0
marker_noocr,scan_rfc9158,T3,S,structure_preserving,scan_rfc9158#6,table_cell,0,0,0
marker_noocr,scan_rfc9158,T3,S,structure_preserving,scan_rfc9158#7,lookup,0,0,0
marker_noocr,scan_rfc9158,T3,S,structure_preserving,scan_rfc9158#8,lookup,0,0,0
marker_noocr,scan_rfc9158,T3,S,structure_preserving,scan_rfc9158#9,cross_page,0,0,0
marker_noocr,scan_rfc9457,T3,M,structure_preserving,scan_rfc9457#1,lookup,0,0,0
marker_noocr,scan_rfc9457,T3,M,structure_preserving,scan_rfc9457#2,lookup,0,0,0
marker_noocr,scan_rfc9457,T3,M,structure_preserving,scan_rfc9457#3,lookup,0,0,0
marker_noocr,scan_rfc9457,T3,M,structure_preserving,scan_rfc9457#4,lookup,0,0,0
marker_noocr,scan_rfc9457,T3,M,structure_preserving,scan_rfc9457#5,lookup,0,0,0
marker_noocr,scan_rfc9457,T3,M,structure_preserving,scan_rfc9457#6,lookup,0,0,0
marker_noocr,scan_rfc9457,T3,M,structure_preserving,scan_rfc9457#7,lookup,0,0,0
marker_noocr,scan_rfc9457,T3,M,structure_preserving,scan_rfc9457#8,lookup,0,0,0
marker_noocr,scan_rfc9457,T3,M,structure_preserving,scan_rfc9457#9,lookup,0,0,0
marker_noocr,scan_rfc9457,T3,M,structure_preserving,scan_rfc9457#10,lookup,0,0,0
marker_noocr,scan_rfc9457,T3,M,structure_preserving,scan_rfc9457#11,lookup,0,0,0
mineru,acsbr_023,T2,M,structure_preserving,acsbr_023#1,lookup,77,1,1
mineru,acsbr_023,T2,M,structure_preserving,acsbr_023#2,lookup,77,1,1
mineru,acsbr_023,T2,M,structure_preserving,acsbr_023#3,lookup,77,1,1
mineru,acsbr_023,T2,M,structure_preserving,acsbr_023#4,lookup,77,1,1
mineru,acsbr_023,T2,M,structure_preserving,acsbr_023#5,lookup,77,1,1
mineru,acsbr_023,T2,M,structure_preserving,acsbr_023#6,lookup,77,1,1
mineru,acsbr_023,T2,M,structure_preserving,acsbr_023#7,table_cell,77,1,1
mineru,acsbr_023,T2,M,structure_preserving,acsbr_023#8,table_cell,77,0,0
mineru,acsbr_023,T2,M,structure_preserving,acsbr_023#9,table_cell,77,0,0
mineru,acsbr_023,T2,M,structure_preserving,acsbr_023#10,table_cell,77,1,1
mineru,acsbr_023,T2,M,structure_preserving,acsbr_023#11,table_multi_row,77,1,1
mineru,acsbr_023,T2,M,structure_preserving,acsbr_023#12,table_cell,77,1,1
mineru,erp2024_full,T2,XL,structure_preserving,erp2024_full#1,lookup,2320,1,1
mineru,erp2024_full,T2,XL,structure_preserving,erp2024_full#2,table_cell,2320,1,1
mineru,erp2024_full,T2,XL,structure_preserving,erp2024_full#3,lookup,2320,0,0
mineru,erp2024_full,T2,XL,structure_preserving,erp2024_full#4,table_cell,2320,1,1
mineru,erp2024_full,T2,XL,structure_preserving,erp2024_full#5,table_cell,2320,1,1
mineru,erp2024_full,T2,XL,structure_preserving,erp2024_full#6,table_cell,2320,1,1
mineru,erp2024_full,T2,XL,structure_preserving,erp2024_full#7,table_multi_row,2320,0,0
mineru,erp2024_full,T2,XL,structure_preserving,erp2024_full#8,lookup,2320,0,1
mineru,erp2024_full,T2,XL,structure_preserving,erp2024_full#9,lookup,2320,1,1
mineru,erp2024_full,T2,XL,structure_preserving,erp2024_full#10,table_cell,2320,1,1
mineru,erp2024_full,T2,XL,structure_preserving,erp2024_full#11,table_cell,2320,0,0
mineru,erp2024_table1,T2,S,structure_preserving,erp2024_table1#1,lookup,23,1,1
mineru,erp2024_table1,T2,S,structure_preserving,erp2024_table1#2,table_cell,23,1,1
mineru,erp2024_table1,T2,S,structure_preserving,erp2024_table1#3,table_cell,23,0,1
mineru,erp2024_table1,T2,S,structure_preserving,erp2024_table1#4,table_cell,23,0,0
mineru,erp2024_table1,T2,S,structure_preserving,erp2024_table1#5,table_cell,23,1,1
mineru,erp2024_table1,T2,S,structure_preserving,erp2024_table1#6,table_cell,23,0,0
mineru,erp2024_table1,T2,S,structure_preserving,erp2024_table1#7,table_cell,23,0,0
mineru,erp2024_table1,T2,S,structure_preserving,erp2024_table1#8,lookup,23,0,1
mineru,erp2024_table1,T2,S,structure_preserving,erp2024_table1#9,lookup,23,1,1
mineru,erp2024_table3,T2,S,structure_preserving,erp2024_table3#1,lookup,73,0,0
mineru,erp2024_table3,T2,S,structure_preserving,erp2024_table3#2,lookup,73,0,0
mineru,erp2024_table3,T2,S,structure_preserving,erp2024_table3#3,table_cell,73,0,0
mineru,erp2024_table3,T2,S,structure_preserving,erp2024_table3#4,table_cell,73,0,0
mineru,erp2024_table3,T2,S,structure_preserving,erp2024_table3#5,table_cell,73,0,0
mineru,erp2024_table3,T2,S,structure_preserving,erp2024_table3#6,table_cell,73,0,0
mineru,erp2024_table3,T2,S,structure_preserving,erp2024_table3#7,table_multi_row,73,0,0
mineru,erp2024_table3,T2,S,structure_preserving,erp2024_table3#8,table_cell,73,0,0
mineru,erp2024_table3,T2,S,structure_preserving,erp2024_table3#9,table_cell,73,0,0
mineru,erp2024_table3,T2,S,structure_preserving,erp2024_table3#10,table_cell,73,0,0
mineru,gen_t2_long,T2,S,structure_preserving,gen_t2_long#1,table_cell,26,1,1
mineru,gen_t2_long,T2,S,structure_preserving,gen_t2_long#2,table_cell,26,1,1
mineru,gen_t2_long,T2,S,structure_preserving,gen_t2_long#3,table_cell,26,1,1
mineru,gen_t2_long,T2,S,structure_preserving,gen_t2_long#4,table_cell,26,1,1
mineru,gen_t2_merged,T2,S,structure_preserving,gen_t2_merged#1,table_cell,4,1,1
mineru,gen_t2_rotated,T2,S,structure_preserving,gen_t2_rotated#1,table_cell,4,1,1
mineru,gen_t2_rotated,T2,S,structure_preserving,gen_t2_rotated#2,table_cell,4,1,1
mineru,gen_t2_simple,T2,S,structure_preserving,gen_t2_simple#1,table_cell,4,1,1
mineru,gen_t2_simple,T2,S,structure_preserving,gen_t2_simple#2,table_cell,4,1,1
mineru,gen_t2_simple,T2,S,structure_preserving,gen_t2_simple#3,table_cell,4,1,1
mineru,gen_t4_bar,T4,S,structure_preserving,gen_t4_bar#1,figure,1,0,0
mineru,gen_t4_flow,T4,S,structure_preserving,gen_t4_flow#1,figure,1,0,0
mineru,gen_t4_line,T4,S,structure_preserving,gen_t4_line#1,figure,1,0,0
mineru,gen_t4_mixed,T4,S,structure_preserving,gen_t4_mixed#1,table_cell,3,1,1
mineru,nasa_se_handbook,T4,XL,structure_preserving,nasa_se_handbook#1,lookup,516,1,1
mineru,nasa_se_handbook,T4,XL,structure_preserving,nasa_se_handbook#2,lookup,516,1,1
mineru,nasa_se_handbook,T4,XL,structure_preserving,nasa_se_handbook#3,figure,516,0,0
mineru,nasa_se_handbook,T4,XL,structure_preserving,nasa_se_handbook#4,lookup,516,0,1
mineru,nasa_se_handbook,T4,XL,structure_preserving,nasa_se_handbook#5,lookup,516,1,1
mineru,nasa_se_handbook,T4,XL,structure_preserving,nasa_se_handbook#6,table_multi_row,516,1,1
mineru,nasa_se_handbook,T4,XL,structure_preserving,nasa_se_handbook#7,lookup,516,1,1
mineru,nasa_se_handbook,T4,XL,structure_preserving,nasa_se_handbook#8,lookup,516,1,1
mineru,nasa_se_handbook,T4,XL,structure_preserving,nasa_se_handbook#9,lookup,516,1,1
mineru,nasa_se_handbook,T4,XL,structure_preserving,nasa_se_handbook#10,lookup,516,1,1
mineru,nasa_se_handbook,T4,XL,structure_preserving,nasa_se_handbook#11,lookup,516,1,1
mineru,nasa_se_handbook,T4,XL,structure_preserving,nasa_se_handbook#12,lookup,516,1,1
mineru,nasa_tm100396,T4,L,structure_preserving,nasa_tm100396#1,lookup,576,1,1
mineru,nasa_tm100396,T4,L,structure_preserving,nasa_tm100396#2,lookup,576,1,1
mineru,nasa_tm100396,T4,L,structure_preserving,nasa_tm100396#3,lookup,576,1,1
mineru,nasa_tm100396,T4,L,structure_preserving,nasa_tm100396#4,lookup,576,1,1
mineru,nasa_tm100396,T4,L,structure_preserving,nasa_tm100396#5,lookup,576,1,1
mineru,nasa_tm100396,T4,L,structure_preserving,nasa_tm100396#6,lookup,576,1,1
mineru,nasa_tm100396,T4,L,structure_preserving,nasa_tm100396#7,lookup,576,1,1
mineru,nasa_tm100396,T4,L,structure_preserving,nasa_tm100396#8,lookup,576,1,1
mineru,nasa_tm100396,T4,L,structure_preserving,nasa_tm100396#9,lookup,576,1,1
mineru,nasa_tm100396,T4,L,structure_preserving,nasa_tm100396#10,cross_page,576,0,0
mineru,nasa_tm100396,T4,L,structure_preserving,nasa_tm100396#11,lookup,576,1,1
mineru,nasa_tm100396,T4,L,structure_preserving,nasa_tm100396#12,table_cell,576,1,1
mineru,nasa_tm104114,T4,XL,structure_preserving,nasa_tm104114#1,lookup,132,1,1
mineru,nasa_tm104114,T4,XL,structure_preserving,nasa_tm104114#2,lookup,132,1,1
mineru,nasa_tm104114,T4,XL,structure_preserving,nasa_tm104114#3,lookup,132,0,0
mineru,nasa_tm104114,T4,XL,structure_preserving,nasa_tm104114#4,table_cell,132,1,1
mineru,nasa_tm104114,T4,XL,structure_preserving,nasa_tm104114#5,table_cell,132,1,1
mineru,nasa_tm104114,T4,XL,structure_preserving,nasa_tm104114#6,table_cell,132,1,1
mineru,nasa_tm104114,T4,XL,structure_preserving,nasa_tm104114#7,table_cell,132,1,1
mineru,nasa_tm104114,T4,XL,structure_preserving,nasa_tm104114#8,lookup,132,0,0
mineru,nasa_tm104114,T4,XL,structure_preserving,nasa_tm104114#9,lookup,132,1,1
mineru,nasa_tm104114,T4,XL,structure_preserving,nasa_tm104114#10,lookup,132,1,1
mineru,nasa_tm104114,T4,XL,structure_preserving,nasa_tm104114#11,lookup,132,1,1
mineru,nasa_tm_x9471,T4,M,structure_preserving,nasa_tm_x9471#1,lookup,8,1,1
mineru,nasa_tm_x9471,T4,M,structure_preserving,nasa_tm_x9471#2,lookup,8,1,1
mineru,nasa_tm_x9471,T4,M,structure_preserving,nasa_tm_x9471#3,lookup,8,1,1
mineru,nasa_tm_x9471,T4,M,structure_preserving,nasa_tm_x9471#4,lookup,8,1,1
mineru,nasa_tm_x9471,T4,M,structure_preserving,nasa_tm_x9471#5,lookup,8,1,1
mineru,nasa_tm_x9471,T4,M,structure_preserving,nasa_tm_x9471#6,lookup,8,1,1
mineru,nasa_tm_x9471,T4,M,structure_preserving,nasa_tm_x9471#7,lookup,8,1,1
mineru,nasa_tm_x9471,T4,M,structure_preserving,nasa_tm_x9471#8,lookup,8,1,1
mineru,nasa_tm_x9471,T4,M,structure_preserving,nasa_tm_x9471#9,lookup,8,1,1
mineru,nasa_tm_x9471,T4,M,structure_preserving,nasa_tm_x9471#10,figure,8,0,0
mineru,nasa_tm_x9471,T4,M,structure_preserving,nasa_tm_x9471#11,figure,8,0,0
mineru,nasa_tm_x9471,T4,M,structure_preserving,nasa_tm_x9471#12,figure,8,0,0
mineru,nasa_webb_factsheet,T4,S,structure_preserving,nasa_webb_factsheet#1,lookup,2,1,1
mineru,nasa_webb_factsheet,T4,S,structure_preserving,nasa_webb_factsheet#2,lookup,2,1,1
mineru,nasa_webb_factsheet,T4,S,structure_preserving,nasa_webb_factsheet#3,lookup,2,1,1
mineru,nasa_webb_factsheet,T4,S,structure_preserving,nasa_webb_factsheet#4,lookup,2,1,1
mineru,nasa_webb_factsheet,T4,S,structure_preserving,nasa_webb_factsheet#5,lookup,2,1,1
mineru,nasa_webb_factsheet,T4,S,structure_preserving,nasa_webb_factsheet#6,lookup,2,1,1
mineru,nasa_webb_factsheet,T4,S,structure_preserving,nasa_webb_factsheet#7,lookup,2,1,1
mineru,nasa_webb_factsheet,T4,S,structure_preserving,nasa_webb_factsheet#8,table_multi_row,2,1,1
mineru,nasa_webb_factsheet,T4,S,structure_preserving,nasa_webb_factsheet#9,figure,2,1,1
mineru,nasa_webb_factsheet,T4,S,structure_preserving,nasa_webb_factsheet#10,figure,2,1,1
mineru,nasa_webb_factsheet,T4,S,structure_preserving,nasa_webb_factsheet#11,figure,2,1,1
mineru,nasa_webb_factsheet,T4,S,structure_preserving,nasa_webb_factsheet#12,figure,2,1,1
mineru,p60_282,T2,L,structure_preserving,p60_282#1,lookup,730,1,1
mineru,p60_282,T2,L,structure_preserving,p60_282#2,lookup,730,1,1
mineru,p60_282,T2,L,structure_preserving,p60_282#3,lookup,730,1,1
mineru,p60_282,T2,L,structure_preserving,p60_282#4,table_cell,730,1,1
mineru,p60_282,T2,L,structure_preserving,p60_282#5,table_cell,730,1,1
mineru,p60_282,T2,L,structure_preserving,p60_282#6,table_cell,730,1,1
mineru,p60_282,T2,L,structure_preserving,p60_282#7,table_cell,730,0,0
mineru,p60_282,T2,L,structure_preserving,p60_282#8,lookup,730,0,0
mineru,p60_282,T2,L,structure_preserving,p60_282#9,lookup,730,1,1
mineru,p60_282,T2,L,structure_preserving,p60_282#10,table_cell,730,0,0
mineru,p60_282,T2,L,structure_preserving,p60_282#11,table_cell,730,1,1
mineru,p60_282,T2,L,structure_preserving,p60_282#12,table_cell,730,0,0
mineru,p60_282,T2,L,structure_preserving,p60_282#13,table_multi_row,730,0,0
mineru,rfc9110,T1,XL,structure_preserving,rfc9110#1,lookup,290,1,1
mineru,rfc9110,T1,XL,structure_preserving,rfc9110#2,lookup,290,1,1
mineru,rfc9110,T1,XL,structure_preserving,rfc9110#3,lookup,290,1,1
mineru,rfc9110,T1,XL,structure_preserving,rfc9110#4,table_cell,290,1,1
mineru,rfc9110,T1,XL,structure_preserving,rfc9110#5,table_cell,290,1,1
mineru,rfc9110,T1,XL,structure_preserving,rfc9110#6,table_multi_row,290,1,1
mineru,rfc9110,T1,XL,structure_preserving,rfc9110#7,lookup,290,1,1
mineru,rfc9110,T1,XL,structure_preserving,rfc9110#8,lookup,290,1,1
mineru,rfc9110,T1,XL,structure_preserving,rfc9110#9,lookup,290,1,1
mineru,rfc9110,T1,XL,structure_preserving,rfc9110#10,lookup,290,1,1
mineru,rfc9110,T1,XL,structure_preserving,rfc9110#11,lookup,290,1,1
mineru,rfc9110,T1,XL,structure_preserving,rfc9110#12,lookup,290,1,1
mineru,rfc9112,T1,L,structure_preserving,rfc9112#1,lookup,66,1,1
mineru,rfc9112,T1,L,structure_preserving,rfc9112#2,lookup,66,1,1
mineru,rfc9112,T1,L,structure_preserving,rfc9112#3,lookup,66,0,0
mineru,rfc9112,T1,L,structure_preserving,rfc9112#4,lookup,66,1,1
mineru,rfc9112,T1,L,structure_preserving,rfc9112#5,lookup,66,1,1
mineru,rfc9112,T1,L,structure_preserving,rfc9112#6,cross_page,66,1,1
mineru,rfc9112,T1,L,structure_preserving,rfc9112#7,lookup,66,1,1
mineru,rfc9112,T1,L,structure_preserving,rfc9112#8,lookup,66,1,1
mineru,rfc9112,T1,L,structure_preserving,rfc9112#9,lookup,66,1,1
mineru,rfc9112,T1,L,structure_preserving,rfc9112#10,lookup,66,1,1
mineru,rfc9112,T1,L,structure_preserving,rfc9112#11,lookup,66,1,1
mineru,rfc9112,T1,L,structure_preserving,rfc9112#12,lookup,66,1,1
mineru,rfc9112,T1,L,structure_preserving,rfc9112#13,lookup,66,1,1
mineru,rfc9112,T1,L,structure_preserving,rfc9112#14,lookup,66,1,1
mineru,rfc9112,T1,L,structure_preserving,rfc9112#15,lookup,66,1,1
mineru,rfc9112,T1,L,structure_preserving,rfc9112#16,lookup,66,1,1
mineru,rfc9158,T1,S,structure_preserving,rfc9158#1,lookup,6,1,1
mineru,rfc9158,T1,S,structure_preserving,rfc9158#2,lookup,6,1,1
mineru,rfc9158,T1,S,structure_preserving,rfc9158#3,lookup,6,1,1
mineru,rfc9158,T1,S,structure_preserving,rfc9158#4,lookup,6,1,1
mineru,rfc9158,T1,S,structure_preserving,rfc9158#5,table_multi_row,6,1,1
mineru,rfc9158,T1,S,structure_preserving,rfc9158#6,table_cell,6,1,1
mineru,rfc9158,T1,S,structure_preserving,rfc9158#7,lookup,6,1,1
mineru,rfc9158,T1,S,structure_preserving,rfc9158#8,lookup,6,1,1
mineru,rfc9158,T1,S,structure_preserving,rfc9158#9,cross_page,6,0,0
mineru,rfc9457,T1,M,structure_preserving,rfc9457#1,lookup,22,1,1
mineru,rfc9457,T1,M,structure_preserving,rfc9457#2,lookup,22,1,1
mineru,rfc9457,T1,M,structure_preserving,rfc9457#3,lookup,22,1,1
mineru,rfc9457,T1,M,structure_preserving,rfc9457#4,lookup,22,1,1
mineru,rfc9457,T1,M,structure_preserving,rfc9457#5,lookup,22,1,1
mineru,rfc9457,T1,M,structure_preserving,rfc9457#6,lookup,22,1,1
mineru,rfc9457,T1,M,structure_preserving,rfc9457#7,lookup,22,1,1
mineru,rfc9457,T1,M,structure_preserving,rfc9457#8,lookup,22,1,1
mineru,rfc9457,T1,M,structure_preserving,rfc9457#9,lookup,22,1,1
mineru,rfc9457,T1,M,structure_preserving,rfc9457#10,lookup,22,1,1
mineru,rfc9457,T1,M,structure_preserving,rfc9457#11,lookup,22,1,1
mineru,scan_acsbr_023,T3,M,structure_preserving,scan_acsbr_023#1,lookup,77,1,1
mineru,scan_acsbr_023,T3,M,structure_preserving,scan_acsbr_023#2,lookup,77,1,1
mineru,scan_acsbr_023,T3,M,structure_preserving,scan_acsbr_023#3,lookup,77,1,1
mineru,scan_acsbr_023,T3,M,structure_preserving,scan_acsbr_023#4,lookup,77,1,1
mineru,scan_acsbr_023,T3,M,structure_preserving,scan_acsbr_023#5,lookup,77,1,1
mineru,scan_acsbr_023,T3,M,structure_preserving,scan_acsbr_023#6,lookup,77,1,1
mineru,scan_acsbr_023,T3,M,structure_preserving,scan_acsbr_023#7,table_cell,77,1,1
mineru,scan_acsbr_023,T3,M,structure_preserving,scan_acsbr_023#8,table_cell,77,0,0
mineru,scan_acsbr_023,T3,M,structure_preserving,scan_acsbr_023#9,table_cell,77,0,0
mineru,scan_acsbr_023,T3,M,structure_preserving,scan_acsbr_023#10,table_cell,77,1,1
mineru,scan_acsbr_023,T3,M,structure_preserving,scan_acsbr_023#11,table_multi_row,77,1,1
mineru,scan_acsbr_023,T3,M,structure_preserving,scan_acsbr_023#12,table_cell,77,1,1
mineru,scan_p60_282,T3,L,structure_preserving,scan_p60_282#1,lookup,765,1,1
mineru,scan_p60_282,T3,L,structure_preserving,scan_p60_282#2,lookup,765,1,1
mineru,scan_p60_282,T3,L,structure_preserving,scan_p60_282#3,lookup,765,1,1
mineru,scan_p60_282,T3,L,structure_preserving,scan_p60_282#4,table_cell,765,1,1
mineru,scan_p60_282,T3,L,structure_preserving,scan_p60_282#5,table_cell,765,1,1
mineru,scan_p60_282,T3,L,structure_preserving,scan_p60_282#6,table_cell,765,1,1
mineru,scan_p60_282,T3,L,structure_preserving,scan_p60_282#7,table_cell,765,0,0
mineru,scan_p60_282,T3,L,structure_preserving,scan_p60_282#8,lookup,765,0,1
mineru,scan_p60_282,T3,L,structure_preserving,scan_p60_282#9,lookup,765,1,1
mineru,scan_p60_282,T3,L,structure_preserving,scan_p60_282#10,table_cell,765,0,0
mineru,scan_p60_282,T3,L,structure_preserving,scan_p60_282#11,table_cell,765,1,1
mineru,scan_p60_282,T3,L,structure_preserving,scan_p60_282#12,table_cell,765,0,0
mineru,scan_p60_282,T3,L,structure_preserving,scan_p60_282#13,table_multi_row,765,0,0
mineru,scan_rfc9110,T3,XL,structure_preserving,scan_rfc9110#1,lookup,288,1,1
mineru,scan_rfc9110,T3,XL,structure_preserving,scan_rfc9110#2,lookup,288,1,1
mineru,scan_rfc9110,T3,XL,structure_preserving,scan_rfc9110#3,lookup,288,1,1
mineru,scan_rfc9110,T3,XL,structure_preserving,scan_rfc9110#4,table_cell,288,1,1
mineru,scan_rfc9110,T3,XL,structure_preserving,scan_rfc9110#5,table_cell,288,1,1
mineru,scan_rfc9110,T3,XL,structure_preserving,scan_rfc9110#6,table_multi_row,288,1,1
mineru,scan_rfc9110,T3,XL,structure_preserving,scan_rfc9110#7,lookup,288,1,1
mineru,scan_rfc9110,T3,XL,structure_preserving,scan_rfc9110#8,lookup,288,1,1
mineru,scan_rfc9110,T3,XL,structure_preserving,scan_rfc9110#9,lookup,288,1,1
mineru,scan_rfc9110,T3,XL,structure_preserving,scan_rfc9110#10,lookup,288,1,1
mineru,scan_rfc9110,T3,XL,structure_preserving,scan_rfc9110#11,lookup,288,1,1
mineru,scan_rfc9110,T3,XL,structure_preserving,scan_rfc9110#12,lookup,288,1,1
mineru,scan_rfc9158,T3,S,structure_preserving,scan_rfc9158#1,lookup,6,1,1
mineru,scan_rfc9158,T3,S,structure_preserving,scan_rfc9158#2,lookup,6,1,1
mineru,scan_rfc9158,T3,S,structure_preserving,scan_rfc9158#3,lookup,6,1,1
mineru,scan_rfc9158,T3,S,structure_preserving,scan_rfc9158#4,lookup,6,1,1
mineru,scan_rfc9158,T3,S,structure_preserving,scan_rfc9158#5,table_multi_row,6,1,1
mineru,scan_rfc9158,T3,S,structure_preserving,scan_rfc9158#6,table_cell,6,1,1
mineru,scan_rfc9158,T3,S,structure_preserving,scan_rfc9158#7,lookup,6,1,1
mineru,scan_rfc9158,T3,S,structure_preserving,scan_rfc9158#8,lookup,6,1,1
mineru,scan_rfc9158,T3,S,structure_preserving,scan_rfc9158#9,cross_page,6,0,0
mineru,scan_rfc9457,T3,M,structure_preserving,scan_rfc9457#1,lookup,21,1,1
mineru,scan_rfc9457,T3,M,structure_preserving,scan_rfc9457#2,lookup,21,1,1
mineru,scan_rfc9457,T3,M,structure_preserving,scan_rfc9457#3,lookup,21,1,1
mineru,scan_rfc9457,T3,M,structure_preserving,scan_rfc9457#4,lookup,21,1,1
mineru,scan_rfc9457,T3,M,structure_preserving,scan_rfc9457#5,lookup,21,1,1
mineru,scan_rfc9457,T3,M,structure_preserving,scan_rfc9457#6,lookup,21,1,1
mineru,scan_rfc9457,T3,M,structure_preserving,scan_rfc9457#7,lookup,21,1,1
mineru,scan_rfc9457,T3,M,structure_preserving,scan_rfc9457#8,lookup,21,1,1
mineru,scan_rfc9457,T3,M,structure_preserving,scan_rfc9457#9,lookup,21,1,1
mineru,scan_rfc9457,T3,M,structure_preserving,scan_rfc9457#10,lookup,21,1,1
mineru,scan_rfc9457,T3,M,structure_preserving,scan_rfc9457#11,lookup,21,1,1
pdfplumber,acsbr_023,T2,M,structure_preserving,acsbr_023#1,lookup,29,1,1
pdfplumber,acsbr_023,T2,M,structure_preserving,acsbr_023#2,lookup,29,1,1
pdfplumber,acsbr_023,T2,M,structure_preserving,acsbr_023#3,lookup,29,1,1
pdfplumber,acsbr_023,T2,M,structure_preserving,acsbr_023#4,lookup,29,1,1
pdfplumber,acsbr_023,T2,M,structure_preserving,acsbr_023#5,lookup,29,1,1
pdfplumber,acsbr_023,T2,M,structure_preserving,acsbr_023#6,lookup,29,1,1
pdfplumber,acsbr_023,T2,M,structure_preserving,acsbr_023#7,table_cell,29,0,0
pdfplumber,acsbr_023,T2,M,structure_preserving,acsbr_023#8,table_cell,29,0,0
pdfplumber,acsbr_023,T2,M,structure_preserving,acsbr_023#9,table_cell,29,0,0
pdfplumber,acsbr_023,T2,M,structure_preserving,acsbr_023#10,table_cell,29,1,1
pdfplumber,acsbr_023,T2,M,structure_preserving,acsbr_023#11,table_multi_row,29,0,0
pdfplumber,acsbr_023,T2,M,structure_preserving,acsbr_023#12,table_cell,29,1,1
pdfplumber,erp2024_full,T2,XL,structure_preserving,erp2024_full#1,lookup,1163,1,1
pdfplumber,erp2024_full,T2,XL,structure_preserving,erp2024_full#2,table_cell,1163,1,1
pdfplumber,erp2024_full,T2,XL,structure_preserving,erp2024_full#3,lookup,1163,0,0
pdfplumber,erp2024_full,T2,XL,structure_preserving,erp2024_full#4,table_cell,1163,1,1
pdfplumber,erp2024_full,T2,XL,structure_preserving,erp2024_full#5,table_cell,1163,1,1
pdfplumber,erp2024_full,T2,XL,structure_preserving,erp2024_full#6,table_cell,1163,1,1
pdfplumber,erp2024_full,T2,XL,structure_preserving,erp2024_full#7,table_multi_row,1163,1,1
pdfplumber,erp2024_full,T2,XL,structure_preserving,erp2024_full#8,lookup,1163,1,1
pdfplumber,erp2024_full,T2,XL,structure_preserving,erp2024_full#9,lookup,1163,1,1
pdfplumber,erp2024_full,T2,XL,structure_preserving,erp2024_full#10,table_cell,1163,1,1
pdfplumber,erp2024_full,T2,XL,structure_preserving,erp2024_full#11,table_cell,1163,1,1
pdfplumber,erp2024_table1,T2,S,structure_preserving,erp2024_table1#1,lookup,6,1,1
pdfplumber,erp2024_table1,T2,S,structure_preserving,erp2024_table1#2,table_cell,6,1,1
pdfplumber,erp2024_table1,T2,S,structure_preserving,erp2024_table1#3,table_cell,6,0,0
pdfplumber,erp2024_table1,T2,S,structure_preserving,erp2024_table1#4,table_cell,6,0,0
pdfplumber,erp2024_table1,T2,S,structure_preserving,erp2024_table1#5,table_cell,6,0,0
pdfplumber,erp2024_table1,T2,S,structure_preserving,erp2024_table1#6,table_cell,6,0,0
pdfplumber,erp2024_table1,T2,S,structure_preserving,erp2024_table1#7,table_cell,6,0,0
pdfplumber,erp2024_table1,T2,S,structure_preserving,erp2024_table1#8,lookup,6,1,1
pdfplumber,erp2024_table1,T2,S,structure_preserving,erp2024_table1#9,lookup,6,1,1
pdfplumber,erp2024_table3,T2,S,structure_preserving,erp2024_table3#1,lookup,6,1,1
pdfplumber,erp2024_table3,T2,S,structure_preserving,erp2024_table3#2,lookup,6,1,1
pdfplumber,erp2024_table3,T2,S,structure_preserving,erp2024_table3#3,table_cell,6,0,0
pdfplumber,erp2024_table3,T2,S,structure_preserving,erp2024_table3#4,table_cell,6,0,0
pdfplumber,erp2024_table3,T2,S,structure_preserving,erp2024_table3#5,table_cell,6,0,0
pdfplumber,erp2024_table3,T2,S,structure_preserving,erp2024_table3#6,table_cell,6,0,0
pdfplumber,erp2024_table3,T2,S,structure_preserving,erp2024_table3#7,table_multi_row,6,0,0
pdfplumber,erp2024_table3,T2,S,structure_preserving,erp2024_table3#8,table_cell,6,0,0
pdfplumber,erp2024_table3,T2,S,structure_preserving,erp2024_table3#9,table_cell,6,0,0
pdfplumber,erp2024_table3,T2,S,structure_preserving,erp2024_table3#10,table_cell,6,0,0
pdfplumber,gen_t2_long,T2,S,structure_preserving,gen_t2_long#1,table_cell,8,1,1
pdfplumber,gen_t2_long,T2,S,structure_preserving,gen_t2_long#2,table_cell,8,1,1
pdfplumber,gen_t2_long,T2,S,structure_preserving,gen_t2_long#3,table_cell,8,1,1
pdfplumber,gen_t2_long,T2,S,structure_preserving,gen_t2_long#4,table_cell,8,1,1
pdfplumber,gen_t2_merged,T2,S,structure_preserving,gen_t2_merged#1,table_cell,2,1,1
pdfplumber,gen_t2_rotated,T2,S,structure_preserving,gen_t2_rotated#1,table_cell,2,1,1
pdfplumber,gen_t2_rotated,T2,S,structure_preserving,gen_t2_rotated#2,table_cell,2,1,1
pdfplumber,gen_t2_simple,T2,S,structure_preserving,gen_t2_simple#1,table_cell,2,1,1
pdfplumber,gen_t2_simple,T2,S,structure_preserving,gen_t2_simple#2,table_cell,2,1,1
pdfplumber,gen_t2_simple,T2,S,structure_preserving,gen_t2_simple#3,table_cell,2,1,1
pdfplumber,gen_t4_bar,T4,S,structure_preserving,gen_t4_bar#1,figure,1,0,0
pdfplumber,gen_t4_flow,T4,S,structure_preserving,gen_t4_flow#1,figure,1,0,0
pdfplumber,gen_t4_line,T4,S,structure_preserving,gen_t4_line#1,figure,1,0,0
pdfplumber,gen_t4_mixed,T4,S,structure_preserving,gen_t4_mixed#1,table_cell,2,1,1
pdfplumber,nasa_se_handbook,T4,XL,structure_preserving,nasa_se_handbook#1,lookup,1163,1,1
pdfplumber,nasa_se_handbook,T4,XL,structure_preserving,nasa_se_handbook#2,lookup,1163,1,1
pdfplumber,nasa_se_handbook,T4,XL,structure_preserving,nasa_se_handbook#3,figure,1163,1,1
pdfplumber,nasa_se_handbook,T4,XL,structure_preserving,nasa_se_handbook#4,lookup,1163,0,0
pdfplumber,nasa_se_handbook,T4,XL,structure_preserving,nasa_se_handbook#5,lookup,1163,1,1
pdfplumber,nasa_se_handbook,T4,XL,structure_preserving,nasa_se_handbook#6,table_multi_row,1163,1,1
pdfplumber,nasa_se_handbook,T4,XL,structure_preserving,nasa_se_handbook#7,lookup,1163,1,1
pdfplumber,nasa_se_handbook,T4,XL,structure_preserving,nasa_se_handbook#8,lookup,1163,1,1
pdfplumber,nasa_se_handbook,T4,XL,structure_preserving,nasa_se_handbook#9,lookup,1163,1,1
pdfplumber,nasa_se_handbook,T4,XL,structure_preserving,nasa_se_handbook#10,lookup,1163,1,1
pdfplumber,nasa_se_handbook,T4,XL,structure_preserving,nasa_se_handbook#11,lookup,1163,1,1
pdfplumber,nasa_se_handbook,T4,XL,structure_preserving,nasa_se_handbook#12,lookup,1163,1,1
pdfplumber,nasa_tm100396,T4,L,structure_preserving,nasa_tm100396#1,lookup,114,1,1
pdfplumber,nasa_tm100396,T4,L,structure_preserving,nasa_tm100396#2,lookup,114,1,1
pdfplumber,nasa_tm100396,T4,L,structure_preserving,nasa_tm100396#3,lookup,114,1,1
pdfplumber,nasa_tm100396,T4,L,structure_preserving,nasa_tm100396#4,lookup,114,1,1
pdfplumber,nasa_tm100396,T4,L,structure_preserving,nasa_tm100396#5,lookup,114,1,1
pdfplumber,nasa_tm100396,T4,L,structure_preserving,nasa_tm100396#6,lookup,114,1,1
pdfplumber,nasa_tm100396,T4,L,structure_preserving,nasa_tm100396#7,lookup,114,1,1
pdfplumber,nasa_tm100396,T4,L,structure_preserving,nasa_tm100396#8,lookup,114,1,1
pdfplumber,nasa_tm100396,T4,L,structure_preserving,nasa_tm100396#9,lookup,114,1,1
pdfplumber,nasa_tm100396,T4,L,structure_preserving,nasa_tm100396#10,cross_page,114,0,0
pdfplumber,nasa_tm100396,T4,L,structure_preserving,nasa_tm100396#11,lookup,114,1,1
pdfplumber,nasa_tm100396,T4,L,structure_preserving,nasa_tm100396#12,table_cell,114,1,1
pdfplumber,nasa_tm104114,T4,XL,structure_preserving,nasa_tm104114#1,lookup,108,1,1
pdfplumber,nasa_tm104114,T4,XL,structure_preserving,nasa_tm104114#2,lookup,108,1,1
pdfplumber,nasa_tm104114,T4,XL,structure_preserving,nasa_tm104114#3,lookup,108,1,1
pdfplumber,nasa_tm104114,T4,XL,structure_preserving,nasa_tm104114#4,table_cell,108,1,1
pdfplumber,nasa_tm104114,T4,XL,structure_preserving,nasa_tm104114#5,table_cell,108,1,1
pdfplumber,nasa_tm104114,T4,XL,structure_preserving,nasa_tm104114#6,table_cell,108,1,1
pdfplumber,nasa_tm104114,T4,XL,structure_preserving,nasa_tm104114#7,table_cell,108,1,1
pdfplumber,nasa_tm104114,T4,XL,structure_preserving,nasa_tm104114#8,lookup,108,1,1
pdfplumber,nasa_tm104114,T4,XL,structure_preserving,nasa_tm104114#9,lookup,108,1,1
pdfplumber,nasa_tm104114,T4,XL,structure_preserving,nasa_tm104114#10,lookup,108,1,1
pdfplumber,nasa_tm104114,T4,XL,structure_preserving,nasa_tm104114#11,lookup,108,1,1
pdfplumber,nasa_tm_x9471,T4,M,structure_preserving,nasa_tm_x9471#1,lookup,9,1,1
pdfplumber,nasa_tm_x9471,T4,M,structure_preserving,nasa_tm_x9471#2,lookup,9,1,1
pdfplumber,nasa_tm_x9471,T4,M,structure_preserving,nasa_tm_x9471#3,lookup,9,1,1
pdfplumber,nasa_tm_x9471,T4,M,structure_preserving,nasa_tm_x9471#4,lookup,9,1,1
pdfplumber,nasa_tm_x9471,T4,M,structure_preserving,nasa_tm_x9471#5,lookup,9,1,1
pdfplumber,nasa_tm_x9471,T4,M,structure_preserving,nasa_tm_x9471#6,lookup,9,1,1
pdfplumber,nasa_tm_x9471,T4,M,structure_preserving,nasa_tm_x9471#7,lookup,9,1,1
pdfplumber,nasa_tm_x9471,T4,M,structure_preserving,nasa_tm_x9471#8,lookup,9,1,1
pdfplumber,nasa_tm_x9471,T4,M,structure_preserving,nasa_tm_x9471#9,lookup,9,1,1
pdfplumber,nasa_tm_x9471,T4,M,structure_preserving,nasa_tm_x9471#10,figure,9,0,0
pdfplumber,nasa_tm_x9471,T4,M,structure_preserving,nasa_tm_x9471#11,figure,9,0,0
pdfplumber,nasa_tm_x9471,T4,M,structure_preserving,nasa_tm_x9471#12,figure,9,0,0
pdfplumber,nasa_webb_factsheet,T4,S,structure_preserving,nasa_webb_factsheet#1,lookup,2,1,1
pdfplumber,nasa_webb_factsheet,T4,S,structure_preserving,nasa_webb_factsheet#2,lookup,2,1,1
pdfplumber,nasa_webb_factsheet,T4,S,structure_preserving,nasa_webb_factsheet#3,lookup,2,1,1
pdfplumber,nasa_webb_factsheet,T4,S,structure_preserving,nasa_webb_factsheet#4,lookup,2,1,1
pdfplumber,nasa_webb_factsheet,T4,S,structure_preserving,nasa_webb_factsheet#5,lookup,2,1,1
pdfplumber,nasa_webb_factsheet,T4,S,structure_preserving,nasa_webb_factsheet#6,lookup,2,1,1
pdfplumber,nasa_webb_factsheet,T4,S,structure_preserving,nasa_webb_factsheet#7,lookup,2,1,1
pdfplumber,nasa_webb_factsheet,T4,S,structure_preserving,nasa_webb_factsheet#8,table_multi_row,2,1,1
pdfplumber,nasa_webb_factsheet,T4,S,structure_preserving,nasa_webb_factsheet#9,figure,2,0,0
pdfplumber,nasa_webb_factsheet,T4,S,structure_preserving,nasa_webb_factsheet#10,figure,2,0,0
pdfplumber,nasa_webb_factsheet,T4,S,structure_preserving,nasa_webb_factsheet#11,figure,2,0,0
pdfplumber,nasa_webb_factsheet,T4,S,structure_preserving,nasa_webb_factsheet#12,figure,2,0,0
pdfplumber,p60_282,T2,L,structure_preserving,p60_282#1,lookup,318,1,1
pdfplumber,p60_282,T2,L,structure_preserving,p60_282#2,lookup,318,1,1
pdfplumber,p60_282,T2,L,structure_preserving,p60_282#3,lookup,318,0,0
pdfplumber,p60_282,T2,L,structure_preserving,p60_282#4,table_cell,318,1,1
pdfplumber,p60_282,T2,L,structure_preserving,p60_282#5,table_cell,318,1,1
pdfplumber,p60_282,T2,L,structure_preserving,p60_282#6,table_cell,318,1,1
pdfplumber,p60_282,T2,L,structure_preserving,p60_282#7,table_cell,318,0,0
pdfplumber,p60_282,T2,L,structure_preserving,p60_282#8,lookup,318,0,1
pdfplumber,p60_282,T2,L,structure_preserving,p60_282#9,lookup,318,1,1
pdfplumber,p60_282,T2,L,structure_preserving,p60_282#10,table_cell,318,0,0
pdfplumber,p60_282,T2,L,structure_preserving,p60_282#11,table_cell,318,0,0
pdfplumber,p60_282,T2,L,structure_preserving,p60_282#12,table_cell,318,0,0
pdfplumber,p60_282,T2,L,structure_preserving,p60_282#13,table_multi_row,318,0,0
pdfplumber,rfc9110,T1,XL,structure_preserving,rfc9110#1,lookup,369,1,1
pdfplumber,rfc9110,T1,XL,structure_preserving,rfc9110#2,lookup,369,1,1
pdfplumber,rfc9110,T1,XL,structure_preserving,rfc9110#3,lookup,369,1,1
pdfplumber,rfc9110,T1,XL,structure_preserving,rfc9110#4,table_cell,369,0,1
pdfplumber,rfc9110,T1,XL,structure_preserving,rfc9110#5,table_cell,369,1,1
pdfplumber,rfc9110,T1,XL,structure_preserving,rfc9110#6,table_multi_row,369,1,1
pdfplumber,rfc9110,T1,XL,structure_preserving,rfc9110#7,lookup,369,1,1
pdfplumber,rfc9110,T1,XL,structure_preserving,rfc9110#8,lookup,369,1,1
pdfplumber,rfc9110,T1,XL,structure_preserving,rfc9110#9,lookup,369,1,1
pdfplumber,rfc9110,T1,XL,structure_preserving,rfc9110#10,lookup,369,1,1
pdfplumber,rfc9110,T1,XL,structure_preserving,rfc9110#11,lookup,369,1,1
pdfplumber,rfc9110,T1,XL,structure_preserving,rfc9110#12,lookup,369,1,1
pdfplumber,rfc9112,T1,L,structure_preserving,rfc9112#1,lookup,84,1,1
pdfplumber,rfc9112,T1,L,structure_preserving,rfc9112#2,lookup,84,1,1
pdfplumber,rfc9112,T1,L,structure_preserving,rfc9112#3,lookup,84,1,1
pdfplumber,rfc9112,T1,L,structure_preserving,rfc9112#4,lookup,84,1,1
pdfplumber,rfc9112,T1,L,structure_preserving,rfc9112#5,lookup,84,1,1
pdfplumber,rfc9112,T1,L,structure_preserving,rfc9112#6,cross_page,84,1,1
pdfplumber,rfc9112,T1,L,structure_preserving,rfc9112#7,lookup,84,1,1
pdfplumber,rfc9112,T1,L,structure_preserving,rfc9112#8,lookup,84,1,1
pdfplumber,rfc9112,T1,L,structure_preserving,rfc9112#9,lookup,84,1,1
pdfplumber,rfc9112,T1,L,structure_preserving,rfc9112#10,lookup,84,1,1
pdfplumber,rfc9112,T1,L,structure_preserving,rfc9112#11,lookup,84,1,1
pdfplumber,rfc9112,T1,L,structure_preserving,rfc9112#12,lookup,84,1,1
pdfplumber,rfc9112,T1,L,structure_preserving,rfc9112#13,lookup,84,1,1
pdfplumber,rfc9112,T1,L,structure_preserving,rfc9112#14,lookup,84,1,1
pdfplumber,rfc9112,T1,L,structure_preserving,rfc9112#15,lookup,84,1,1
pdfplumber,rfc9112,T1,L,structure_preserving,rfc9112#16,lookup,84,1,1
pdfplumber,rfc9158,T1,S,structure_preserving,rfc9158#1,lookup,6,1,1
pdfplumber,rfc9158,T1,S,structure_preserving,rfc9158#2,lookup,6,1,1
pdfplumber,rfc9158,T1,S,structure_preserving,rfc9158#3,lookup,6,1,1
pdfplumber,rfc9158,T1,S,structure_preserving,rfc9158#4,lookup,6,1,1
pdfplumber,rfc9158,T1,S,structure_preserving,rfc9158#5,table_multi_row,6,0,1
pdfplumber,rfc9158,T1,S,structure_preserving,rfc9158#6,table_cell,6,1,1
pdfplumber,rfc9158,T1,S,structure_preserving,rfc9158#7,lookup,6,1,1
pdfplumber,rfc9158,T1,S,structure_preserving,rfc9158#8,lookup,6,1,1
pdfplumber,rfc9158,T1,S,structure_preserving,rfc9158#9,cross_page,6,0,0
pdfplumber,rfc9457,T1,M,structure_preserving,rfc9457#1,lookup,27,1,1
pdfplumber,rfc9457,T1,M,structure_preserving,rfc9457#2,lookup,27,1,1
pdfplumber,rfc9457,T1,M,structure_preserving,rfc9457#3,lookup,27,1,1
pdfplumber,rfc9457,T1,M,structure_preserving,rfc9457#4,lookup,27,1,1
pdfplumber,rfc9457,T1,M,structure_preserving,rfc9457#5,lookup,27,1,1
pdfplumber,rfc9457,T1,M,structure_preserving,rfc9457#6,lookup,27,1,1
pdfplumber,rfc9457,T1,M,structure_preserving,rfc9457#7,lookup,27,1,1
pdfplumber,rfc9457,T1,M,structure_preserving,rfc9457#8,lookup,27,1,1
pdfplumber,rfc9457,T1,M,structure_preserving,rfc9457#9,lookup,27,1,1
pdfplumber,rfc9457,T1,M,structure_preserving,rfc9457#10,lookup,27,1,1
pdfplumber,rfc9457,T1,M,structure_preserving,rfc9457#11,lookup,27,1,1
pdfplumber,scan_acsbr_023,T3,M,structure_preserving,scan_acsbr_023#1,lookup,0,0,0
pdfplumber,scan_acsbr_023,T3,M,structure_preserving,scan_acsbr_023#2,lookup,0,0,0
pdfplumber,scan_acsbr_023,T3,M,structure_preserving,scan_acsbr_023#3,lookup,0,0,0
pdfplumber,scan_acsbr_023,T3,M,structure_preserving,scan_acsbr_023#4,lookup,0,0,0
pdfplumber,scan_acsbr_023,T3,M,structure_preserving,scan_acsbr_023#5,lookup,0,0,0
pdfplumber,scan_acsbr_023,T3,M,structure_preserving,scan_acsbr_023#6,lookup,0,0,0
pdfplumber,scan_acsbr_023,T3,M,structure_preserving,scan_acsbr_023#7,table_cell,0,0,0
pdfplumber,scan_acsbr_023,T3,M,structure_preserving,scan_acsbr_023#8,table_cell,0,0,0
pdfplumber,scan_acsbr_023,T3,M,structure_preserving,scan_acsbr_023#9,table_cell,0,0,0
pdfplumber,scan_acsbr_023,T3,M,structure_preserving,scan_acsbr_023#10,table_cell,0,0,0
pdfplumber,scan_acsbr_023,T3,M,structure_preserving,scan_acsbr_023#11,table_multi_row,0,0,0
pdfplumber,scan_acsbr_023,T3,M,structure_preserving,scan_acsbr_023#12,table_cell,0,0,0
pdfplumber,scan_p60_282,T3,L,structure_preserving,scan_p60_282#1,lookup,0,0,0
pdfplumber,scan_p60_282,T3,L,structure_preserving,scan_p60_282#2,lookup,0,0,0
pdfplumber,scan_p60_282,T3,L,structure_preserving,scan_p60_282#3,lookup,0,0,0
pdfplumber,scan_p60_282,T3,L,structure_preserving,scan_p60_282#4,table_cell,0,0,0
pdfplumber,scan_p60_282,T3,L,structure_preserving,scan_p60_282#5,table_cell,0,0,0
pdfplumber,scan_p60_282,T3,L,structure_preserving,scan_p60_282#6,table_cell,0,0,0
pdfplumber,scan_p60_282,T3,L,structure_preserving,scan_p60_282#7,table_cell,0,0,0
pdfplumber,scan_p60_282,T3,L,structure_preserving,scan_p60_282#8,lookup,0,0,0
pdfplumber,scan_p60_282,T3,L,structure_preserving,scan_p60_282#9,lookup,0,0,0
pdfplumber,scan_p60_282,T3,L,structure_preserving,scan_p60_282#10,table_cell,0,0,0
pdfplumber,scan_p60_282,T3,L,structure_preserving,scan_p60_282#11,table_cell,0,0,0
pdfplumber,scan_p60_282,T3,L,structure_preserving,scan_p60_282#12,table_cell,0,0,0
pdfplumber,scan_p60_282,T3,L,structure_preserving,scan_p60_282#13,table_multi_row,0,0,0
pdfplumber,scan_rfc9110,T3,XL,structure_preserving,scan_rfc9110#1,lookup,0,0,0
pdfplumber,scan_rfc9110,T3,XL,structure_preserving,scan_rfc9110#2,lookup,0,0,0
pdfplumber,scan_rfc9110,T3,XL,structure_preserving,scan_rfc9110#3,lookup,0,0,0
pdfplumber,scan_rfc9110,T3,XL,structure_preserving,scan_rfc9110#4,table_cell,0,0,0
pdfplumber,scan_rfc9110,T3,XL,structure_preserving,scan_rfc9110#5,table_cell,0,0,0
pdfplumber,scan_rfc9110,T3,XL,structure_preserving,scan_rfc9110#6,table_multi_row,0,0,0
pdfplumber,scan_rfc9110,T3,XL,structure_preserving,scan_rfc9110#7,lookup,0,0,0
pdfplumber,scan_rfc9110,T3,XL,structure_preserving,scan_rfc9110#8,lookup,0,0,0
pdfplumber,scan_rfc9110,T3,XL,structure_preserving,scan_rfc9110#9,lookup,0,0,0
pdfplumber,scan_rfc9110,T3,XL,structure_preserving,scan_rfc9110#10,lookup,0,0,0
pdfplumber,scan_rfc9110,T3,XL,structure_preserving,scan_rfc9110#11,lookup,0,0,0
pdfplumber,scan_rfc9110,T3,XL,structure_preserving,scan_rfc9110#12,lookup,0,0,0
pdfplumber,scan_rfc9158,T3,S,structure_preserving,scan_rfc9158#1,lookup,0,0,0
pdfplumber,scan_rfc9158,T3,S,structure_preserving,scan_rfc9158#2,lookup,0,0,0
pdfplumber,scan_rfc9158,T3,S,structure_preserving,scan_rfc9158#3,lookup,0,0,0
pdfplumber,scan_rfc9158,T3,S,structure_preserving,scan_rfc9158#4,lookup,0,0,0
pdfplumber,scan_rfc9158,T3,S,structure_preserving,scan_rfc9158#5,table_multi_row,0,0,0
pdfplumber,scan_rfc9158,T3,S,structure_preserving,scan_rfc9158#6,table_cell,0,0,0
pdfplumber,scan_rfc9158,T3,S,structure_preserving,scan_rfc9158#7,lookup,0,0,0
pdfplumber,scan_rfc9158,T3,S,structure_preserving,scan_rfc9158#8,lookup,0,0,0
pdfplumber,scan_rfc9158,T3,S,structure_preserving,scan_rfc9158#9,cross_page,0,0,0
pdfplumber,scan_rfc9457,T3,M,structure_preserving,scan_rfc9457#1,lookup,0,0,0
pdfplumber,scan_rfc9457,T3,M,structure_preserving,scan_rfc9457#2,lookup,0,0,0
pdfplumber,scan_rfc9457,T3,M,structure_preserving,scan_rfc9457#3,lookup,0,0,0
pdfplumber,scan_rfc9457,T3,M,structure_preserving,scan_rfc9457#4,lookup,0,0,0
pdfplumber,scan_rfc9457,T3,M,structure_preserving,scan_rfc9457#5,lookup,0,0,0
pdfplumber,scan_rfc9457,T3,M,structure_preserving,scan_rfc9457#6,lookup,0,0,0
pdfplumber,scan_rfc9457,T3,M,structure_preserving,scan_rfc9457#7,lookup,0,0,0
pdfplumber,scan_rfc9457,T3,M,structure_preserving,scan_rfc9457#8,lookup,0,0,0
pdfplumber,scan_rfc9457,T3,M,structure_preserving,scan_rfc9457#9,lookup,0,0,0
pdfplumber,scan_rfc9457,T3,M,structure_preserving,scan_rfc9457#10,lookup,0,0,0
pdfplumber,scan_rfc9457,T3,M,structure_preserving,scan_rfc9457#11,lookup,0,0,0
pymupdf,acsbr_023,T2,M,structure_preserving,acsbr_023#1,lookup,29,1,1
pymupdf,acsbr_023,T2,M,structure_preserving,acsbr_023#2,lookup,29,1,1
pymupdf,acsbr_023,T2,M,structure_preserving,acsbr_023#3,lookup,29,0,1
pymupdf,acsbr_023,T2,M,structure_preserving,acsbr_023#4,lookup,29,1,1
pymupdf,acsbr_023,T2,M,structure_preserving,acsbr_023#5,lookup,29,1,1
pymupdf,acsbr_023,T2,M,structure_preserving,acsbr_023#6,lookup,29,1,1
pymupdf,acsbr_023,T2,M,structure_preserving,acsbr_023#7,table_cell,29,1,1
pymupdf,acsbr_023,T2,M,structure_preserving,acsbr_023#8,table_cell,29,0,0
pymupdf,acsbr_023,T2,M,structure_preserving,acsbr_023#9,table_cell,29,0,1
pymupdf,acsbr_023,T2,M,structure_preserving,acsbr_023#10,table_cell,29,1,1
pymupdf,acsbr_023,T2,M,structure_preserving,acsbr_023#11,table_multi_row,29,0,0
pymupdf,acsbr_023,T2,M,structure_preserving,acsbr_023#12,table_cell,29,1,1
pymupdf,erp2024_full,T2,XL,structure_preserving,erp2024_full#1,lookup,1627,1,1
pymupdf,erp2024_full,T2,XL,structure_preserving,erp2024_full#2,table_cell,1627,1,1
pymupdf,erp2024_full,T2,XL,structure_preserving,erp2024_full#3,lookup,1627,0,0
pymupdf,erp2024_full,T2,XL,structure_preserving,erp2024_full#4,table_cell,1627,1,1
pymupdf,erp2024_full,T2,XL,structure_preserving,erp2024_full#5,table_cell,1627,1,1
pymupdf,erp2024_full,T2,XL,structure_preserving,erp2024_full#6,table_cell,1627,1,1
pymupdf,erp2024_full,T2,XL,structure_preserving,erp2024_full#7,table_multi_row,1627,1,1
pymupdf,erp2024_full,T2,XL,structure_preserving,erp2024_full#8,lookup,1627,1,1
pymupdf,erp2024_full,T2,XL,structure_preserving,erp2024_full#9,lookup,1627,1,1
pymupdf,erp2024_full,T2,XL,structure_preserving,erp2024_full#10,table_cell,1627,1,1
pymupdf,erp2024_full,T2,XL,structure_preserving,erp2024_full#11,table_cell,1627,0,1
pymupdf,erp2024_table1,T2,S,structure_preserving,erp2024_table1#1,lookup,24,1,1
pymupdf,erp2024_table1,T2,S,structure_preserving,erp2024_table1#2,table_cell,24,1,1
pymupdf,erp2024_table1,T2,S,structure_preserving,erp2024_table1#3,table_cell,24,1,1
pymupdf,erp2024_table1,T2,S,structure_preserving,erp2024_table1#4,table_cell,24,1,1
pymupdf,erp2024_table1,T2,S,structure_preserving,erp2024_table1#5,table_cell,24,1,1
pymupdf,erp2024_table1,T2,S,structure_preserving,erp2024_table1#6,table_cell,24,1,1
pymupdf,erp2024_table1,T2,S,structure_preserving,erp2024_table1#7,table_cell,24,1,1
pymupdf,erp2024_table1,T2,S,structure_preserving,erp2024_table1#8,lookup,24,0,1
pymupdf,erp2024_table1,T2,S,structure_preserving,erp2024_table1#9,lookup,24,1,1
pymupdf,erp2024_table3,T2,S,structure_preserving,erp2024_table3#1,lookup,27,1,1
pymupdf,erp2024_table3,T2,S,structure_preserving,erp2024_table3#2,lookup,27,1,1
pymupdf,erp2024_table3,T2,S,structure_preserving,erp2024_table3#3,table_cell,27,1,1
pymupdf,erp2024_table3,T2,S,structure_preserving,erp2024_table3#4,table_cell,27,1,1
pymupdf,erp2024_table3,T2,S,structure_preserving,erp2024_table3#5,table_cell,27,0,0
pymupdf,erp2024_table3,T2,S,structure_preserving,erp2024_table3#6,table_cell,27,1,1
pymupdf,erp2024_table3,T2,S,structure_preserving,erp2024_table3#7,table_multi_row,27,1,1
pymupdf,erp2024_table3,T2,S,structure_preserving,erp2024_table3#8,table_cell,27,1,1
pymupdf,erp2024_table3,T2,S,structure_preserving,erp2024_table3#9,table_cell,27,0,0
pymupdf,erp2024_table3,T2,S,structure_preserving,erp2024_table3#10,table_cell,27,0,1
pymupdf,gen_t2_long,T2,S,structure_preserving,gen_t2_long#1,table_cell,4,1,1
pymupdf,gen_t2_long,T2,S,structure_preserving,gen_t2_long#2,table_cell,4,1,1
pymupdf,gen_t2_long,T2,S,structure_preserving,gen_t2_long#3,table_cell,4,1,1
pymupdf,gen_t2_long,T2,S,structure_preserving,gen_t2_long#4,table_cell,4,1,1
pymupdf,gen_t2_merged,T2,S,structure_preserving,gen_t2_merged#1,table_cell,1,1,1
pymupdf,gen_t2_rotated,T2,S,structure_preserving,gen_t2_rotated#1,table_cell,1,1,1
pymupdf,gen_t2_rotated,T2,S,structure_preserving,gen_t2_rotated#2,table_cell,1,1,1
pymupdf,gen_t2_simple,T2,S,structure_preserving,gen_t2_simple#1,table_cell,1,1,1
pymupdf,gen_t2_simple,T2,S,structure_preserving,gen_t2_simple#2,table_cell,1,1,1
pymupdf,gen_t2_simple,T2,S,structure_preserving,gen_t2_simple#3,table_cell,1,1,1
pymupdf,gen_t4_bar,T4,S,structure_preserving,gen_t4_bar#1,figure,1,0,0
pymupdf,gen_t4_flow,T4,S,structure_preserving,gen_t4_flow#1,figure,1,0,0
pymupdf,gen_t4_line,T4,S,structure_preserving,gen_t4_line#1,figure,1,0,0
pymupdf,gen_t4_mixed,T4,S,structure_preserving,gen_t4_mixed#1,table_cell,1,1,1
pymupdf,nasa_se_handbook,T4,XL,structure_preserving,nasa_se_handbook#1,lookup,511,1,1
pymupdf,nasa_se_handbook,T4,XL,structure_preserving,nasa_se_handbook#2,lookup,511,1,1
pymupdf,nasa_se_handbook,T4,XL,structure_preserving,nasa_se_handbook#3,figure,511,1,1
pymupdf,nasa_se_handbook,T4,XL,structure_preserving,nasa_se_handbook#4,lookup,511,1,1
pymupdf,nasa_se_handbook,T4,XL,structure_preserving,nasa_se_handbook#5,lookup,511,1,1
pymupdf,nasa_se_handbook,T4,XL,structure_preserving,nasa_se_handbook#6,table_multi_row,511,1,1
pymupdf,nasa_se_handbook,T4,XL,structure_preserving,nasa_se_handbook#7,lookup,511,1,1
pymupdf,nasa_se_handbook,T4,XL,structure_preserving,nasa_se_handbook#8,lookup,511,1,1
pymupdf,nasa_se_handbook,T4,XL,structure_preserving,nasa_se_handbook#9,lookup,511,1,1
pymupdf,nasa_se_handbook,T4,XL,structure_preserving,nasa_se_handbook#10,lookup,511,1,1
pymupdf,nasa_se_handbook,T4,XL,structure_preserving,nasa_se_handbook#11,lookup,511,1,1
pymupdf,nasa_se_handbook,T4,XL,structure_preserving,nasa_se_handbook#12,lookup,511,1,1
pymupdf,nasa_tm100396,T4,L,structure_preserving,nasa_tm100396#1,lookup,117,1,1
pymupdf,nasa_tm100396,T4,L,structure_preserving,nasa_tm100396#2,lookup,117,1,1
pymupdf,nasa_tm100396,T4,L,structure_preserving,nasa_tm100396#3,lookup,117,1,1
pymupdf,nasa_tm100396,T4,L,structure_preserving,nasa_tm100396#4,lookup,117,1,1
pymupdf,nasa_tm100396,T4,L,structure_preserving,nasa_tm100396#5,lookup,117,1,1
pymupdf,nasa_tm100396,T4,L,structure_preserving,nasa_tm100396#6,lookup,117,1,1
pymupdf,nasa_tm100396,T4,L,structure_preserving,nasa_tm100396#7,lookup,117,1,1
pymupdf,nasa_tm100396,T4,L,structure_preserving,nasa_tm100396#8,lookup,117,1,1
pymupdf,nasa_tm100396,T4,L,structure_preserving,nasa_tm100396#9,lookup,117,1,1
pymupdf,nasa_tm100396,T4,L,structure_preserving,nasa_tm100396#10,cross_page,117,0,0
pymupdf,nasa_tm100396,T4,L,structure_preserving,nasa_tm100396#11,lookup,117,1,1
pymupdf,nasa_tm100396,T4,L,structure_preserving,nasa_tm100396#12,table_cell,117,1,1
pymupdf,nasa_tm104114,T4,XL,structure_preserving,nasa_tm104114#1,lookup,108,1,1
pymupdf,nasa_tm104114,T4,XL,structure_preserving,nasa_tm104114#2,lookup,108,1,1
pymupdf,nasa_tm104114,T4,XL,structure_preserving,nasa_tm104114#3,lookup,108,1,1
pymupdf,nasa_tm104114,T4,XL,structure_preserving,nasa_tm104114#4,table_cell,108,1,1
pymupdf,nasa_tm104114,T4,XL,structure_preserving,nasa_tm104114#5,table_cell,108,1,1
pymupdf,nasa_tm104114,T4,XL,structure_preserving,nasa_tm104114#6,table_cell,108,1,1
pymupdf,nasa_tm104114,T4,XL,structure_preserving,nasa_tm104114#7,table_cell,108,1,1
pymupdf,nasa_tm104114,T4,XL,structure_preserving,nasa_tm104114#8,lookup,108,1,1
pymupdf,nasa_tm104114,T4,XL,structure_preserving,nasa_tm104114#9,lookup,108,1,1
pymupdf,nasa_tm104114,T4,XL,structure_preserving,nasa_tm104114#10,lookup,108,1,1
pymupdf,nasa_tm104114,T4,XL,structure_preserving,nasa_tm104114#11,lookup,108,1,1
pymupdf,nasa_tm_x9471,T4,M,structure_preserving,nasa_tm_x9471#1,lookup,6,1,1
pymupdf,nasa_tm_x9471,T4,M,structure_preserving,nasa_tm_x9471#2,lookup,6,1,1
pymupdf,nasa_tm_x9471,T4,M,structure_preserving,nasa_tm_x9471#3,lookup,6,1,1
pymupdf,nasa_tm_x9471,T4,M,structure_preserving,nasa_tm_x9471#4,lookup,6,1,1
pymupdf,nasa_tm_x9471,T4,M,structure_preserving,nasa_tm_x9471#5,lookup,6,1,1
pymupdf,nasa_tm_x9471,T4,M,structure_preserving,nasa_tm_x9471#6,lookup,6,1,1
pymupdf,nasa_tm_x9471,T4,M,structure_preserving,nasa_tm_x9471#7,lookup,6,1,1
pymupdf,nasa_tm_x9471,T4,M,structure_preserving,nasa_tm_x9471#8,lookup,6,1,1
pymupdf,nasa_tm_x9471,T4,M,structure_preserving,nasa_tm_x9471#9,lookup,6,1,1
pymupdf,nasa_tm_x9471,T4,M,structure_preserving,nasa_tm_x9471#10,figure,6,0,0
pymupdf,nasa_tm_x9471,T4,M,structure_preserving,nasa_tm_x9471#11,figure,6,0,0
pymupdf,nasa_tm_x9471,T4,M,structure_preserving,nasa_tm_x9471#12,figure,6,0,0
pymupdf,nasa_webb_factsheet,T4,S,structure_preserving,nasa_webb_factsheet#1,lookup,2,1,1
pymupdf,nasa_webb_factsheet,T4,S,structure_preserving,nasa_webb_factsheet#2,lookup,2,1,1
pymupdf,nasa_webb_factsheet,T4,S,structure_preserving,nasa_webb_factsheet#3,lookup,2,1,1
pymupdf,nasa_webb_factsheet,T4,S,structure_preserving,nasa_webb_factsheet#4,lookup,2,1,1
pymupdf,nasa_webb_factsheet,T4,S,structure_preserving,nasa_webb_factsheet#5,lookup,2,1,1
pymupdf,nasa_webb_factsheet,T4,S,structure_preserving,nasa_webb_factsheet#6,lookup,2,1,1
pymupdf,nasa_webb_factsheet,T4,S,structure_preserving,nasa_webb_factsheet#7,lookup,2,1,1
pymupdf,nasa_webb_factsheet,T4,S,structure_preserving,nasa_webb_factsheet#8,table_multi_row,2,1,1
pymupdf,nasa_webb_factsheet,T4,S,structure_preserving,nasa_webb_factsheet#9,figure,2,0,0
pymupdf,nasa_webb_factsheet,T4,S,structure_preserving,nasa_webb_factsheet#10,figure,2,0,0
pymupdf,nasa_webb_factsheet,T4,S,structure_preserving,nasa_webb_factsheet#11,figure,2,0,0
pymupdf,nasa_webb_factsheet,T4,S,structure_preserving,nasa_webb_factsheet#12,figure,2,0,0
pymupdf,p60_282,T2,L,structure_preserving,p60_282#1,lookup,241,1,1
pymupdf,p60_282,T2,L,structure_preserving,p60_282#2,lookup,241,1,1
pymupdf,p60_282,T2,L,structure_preserving,p60_282#3,lookup,241,1,1
pymupdf,p60_282,T2,L,structure_preserving,p60_282#4,table_cell,241,1,1
pymupdf,p60_282,T2,L,structure_preserving,p60_282#5,table_cell,241,1,1
pymupdf,p60_282,T2,L,structure_preserving,p60_282#6,table_cell,241,1,1
pymupdf,p60_282,T2,L,structure_preserving,p60_282#7,table_cell,241,0,0
pymupdf,p60_282,T2,L,structure_preserving,p60_282#8,lookup,241,1,1
pymupdf,p60_282,T2,L,structure_preserving,p60_282#9,lookup,241,1,1
pymupdf,p60_282,T2,L,structure_preserving,p60_282#10,table_cell,241,1,1
pymupdf,p60_282,T2,L,structure_preserving,p60_282#11,table_cell,241,1,1
pymupdf,p60_282,T2,L,structure_preserving,p60_282#12,table_cell,241,0,0
pymupdf,p60_282,T2,L,structure_preserving,p60_282#13,table_multi_row,241,1,1
pymupdf,rfc9110,T1,XL,structure_preserving,rfc9110#1,lookup,356,1,1
pymupdf,rfc9110,T1,XL,structure_preserving,rfc9110#2,lookup,356,1,1
pymupdf,rfc9110,T1,XL,structure_preserving,rfc9110#3,lookup,356,1,1
pymupdf,rfc9110,T1,XL,structure_preserving,rfc9110#4,table_cell,356,1,1
pymupdf,rfc9110,T1,XL,structure_preserving,rfc9110#5,table_cell,356,1,1
pymupdf,rfc9110,T1,XL,structure_preserving,rfc9110#6,table_multi_row,356,1,1
pymupdf,rfc9110,T1,XL,structure_preserving,rfc9110#7,lookup,356,1,1
pymupdf,rfc9110,T1,XL,structure_preserving,rfc9110#8,lookup,356,1,1
pymupdf,rfc9110,T1,XL,structure_preserving,rfc9110#9,lookup,356,1,1
pymupdf,rfc9110,T1,XL,structure_preserving,rfc9110#10,lookup,356,1,1
pymupdf,rfc9110,T1,XL,structure_preserving,rfc9110#11,lookup,356,1,1
pymupdf,rfc9110,T1,XL,structure_preserving,rfc9110#12,lookup,356,1,1
pymupdf,rfc9112,T1,L,structure_preserving,rfc9112#1,lookup,80,1,1
pymupdf,rfc9112,T1,L,structure_preserving,rfc9112#2,lookup,80,1,1
pymupdf,rfc9112,T1,L,structure_preserving,rfc9112#3,lookup,80,1,1
pymupdf,rfc9112,T1,L,structure_preserving,rfc9112#4,lookup,80,1,1
pymupdf,rfc9112,T1,L,structure_preserving,rfc9112#5,lookup,80,1,1
pymupdf,rfc9112,T1,L,structure_preserving,rfc9112#6,cross_page,80,1,1
pymupdf,rfc9112,T1,L,structure_preserving,rfc9112#7,lookup,80,0,1
pymupdf,rfc9112,T1,L,structure_preserving,rfc9112#8,lookup,80,1,1
pymupdf,rfc9112,T1,L,structure_preserving,rfc9112#9,lookup,80,1,1
pymupdf,rfc9112,T1,L,structure_preserving,rfc9112#10,lookup,80,1,1
pymupdf,rfc9112,T1,L,structure_preserving,rfc9112#11,lookup,80,1,1
pymupdf,rfc9112,T1,L,structure_preserving,rfc9112#12,lookup,80,1,1
pymupdf,rfc9112,T1,L,structure_preserving,rfc9112#13,lookup,80,1,1
pymupdf,rfc9112,T1,L,structure_preserving,rfc9112#14,lookup,80,0,0
pymupdf,rfc9112,T1,L,structure_preserving,rfc9112#15,lookup,80,0,0
pymupdf,rfc9112,T1,L,structure_preserving,rfc9112#16,lookup,80,1,1
pymupdf,rfc9158,T1,S,structure_preserving,rfc9158#1,lookup,5,1,1
pymupdf,rfc9158,T1,S,structure_preserving,rfc9158#2,lookup,5,1,1
pymupdf,rfc9158,T1,S,structure_preserving,rfc9158#3,lookup,5,1,1
pymupdf,rfc9158,T1,S,structure_preserving,rfc9158#4,lookup,5,1,1
pymupdf,rfc9158,T1,S,structure_preserving,rfc9158#5,table_multi_row,5,1,1
pymupdf,rfc9158,T1,S,structure_preserving,rfc9158#6,table_cell,5,0,0
pymupdf,rfc9158,T1,S,structure_preserving,rfc9158#7,lookup,5,1,1
pymupdf,rfc9158,T1,S,structure_preserving,rfc9158#8,lookup,5,1,1
pymupdf,rfc9158,T1,S,structure_preserving,rfc9158#9,cross_page,5,0,0
pymupdf,rfc9457,T1,M,structure_preserving,rfc9457#1,lookup,26,1,1
pymupdf,rfc9457,T1,M,structure_preserving,rfc9457#2,lookup,26,1,1
pymupdf,rfc9457,T1,M,structure_preserving,rfc9457#3,lookup,26,1,1
pymupdf,rfc9457,T1,M,structure_preserving,rfc9457#4,lookup,26,1,1
pymupdf,rfc9457,T1,M,structure_preserving,rfc9457#5,lookup,26,1,1
pymupdf,rfc9457,T1,M,structure_preserving,rfc9457#6,lookup,26,1,1
pymupdf,rfc9457,T1,M,structure_preserving,rfc9457#7,lookup,26,1,1
pymupdf,rfc9457,T1,M,structure_preserving,rfc9457#8,lookup,26,1,1
pymupdf,rfc9457,T1,M,structure_preserving,rfc9457#9,lookup,26,1,1
pymupdf,rfc9457,T1,M,structure_preserving,rfc9457#10,lookup,26,1,1
pymupdf,rfc9457,T1,M,structure_preserving,rfc9457#11,lookup,26,1,1
pymupdf,scan_acsbr_023,T3,M,structure_preserving,scan_acsbr_023#1,lookup,0,0,0
pymupdf,scan_acsbr_023,T3,M,structure_preserving,scan_acsbr_023#2,lookup,0,0,0
pymupdf,scan_acsbr_023,T3,M,structure_preserving,scan_acsbr_023#3,lookup,0,0,0
pymupdf,scan_acsbr_023,T3,M,structure_preserving,scan_acsbr_023#4,lookup,0,0,0
pymupdf,scan_acsbr_023,T3,M,structure_preserving,scan_acsbr_023#5,lookup,0,0,0
pymupdf,scan_acsbr_023,T3,M,structure_preserving,scan_acsbr_023#6,lookup,0,0,0
pymupdf,scan_acsbr_023,T3,M,structure_preserving,scan_acsbr_023#7,table_cell,0,0,0
pymupdf,scan_acsbr_023,T3,M,structure_preserving,scan_acsbr_023#8,table_cell,0,0,0
pymupdf,scan_acsbr_023,T3,M,structure_preserving,scan_acsbr_023#9,table_cell,0,0,0
pymupdf,scan_acsbr_023,T3,M,structure_preserving,scan_acsbr_023#10,table_cell,0,0,0
pymupdf,scan_acsbr_023,T3,M,structure_preserving,scan_acsbr_023#11,table_multi_row,0,0,0
pymupdf,scan_acsbr_023,T3,M,structure_preserving,scan_acsbr_023#12,table_cell,0,0,0
pymupdf,scan_p60_282,T3,L,structure_preserving,scan_p60_282#1,lookup,0,0,0
pymupdf,scan_p60_282,T3,L,structure_preserving,scan_p60_282#2,lookup,0,0,0
pymupdf,scan_p60_282,T3,L,structure_preserving,scan_p60_282#3,lookup,0,0,0
pymupdf,scan_p60_282,T3,L,structure_preserving,scan_p60_282#4,table_cell,0,0,0
pymupdf,scan_p60_282,T3,L,structure_preserving,scan_p60_282#5,table_cell,0,0,0
pymupdf,scan_p60_282,T3,L,structure_preserving,scan_p60_282#6,table_cell,0,0,0
pymupdf,scan_p60_282,T3,L,structure_preserving,scan_p60_282#7,table_cell,0,0,0
pymupdf,scan_p60_282,T3,L,structure_preserving,scan_p60_282#8,lookup,0,0,0
pymupdf,scan_p60_282,T3,L,structure_preserving,scan_p60_282#9,lookup,0,0,0
pymupdf,scan_p60_282,T3,L,structure_preserving,scan_p60_282#10,table_cell,0,0,0
pymupdf,scan_p60_282,T3,L,structure_preserving,scan_p60_282#11,table_cell,0,0,0
pymupdf,scan_p60_282,T3,L,structure_preserving,scan_p60_282#12,table_cell,0,0,0
pymupdf,scan_p60_282,T3,L,structure_preserving,scan_p60_282#13,table_multi_row,0,0,0
pymupdf,scan_rfc9110,T3,XL,structure_preserving,scan_rfc9110#1,lookup,0,0,0
pymupdf,scan_rfc9110,T3,XL,structure_preserving,scan_rfc9110#2,lookup,0,0,0
pymupdf,scan_rfc9110,T3,XL,structure_preserving,scan_rfc9110#3,lookup,0,0,0
pymupdf,scan_rfc9110,T3,XL,structure_preserving,scan_rfc9110#4,table_cell,0,0,0
pymupdf,scan_rfc9110,T3,XL,structure_preserving,scan_rfc9110#5,table_cell,0,0,0
pymupdf,scan_rfc9110,T3,XL,structure_preserving,scan_rfc9110#6,table_multi_row,0,0,0
pymupdf,scan_rfc9110,T3,XL,structure_preserving,scan_rfc9110#7,lookup,0,0,0
pymupdf,scan_rfc9110,T3,XL,structure_preserving,scan_rfc9110#8,lookup,0,0,0
pymupdf,scan_rfc9110,T3,XL,structure_preserving,scan_rfc9110#9,lookup,0,0,0
pymupdf,scan_rfc9110,T3,XL,structure_preserving,scan_rfc9110#10,lookup,0,0,0
pymupdf,scan_rfc9110,T3,XL,structure_preserving,scan_rfc9110#11,lookup,0,0,0
pymupdf,scan_rfc9110,T3,XL,structure_preserving,scan_rfc9110#12,lookup,0,0,0
pymupdf,scan_rfc9158,T3,S,structure_preserving,scan_rfc9158#1,lookup,0,0,0
pymupdf,scan_rfc9158,T3,S,structure_preserving,scan_rfc9158#2,lookup,0,0,0
pymupdf,scan_rfc9158,T3,S,structure_preserving,scan_rfc9158#3,lookup,0,0,0
pymupdf,scan_rfc9158,T3,S,structure_preserving,scan_rfc9158#4,lookup,0,0,0
pymupdf,scan_rfc9158,T3,S,structure_preserving,scan_rfc9158#5,table_multi_row,0,0,0
pymupdf,scan_rfc9158,T3,S,structure_preserving,scan_rfc9158#6,table_cell,0,0,0
pymupdf,scan_rfc9158,T3,S,structure_preserving,scan_rfc9158#7,lookup,0,0,0
pymupdf,scan_rfc9158,T3,S,structure_preserving,scan_rfc9158#8,lookup,0,0,0
pymupdf,scan_rfc9158,T3,S,structure_preserving,scan_rfc9158#9,cross_page,0,0,0
pymupdf,scan_rfc9457,T3,M,structure_preserving,scan_rfc9457#1,lookup,0,0,0
pymupdf,scan_rfc9457,T3,M,structure_preserving,scan_rfc9457#2,lookup,0,0,0
pymupdf,scan_rfc9457,T3,M,structure_preserving,scan_rfc9457#3,lookup,0,0,0
pymupdf,scan_rfc9457,T3,M,structure_preserving,scan_rfc9457#4,lookup,0,0,0
pymupdf,scan_rfc9457,T3,M,structure_preserving,scan_rfc9457#5,lookup,0,0,0
pymupdf,scan_rfc9457,T3,M,structure_preserving,scan_rfc9457#6,lookup,0,0,0
pymupdf,scan_rfc9457,T3,M,structure_preserving,scan_rfc9457#7,lookup,0,0,0
pymupdf,scan_rfc9457,T3,M,structure_preserving,scan_rfc9457#8,lookup,0,0,0
pymupdf,scan_rfc9457,T3,M,structure_preserving,scan_rfc9457#9,lookup,0,0,0
pymupdf,scan_rfc9457,T3,M,structure_preserving,scan_rfc9457#10,lookup,0,0,0
pymupdf,scan_rfc9457,T3,M,structure_preserving,scan_rfc9457#11,lookup,0,0,0
pymupdf4llm,acsbr_023,T2,M,structure_preserving,acsbr_023#1,lookup,48,1,1
pymupdf4llm,acsbr_023,T2,M,structure_preserving,acsbr_023#2,lookup,48,1,1
pymupdf4llm,acsbr_023,T2,M,structure_preserving,acsbr_023#3,lookup,48,1,1
pymupdf4llm,acsbr_023,T2,M,structure_preserving,acsbr_023#4,lookup,48,1,1
pymupdf4llm,acsbr_023,T2,M,structure_preserving,acsbr_023#5,lookup,48,1,1
pymupdf4llm,acsbr_023,T2,M,structure_preserving,acsbr_023#6,lookup,48,1,1
pymupdf4llm,acsbr_023,T2,M,structure_preserving,acsbr_023#7,table_cell,48,1,1
pymupdf4llm,acsbr_023,T2,M,structure_preserving,acsbr_023#8,table_cell,48,0,1
pymupdf4llm,acsbr_023,T2,M,structure_preserving,acsbr_023#9,table_cell,48,0,1
pymupdf4llm,acsbr_023,T2,M,structure_preserving,acsbr_023#10,table_cell,48,0,1
pymupdf4llm,acsbr_023,T2,M,structure_preserving,acsbr_023#11,table_multi_row,48,0,1
pymupdf4llm,acsbr_023,T2,M,structure_preserving,acsbr_023#12,table_cell,48,1,1
pymupdf4llm,erp2024_full,T2,XL,structure_preserving,erp2024_full#1,lookup,2176,1,1
pymupdf4llm,erp2024_full,T2,XL,structure_preserving,erp2024_full#2,table_cell,2176,1,1
pymupdf4llm,erp2024_full,T2,XL,structure_preserving,erp2024_full#3,lookup,2176,1,1
pymupdf4llm,erp2024_full,T2,XL,structure_preserving,erp2024_full#4,table_cell,2176,1,1
pymupdf4llm,erp2024_full,T2,XL,structure_preserving,erp2024_full#5,table_cell,2176,1,1
pymupdf4llm,erp2024_full,T2,XL,structure_preserving,erp2024_full#6,table_cell,2176,1,1
pymupdf4llm,erp2024_full,T2,XL,structure_preserving,erp2024_full#7,table_multi_row,2176,0,0
pymupdf4llm,erp2024_full,T2,XL,structure_preserving,erp2024_full#8,lookup,2176,1,1
pymupdf4llm,erp2024_full,T2,XL,structure_preserving,erp2024_full#9,lookup,2176,1,1
pymupdf4llm,erp2024_full,T2,XL,structure_preserving,erp2024_full#10,table_cell,2176,1,1
pymupdf4llm,erp2024_full,T2,XL,structure_preserving,erp2024_full#11,table_cell,2176,0,1
pymupdf4llm,erp2024_table1,T2,S,structure_preserving,erp2024_table1#1,lookup,36,1,1
pymupdf4llm,erp2024_table1,T2,S,structure_preserving,erp2024_table1#2,table_cell,36,1,1
pymupdf4llm,erp2024_table1,T2,S,structure_preserving,erp2024_table1#3,table_cell,36,0,0
pymupdf4llm,erp2024_table1,T2,S,structure_preserving,erp2024_table1#4,table_cell,36,0,0
pymupdf4llm,erp2024_table1,T2,S,structure_preserving,erp2024_table1#5,table_cell,36,0,0
pymupdf4llm,erp2024_table1,T2,S,structure_preserving,erp2024_table1#6,table_cell,36,0,0
pymupdf4llm,erp2024_table1,T2,S,structure_preserving,erp2024_table1#7,table_cell,36,0,0
pymupdf4llm,erp2024_table1,T2,S,structure_preserving,erp2024_table1#8,lookup,36,0,1
pymupdf4llm,erp2024_table1,T2,S,structure_preserving,erp2024_table1#9,lookup,36,1,1
pymupdf4llm,erp2024_table3,T2,S,structure_preserving,erp2024_table3#1,lookup,47,1,1
pymupdf4llm,erp2024_table3,T2,S,structure_preserving,erp2024_table3#2,lookup,47,0,0
pymupdf4llm,erp2024_table3,T2,S,structure_preserving,erp2024_table3#3,table_cell,47,1,1
pymupdf4llm,erp2024_table3,T2,S,structure_preserving,erp2024_table3#4,table_cell,47,0,0
pymupdf4llm,erp2024_table3,T2,S,structure_preserving,erp2024_table3#5,table_cell,47,0,0
pymupdf4llm,erp2024_table3,T2,S,structure_preserving,erp2024_table3#6,table_cell,47,0,0
pymupdf4llm,erp2024_table3,T2,S,structure_preserving,erp2024_table3#7,table_multi_row,47,0,0
pymupdf4llm,erp2024_table3,T2,S,structure_preserving,erp2024_table3#8,table_cell,47,0,0
pymupdf4llm,erp2024_table3,T2,S,structure_preserving,erp2024_table3#9,table_cell,47,0,0
pymupdf4llm,erp2024_table3,T2,S,structure_preserving,erp2024_table3#10,table_cell,47,0,0
pymupdf4llm,gen_t2_long,T2,S,structure_preserving,gen_t2_long#1,table_cell,8,1,1
pymupdf4llm,gen_t2_long,T2,S,structure_preserving,gen_t2_long#2,table_cell,8,1,1
pymupdf4llm,gen_t2_long,T2,S,structure_preserving,gen_t2_long#3,table_cell,8,1,1
pymupdf4llm,gen_t2_long,T2,S,structure_preserving,gen_t2_long#4,table_cell,8,1,1
pymupdf4llm,gen_t2_merged,T2,S,structure_preserving,gen_t2_merged#1,table_cell,3,1,1
pymupdf4llm,gen_t2_rotated,T2,S,structure_preserving,gen_t2_rotated#1,table_cell,1,1,1
pymupdf4llm,gen_t2_rotated,T2,S,structure_preserving,gen_t2_rotated#2,table_cell,1,1,1
pymupdf4llm,gen_t2_simple,T2,S,structure_preserving,gen_t2_simple#1,table_cell,3,1,1
pymupdf4llm,gen_t2_simple,T2,S,structure_preserving,gen_t2_simple#2,table_cell,3,1,1
pymupdf4llm,gen_t2_simple,T2,S,structure_preserving,gen_t2_simple#3,table_cell,3,1,1
pymupdf4llm,gen_t4_bar,T4,S,structure_preserving,gen_t4_bar#1,figure,1,0,0
pymupdf4llm,gen_t4_flow,T4,S,structure_preserving,gen_t4_flow#1,figure,1,0,0
pymupdf4llm,gen_t4_line,T4,S,structure_preserving,gen_t4_line#1,figure,1,1,1
pymupdf4llm,gen_t4_mixed,T4,S,structure_preserving,gen_t4_mixed#1,table_cell,3,1,1
pymupdf4llm,nasa_se_handbook,T4,XL,structure_preserving,nasa_se_handbook#1,lookup,518,1,1
pymupdf4llm,nasa_se_handbook,T4,XL,structure_preserving,nasa_se_handbook#2,lookup,518,1,1
pymupdf4llm,nasa_se_handbook,T4,XL,structure_preserving,nasa_se_handbook#3,figure,518,1,1
pymupdf4llm,nasa_se_handbook,T4,XL,structure_preserving,nasa_se_handbook#4,lookup,518,0,0
pymupdf4llm,nasa_se_handbook,T4,XL,structure_preserving,nasa_se_handbook#5,lookup,518,1,1
pymupdf4llm,nasa_se_handbook,T4,XL,structure_preserving,nasa_se_handbook#6,table_multi_row,518,1,1
pymupdf4llm,nasa_se_handbook,T4,XL,structure_preserving,nasa_se_handbook#7,lookup,518,1,1
pymupdf4llm,nasa_se_handbook,T4,XL,structure_preserving,nasa_se_handbook#8,lookup,518,1,1
pymupdf4llm,nasa_se_handbook,T4,XL,structure_preserving,nasa_se_handbook#9,lookup,518,1,1
pymupdf4llm,nasa_se_handbook,T4,XL,structure_preserving,nasa_se_handbook#10,lookup,518,1,1
pymupdf4llm,nasa_se_handbook,T4,XL,structure_preserving,nasa_se_handbook#11,lookup,518,1,1
pymupdf4llm,nasa_se_handbook,T4,XL,structure_preserving,nasa_se_handbook#12,lookup,518,1,1
pymupdf4llm,nasa_tm100396,T4,L,structure_preserving,nasa_tm100396#1,lookup,286,1,1
pymupdf4llm,nasa_tm100396,T4,L,structure_preserving,nasa_tm100396#2,lookup,286,0,1
pymupdf4llm,nasa_tm100396,T4,L,structure_preserving,nasa_tm100396#3,lookup,286,1,1
pymupdf4llm,nasa_tm100396,T4,L,structure_preserving,nasa_tm100396#4,lookup,286,1,1
pymupdf4llm,nasa_tm100396,T4,L,structure_preserving,nasa_tm100396#5,lookup,286,1,1
pymupdf4llm,nasa_tm100396,T4,L,structure_preserving,nasa_tm100396#6,lookup,286,1,1
pymupdf4llm,nasa_tm100396,T4,L,structure_preserving,nasa_tm100396#7,lookup,286,1,1
pymupdf4llm,nasa_tm100396,T4,L,structure_preserving,nasa_tm100396#8,lookup,286,1,1
pymupdf4llm,nasa_tm100396,T4,L,structure_preserving,nasa_tm100396#9,lookup,286,1,1
pymupdf4llm,nasa_tm100396,T4,L,structure_preserving,nasa_tm100396#10,cross_page,286,0,0
pymupdf4llm,nasa_tm100396,T4,L,structure_preserving,nasa_tm100396#11,lookup,286,1,1
pymupdf4llm,nasa_tm100396,T4,L,structure_preserving,nasa_tm100396#12,table_cell,286,1,1
pymupdf4llm,nasa_tm104114,T4,XL,structure_preserving,nasa_tm104114#1,lookup,125,1,1
pymupdf4llm,nasa_tm104114,T4,XL,structure_preserving,nasa_tm104114#2,lookup,125,1,1
pymupdf4llm,nasa_tm104114,T4,XL,structure_preserving,nasa_tm104114#3,lookup,125,0,0
pymupdf4llm,nasa_tm104114,T4,XL,structure_preserving,nasa_tm104114#4,table_cell,125,0,0
pymupdf4llm,nasa_tm104114,T4,XL,structure_preserving,nasa_tm104114#5,table_cell,125,0,0
pymupdf4llm,nasa_tm104114,T4,XL,structure_preserving,nasa_tm104114#6,table_cell,125,0,0
pymupdf4llm,nasa_tm104114,T4,XL,structure_preserving,nasa_tm104114#7,table_cell,125,0,0
pymupdf4llm,nasa_tm104114,T4,XL,structure_preserving,nasa_tm104114#8,lookup,125,1,1
pymupdf4llm,nasa_tm104114,T4,XL,structure_preserving,nasa_tm104114#9,lookup,125,0,0
pymupdf4llm,nasa_tm104114,T4,XL,structure_preserving,nasa_tm104114#10,lookup,125,0,0
pymupdf4llm,nasa_tm104114,T4,XL,structure_preserving,nasa_tm104114#11,lookup,125,0,0
pymupdf4llm,nasa_tm_x9471,T4,M,structure_preserving,nasa_tm_x9471#1,lookup,8,1,1
pymupdf4llm,nasa_tm_x9471,T4,M,structure_preserving,nasa_tm_x9471#2,lookup,8,1,1
pymupdf4llm,nasa_tm_x9471,T4,M,structure_preserving,nasa_tm_x9471#3,lookup,8,1,1
pymupdf4llm,nasa_tm_x9471,T4,M,structure_preserving,nasa_tm_x9471#4,lookup,8,1,1
pymupdf4llm,nasa_tm_x9471,T4,M,structure_preserving,nasa_tm_x9471#5,lookup,8,1,1
pymupdf4llm,nasa_tm_x9471,T4,M,structure_preserving,nasa_tm_x9471#6,lookup,8,1,1
pymupdf4llm,nasa_tm_x9471,T4,M,structure_preserving,nasa_tm_x9471#7,lookup,8,1,1
pymupdf4llm,nasa_tm_x9471,T4,M,structure_preserving,nasa_tm_x9471#8,lookup,8,1,1
pymupdf4llm,nasa_tm_x9471,T4,M,structure_preserving,nasa_tm_x9471#9,lookup,8,1,1
pymupdf4llm,nasa_tm_x9471,T4,M,structure_preserving,nasa_tm_x9471#10,figure,8,1,1
pymupdf4llm,nasa_tm_x9471,T4,M,structure_preserving,nasa_tm_x9471#11,figure,8,0,0
pymupdf4llm,nasa_tm_x9471,T4,M,structure_preserving,nasa_tm_x9471#12,figure,8,1,1
pymupdf4llm,nasa_webb_factsheet,T4,S,structure_preserving,nasa_webb_factsheet#1,lookup,2,1,1
pymupdf4llm,nasa_webb_factsheet,T4,S,structure_preserving,nasa_webb_factsheet#2,lookup,2,1,1
pymupdf4llm,nasa_webb_factsheet,T4,S,structure_preserving,nasa_webb_factsheet#3,lookup,2,1,1
pymupdf4llm,nasa_webb_factsheet,T4,S,structure_preserving,nasa_webb_factsheet#4,lookup,2,1,1
pymupdf4llm,nasa_webb_factsheet,T4,S,structure_preserving,nasa_webb_factsheet#5,lookup,2,1,1
pymupdf4llm,nasa_webb_factsheet,T4,S,structure_preserving,nasa_webb_factsheet#6,lookup,2,1,1
pymupdf4llm,nasa_webb_factsheet,T4,S,structure_preserving,nasa_webb_factsheet#7,lookup,2,1,1
pymupdf4llm,nasa_webb_factsheet,T4,S,structure_preserving,nasa_webb_factsheet#8,table_multi_row,2,1,1
pymupdf4llm,nasa_webb_factsheet,T4,S,structure_preserving,nasa_webb_factsheet#9,figure,2,0,0
pymupdf4llm,nasa_webb_factsheet,T4,S,structure_preserving,nasa_webb_factsheet#10,figure,2,0,0
pymupdf4llm,nasa_webb_factsheet,T4,S,structure_preserving,nasa_webb_factsheet#11,figure,2,0,0
pymupdf4llm,nasa_webb_factsheet,T4,S,structure_preserving,nasa_webb_factsheet#12,figure,2,0,0
pymupdf4llm,p60_282,T2,L,structure_preserving,p60_282#1,lookup,516,1,1
pymupdf4llm,p60_282,T2,L,structure_preserving,p60_282#2,lookup,516,1,1
pymupdf4llm,p60_282,T2,L,structure_preserving,p60_282#3,lookup,516,1,1
pymupdf4llm,p60_282,T2,L,structure_preserving,p60_282#4,table_cell,516,1,1
pymupdf4llm,p60_282,T2,L,structure_preserving,p60_282#5,table_cell,516,1,1
pymupdf4llm,p60_282,T2,L,structure_preserving,p60_282#6,table_cell,516,1,1
pymupdf4llm,p60_282,T2,L,structure_preserving,p60_282#7,table_cell,516,1,1
pymupdf4llm,p60_282,T2,L,structure_preserving,p60_282#8,lookup,516,1,1
pymupdf4llm,p60_282,T2,L,structure_preserving,p60_282#9,lookup,516,1,1
pymupdf4llm,p60_282,T2,L,structure_preserving,p60_282#10,table_cell,516,0,1
pymupdf4llm,p60_282,T2,L,structure_preserving,p60_282#11,table_cell,516,1,1
pymupdf4llm,p60_282,T2,L,structure_preserving,p60_282#12,table_cell,516,1,1
pymupdf4llm,p60_282,T2,L,structure_preserving,p60_282#13,table_multi_row,516,0,0
pymupdf4llm,rfc9110,T1,XL,structure_preserving,rfc9110#1,lookup,324,1,1
pymupdf4llm,rfc9110,T1,XL,structure_preserving,rfc9110#2,lookup,324,1,1
pymupdf4llm,rfc9110,T1,XL,structure_preserving,rfc9110#3,lookup,324,1,1
pymupdf4llm,rfc9110,T1,XL,structure_preserving,rfc9110#4,table_cell,324,1,1
pymupdf4llm,rfc9110,T1,XL,structure_preserving,rfc9110#5,table_cell,324,1,1
pymupdf4llm,rfc9110,T1,XL,structure_preserving,rfc9110#6,table_multi_row,324,1,1
pymupdf4llm,rfc9110,T1,XL,structure_preserving,rfc9110#7,lookup,324,1,1
pymupdf4llm,rfc9110,T1,XL,structure_preserving,rfc9110#8,lookup,324,1,1
pymupdf4llm,rfc9110,T1,XL,structure_preserving,rfc9110#9,lookup,324,1,1
pymupdf4llm,rfc9110,T1,XL,structure_preserving,rfc9110#10,lookup,324,1,1
pymupdf4llm,rfc9110,T1,XL,structure_preserving,rfc9110#11,lookup,324,1,1
pymupdf4llm,rfc9110,T1,XL,structure_preserving,rfc9110#12,lookup,324,0,0
pymupdf4llm,rfc9112,T1,L,structure_preserving,rfc9112#1,lookup,75,1,1
pymupdf4llm,rfc9112,T1,L,structure_preserving,rfc9112#2,lookup,75,1,1
pymupdf4llm,rfc9112,T1,L,structure_preserving,rfc9112#3,lookup,75,1,1
pymupdf4llm,rfc9112,T1,L,structure_preserving,rfc9112#4,lookup,75,1,1
pymupdf4llm,rfc9112,T1,L,structure_preserving,rfc9112#5,lookup,75,1,1
pymupdf4llm,rfc9112,T1,L,structure_preserving,rfc9112#6,cross_page,75,1,1
pymupdf4llm,rfc9112,T1,L,structure_preserving,rfc9112#7,lookup,75,1,1
pymupdf4llm,rfc9112,T1,L,structure_preserving,rfc9112#8,lookup,75,1,1
pymupdf4llm,rfc9112,T1,L,structure_preserving,rfc9112#9,lookup,75,1,1
pymupdf4llm,rfc9112,T1,L,structure_preserving,rfc9112#10,lookup,75,1,1
pymupdf4llm,rfc9112,T1,L,structure_preserving,rfc9112#11,lookup,75,1,1
pymupdf4llm,rfc9112,T1,L,structure_preserving,rfc9112#12,lookup,75,1,1
pymupdf4llm,rfc9112,T1,L,structure_preserving,rfc9112#13,lookup,75,1,1
pymupdf4llm,rfc9112,T1,L,structure_preserving,rfc9112#14,lookup,75,1,1
pymupdf4llm,rfc9112,T1,L,structure_preserving,rfc9112#15,lookup,75,1,1
pymupdf4llm,rfc9112,T1,L,structure_preserving,rfc9112#16,lookup,75,1,1
pymupdf4llm,rfc9158,T1,S,structure_preserving,rfc9158#1,lookup,7,1,1
pymupdf4llm,rfc9158,T1,S,structure_preserving,rfc9158#2,lookup,7,1,1
pymupdf4llm,rfc9158,T1,S,structure_preserving,rfc9158#3,lookup,7,1,1
pymupdf4llm,rfc9158,T1,S,structure_preserving,rfc9158#4,lookup,7,1,1
pymupdf4llm,rfc9158,T1,S,structure_preserving,rfc9158#5,table_multi_row,7,0,1
pymupdf4llm,rfc9158,T1,S,structure_preserving,rfc9158#6,table_cell,7,1,1
pymupdf4llm,rfc9158,T1,S,structure_preserving,rfc9158#7,lookup,7,1,1
pymupdf4llm,rfc9158,T1,S,structure_preserving,rfc9158#8,lookup,7,1,1
pymupdf4llm,rfc9158,T1,S,structure_preserving,rfc9158#9,cross_page,7,0,0
pymupdf4llm,rfc9457,T1,M,structure_preserving,rfc9457#1,lookup,24,1,1
pymupdf4llm,rfc9457,T1,M,structure_preserving,rfc9457#2,lookup,24,1,1
pymupdf4llm,rfc9457,T1,M,structure_preserving,rfc9457#3,lookup,24,1,1
pymupdf4llm,rfc9457,T1,M,structure_preserving,rfc9457#4,lookup,24,1,1
pymupdf4llm,rfc9457,T1,M,structure_preserving,rfc9457#5,lookup,24,1,1
pymupdf4llm,rfc9457,T1,M,structure_preserving,rfc9457#6,lookup,24,1,1
pymupdf4llm,rfc9457,T1,M,structure_preserving,rfc9457#7,lookup,24,1,1
pymupdf4llm,rfc9457,T1,M,structure_preserving,rfc9457#8,lookup,24,1,1
pymupdf4llm,rfc9457,T1,M,structure_preserving,rfc9457#9,lookup,24,1,1
pymupdf4llm,rfc9457,T1,M,structure_preserving,rfc9457#10,lookup,24,1,1
pymupdf4llm,rfc9457,T1,M,structure_preserving,rfc9457#11,lookup,24,1,1
pymupdf4llm,scan_acsbr_023,T3,M,structure_preserving,scan_acsbr_023#1,lookup,51,1,1
pymupdf4llm,scan_acsbr_023,T3,M,structure_preserving,scan_acsbr_023#2,lookup,51,1,1
pymupdf4llm,scan_acsbr_023,T3,M,structure_preserving,scan_acsbr_023#3,lookup,51,1,1
pymupdf4llm,scan_acsbr_023,T3,M,structure_preserving,scan_acsbr_023#4,lookup,51,1,1
pymupdf4llm,scan_acsbr_023,T3,M,structure_preserving,scan_acsbr_023#5,lookup,51,1,1
pymupdf4llm,scan_acsbr_023,T3,M,structure_preserving,scan_acsbr_023#6,lookup,51,1,1
pymupdf4llm,scan_acsbr_023,T3,M,structure_preserving,scan_acsbr_023#7,table_cell,51,0,1
pymupdf4llm,scan_acsbr_023,T3,M,structure_preserving,scan_acsbr_023#8,table_cell,51,0,1
pymupdf4llm,scan_acsbr_023,T3,M,structure_preserving,scan_acsbr_023#9,table_cell,51,0,1
pymupdf4llm,scan_acsbr_023,T3,M,structure_preserving,scan_acsbr_023#10,table_cell,51,0,0
pymupdf4llm,scan_acsbr_023,T3,M,structure_preserving,scan_acsbr_023#11,table_multi_row,51,0,1
pymupdf4llm,scan_acsbr_023,T3,M,structure_preserving,scan_acsbr_023#12,table_cell,51,1,1
pymupdf4llm,scan_p60_282,T3,L,structure_preserving,scan_p60_282#1,lookup,440,1,1
pymupdf4llm,scan_p60_282,T3,L,structure_preserving,scan_p60_282#2,lookup,440,1,1
pymupdf4llm,scan_p60_282,T3,L,structure_preserving,scan_p60_282#3,lookup,440,1,1
pymupdf4llm,scan_p60_282,T3,L,structure_preserving,scan_p60_282#4,table_cell,440,1,1
pymupdf4llm,scan_p60_282,T3,L,structure_preserving,scan_p60_282#5,table_cell,440,1,1
pymupdf4llm,scan_p60_282,T3,L,structure_preserving,scan_p60_282#6,table_cell,440,1,1
pymupdf4llm,scan_p60_282,T3,L,structure_preserving,scan_p60_282#7,table_cell,440,1,1
pymupdf4llm,scan_p60_282,T3,L,structure_preserving,scan_p60_282#8,lookup,440,1,1
pymupdf4llm,scan_p60_282,T3,L,structure_preserving,scan_p60_282#9,lookup,440,1,1
pymupdf4llm,scan_p60_282,T3,L,structure_preserving,scan_p60_282#10,table_cell,440,1,1
pymupdf4llm,scan_p60_282,T3,L,structure_preserving,scan_p60_282#11,table_cell,440,1,1
pymupdf4llm,scan_p60_282,T3,L,structure_preserving,scan_p60_282#12,table_cell,440,0,0
pymupdf4llm,scan_p60_282,T3,L,structure_preserving,scan_p60_282#13,table_multi_row,440,0,0
pymupdf4llm,scan_rfc9110,T3,XL,structure_preserving,scan_rfc9110#1,lookup,306,1,1
pymupdf4llm,scan_rfc9110,T3,XL,structure_preserving,scan_rfc9110#2,lookup,306,1,1
pymupdf4llm,scan_rfc9110,T3,XL,structure_preserving,scan_rfc9110#3,lookup,306,1,1
pymupdf4llm,scan_rfc9110,T3,XL,structure_preserving,scan_rfc9110#4,table_cell,306,0,0
pymupdf4llm,scan_rfc9110,T3,XL,structure_preserving,scan_rfc9110#5,table_cell,306,1,1
pymupdf4llm,scan_rfc9110,T3,XL,structure_preserving,scan_rfc9110#6,table_multi_row,306,1,1
pymupdf4llm,scan_rfc9110,T3,XL,structure_preserving,scan_rfc9110#7,lookup,306,1,1
pymupdf4llm,scan_rfc9110,T3,XL,structure_preserving,scan_rfc9110#8,lookup,306,1,1
pymupdf4llm,scan_rfc9110,T3,XL,structure_preserving,scan_rfc9110#9,lookup,306,1,1
pymupdf4llm,scan_rfc9110,T3,XL,structure_preserving,scan_rfc9110#10,lookup,306,1,1
pymupdf4llm,scan_rfc9110,T3,XL,structure_preserving,scan_rfc9110#11,lookup,306,1,1
pymupdf4llm,scan_rfc9110,T3,XL,structure_preserving,scan_rfc9110#12,lookup,306,1,1
pymupdf4llm,scan_rfc9158,T3,S,structure_preserving,scan_rfc9158#1,lookup,6,1,1
pymupdf4llm,scan_rfc9158,T3,S,structure_preserving,scan_rfc9158#2,lookup,6,1,1
pymupdf4llm,scan_rfc9158,T3,S,structure_preserving,scan_rfc9158#3,lookup,6,1,1
pymupdf4llm,scan_rfc9158,T3,S,structure_preserving,scan_rfc9158#4,lookup,6,1,1
pymupdf4llm,scan_rfc9158,T3,S,structure_preserving,scan_rfc9158#5,table_multi_row,6,1,1
pymupdf4llm,scan_rfc9158,T3,S,structure_preserving,scan_rfc9158#6,table_cell,6,1,1
pymupdf4llm,scan_rfc9158,T3,S,structure_preserving,scan_rfc9158#7,lookup,6,1,1
pymupdf4llm,scan_rfc9158,T3,S,structure_preserving,scan_rfc9158#8,lookup,6,1,1
pymupdf4llm,scan_rfc9158,T3,S,structure_preserving,scan_rfc9158#9,cross_page,6,0,0
pymupdf4llm,scan_rfc9457,T3,M,structure_preserving,scan_rfc9457#1,lookup,24,1,1
pymupdf4llm,scan_rfc9457,T3,M,structure_preserving,scan_rfc9457#2,lookup,24,1,1
pymupdf4llm,scan_rfc9457,T3,M,structure_preserving,scan_rfc9457#3,lookup,24,1,1
pymupdf4llm,scan_rfc9457,T3,M,structure_preserving,scan_rfc9457#4,lookup,24,1,1
pymupdf4llm,scan_rfc9457,T3,M,structure_preserving,scan_rfc9457#5,lookup,24,1,1
pymupdf4llm,scan_rfc9457,T3,M,structure_preserving,scan_rfc9457#6,lookup,24,1,1
pymupdf4llm,scan_rfc9457,T3,M,structure_preserving,scan_rfc9457#7,lookup,24,1,1
pymupdf4llm,scan_rfc9457,T3,M,structure_preserving,scan_rfc9457#8,lookup,24,1,1
pymupdf4llm,scan_rfc9457,T3,M,structure_preserving,scan_rfc9457#9,lookup,24,1,1
pymupdf4llm,scan_rfc9457,T3,M,structure_preserving,scan_rfc9457#10,lookup,24,1,1
pymupdf4llm,scan_rfc9457,T3,M,structure_preserving,scan_rfc9457#11,lookup,24,1,1
tesseract,acsbr_023,T2,M,structure_preserving,acsbr_023#1,lookup,24,1,1
tesseract,acsbr_023,T2,M,structure_preserving,acsbr_023#2,lookup,24,1,1
tesseract,acsbr_023,T2,M,structure_preserving,acsbr_023#3,lookup,24,0,1
tesseract,acsbr_023,T2,M,structure_preserving,acsbr_023#4,lookup,24,1,1
tesseract,acsbr_023,T2,M,structure_preserving,acsbr_023#5,lookup,24,1,1
tesseract,acsbr_023,T2,M,structure_preserving,acsbr_023#6,lookup,24,1,1
tesseract,acsbr_023,T2,M,structure_preserving,acsbr_023#7,table_cell,24,0,1
tesseract,acsbr_023,T2,M,structure_preserving,acsbr_023#8,table_cell,24,0,1
tesseract,acsbr_023,T2,M,structure_preserving,acsbr_023#9,table_cell,24,0,1
tesseract,acsbr_023,T2,M,structure_preserving,acsbr_023#10,table_cell,24,0,1
tesseract,acsbr_023,T2,M,structure_preserving,acsbr_023#11,table_multi_row,24,0,1
tesseract,acsbr_023,T2,M,structure_preserving,acsbr_023#12,table_cell,24,1,1
tesseract,erp2024_full,T2,XL,structure_preserving,erp2024_full#1,lookup,1286,1,1
tesseract,erp2024_full,T2,XL,structure_preserving,erp2024_full#2,table_cell,1286,1,1
tesseract,erp2024_full,T2,XL,structure_preserving,erp2024_full#3,lookup,1286,0,0
tesseract,erp2024_full,T2,XL,structure_preserving,erp2024_full#4,table_cell,1286,1,1
tesseract,erp2024_full,T2,XL,structure_preserving,erp2024_full#5,table_cell,1286,1,1
tesseract,erp2024_full,T2,XL,structure_preserving,erp2024_full#6,table_cell,1286,1,1
tesseract,erp2024_full,T2,XL,structure_preserving,erp2024_full#7,table_multi_row,1286,0,0
tesseract,erp2024_full,T2,XL,structure_preserving,erp2024_full#8,lookup,1286,1,1
tesseract,erp2024_full,T2,XL,structure_preserving,erp2024_full#9,lookup,1286,1,1
tesseract,erp2024_full,T2,XL,structure_preserving,erp2024_full#10,table_cell,1286,1,1
tesseract,erp2024_full,T2,XL,structure_preserving,erp2024_full#11,table_cell,1286,1,1
tesseract,erp2024_table1,T2,S,structure_preserving,erp2024_table1#1,lookup,2,1,1
tesseract,erp2024_table1,T2,S,structure_preserving,erp2024_table1#2,table_cell,2,0,0
tesseract,erp2024_table1,T2,S,structure_preserving,erp2024_table1#3,table_cell,2,0,0
tesseract,erp2024_table1,T2,S,structure_preserving,erp2024_table1#4,table_cell,2,0,0
tesseract,erp2024_table1,T2,S,structure_preserving,erp2024_table1#5,table_cell,2,0,0
tesseract,erp2024_table1,T2,S,structure_preserving,erp2024_table1#6,table_cell,2,0,0
tesseract,erp2024_table1,T2,S,structure_preserving,erp2024_table1#7,table_cell,2,0,0
tesseract,erp2024_table1,T2,S,structure_preserving,erp2024_table1#8,lookup,2,1,1
tesseract,erp2024_table1,T2,S,structure_preserving,erp2024_table1#9,lookup,2,1,1
tesseract,erp2024_table3,T2,S,structure_preserving,erp2024_table3#1,lookup,31,1,1
tesseract,erp2024_table3,T2,S,structure_preserving,erp2024_table3#2,lookup,31,0,0
tesseract,erp2024_table3,T2,S,structure_preserving,erp2024_table3#3,table_cell,31,0,0
tesseract,erp2024_table3,T2,S,structure_preserving,erp2024_table3#4,table_cell,31,0,0
tesseract,erp2024_table3,T2,S,structure_preserving,erp2024_table3#5,table_cell,31,0,0
tesseract,erp2024_table3,T2,S,structure_preserving,erp2024_table3#6,table_cell,31,0,0
tesseract,erp2024_table3,T2,S,structure_preserving,erp2024_table3#7,table_multi_row,31,0,0
tesseract,erp2024_table3,T2,S,structure_preserving,erp2024_table3#8,table_cell,31,0,0
tesseract,erp2024_table3,T2,S,structure_preserving,erp2024_table3#9,table_cell,31,0,0
tesseract,erp2024_table3,T2,S,structure_preserving,erp2024_table3#10,table_cell,31,0,0
tesseract,gen_t2_long,T2,S,structure_preserving,gen_t2_long#1,table_cell,4,1,1
tesseract,gen_t2_long,T2,S,structure_preserving,gen_t2_long#2,table_cell,4,1,1
tesseract,gen_t2_long,T2,S,structure_preserving,gen_t2_long#3,table_cell,4,1,1
tesseract,gen_t2_long,T2,S,structure_preserving,gen_t2_long#4,table_cell,4,1,1
tesseract,gen_t2_merged,T2,S,structure_preserving,gen_t2_merged#1,table_cell,1,1,1
tesseract,gen_t2_rotated,T2,S,structure_preserving,gen_t2_rotated#1,table_cell,1,1,1
tesseract,gen_t2_rotated,T2,S,structure_preserving,gen_t2_rotated#2,table_cell,1,1,1
tesseract,gen_t2_simple,T2,S,structure_preserving,gen_t2_simple#1,table_cell,1,1,1
tesseract,gen_t2_simple,T2,S,structure_preserving,gen_t2_simple#2,table_cell,1,1,1
tesseract,gen_t2_simple,T2,S,structure_preserving,gen_t2_simple#3,table_cell,1,1,1
tesseract,gen_t4_bar,T4,S,structure_preserving,gen_t4_bar#1,figure,1,0,0
tesseract,gen_t4_flow,T4,S,structure_preserving,gen_t4_flow#1,figure,1,1,1
tesseract,gen_t4_line,T4,S,structure_preserving,gen_t4_line#1,figure,1,0,0
tesseract,gen_t4_mixed,T4,S,structure_preserving,gen_t4_mixed#1,table_cell,1,1,1
tesseract,nasa_se_handbook,T4,XL,structure_preserving,nasa_se_handbook#1,lookup,429,1,1
tesseract,nasa_se_handbook,T4,XL,structure_preserving,nasa_se_handbook#2,lookup,429,1,1
tesseract,nasa_se_handbook,T4,XL,structure_preserving,nasa_se_handbook#3,figure,429,0,0
tesseract,nasa_se_handbook,T4,XL,structure_preserving,nasa_se_handbook#4,lookup,429,1,1
tesseract,nasa_se_handbook,T4,XL,structure_preserving,nasa_se_handbook#5,lookup,429,1,1
tesseract,nasa_se_handbook,T4,XL,structure_preserving,nasa_se_handbook#6,table_multi_row,429,1,1
tesseract,nasa_se_handbook,T4,XL,structure_preserving,nasa_se_handbook#7,lookup,429,1,1
tesseract,nasa_se_handbook,T4,XL,structure_preserving,nasa_se_handbook#8,lookup,429,1,1
tesseract,nasa_se_handbook,T4,XL,structure_preserving,nasa_se_handbook#9,lookup,429,1,1
tesseract,nasa_se_handbook,T4,XL,structure_preserving,nasa_se_handbook#10,lookup,429,1,1
tesseract,nasa_se_handbook,T4,XL,structure_preserving,nasa_se_handbook#11,lookup,429,1,1
tesseract,nasa_se_handbook,T4,XL,structure_preserving,nasa_se_handbook#12,lookup,429,1,1
tesseract,nasa_tm100396,T4,L,structure_preserving,nasa_tm100396#1,lookup,107,1,1
tesseract,nasa_tm100396,T4,L,structure_preserving,nasa_tm100396#2,lookup,107,1,1
tesseract,nasa_tm100396,T4,L,structure_preserving,nasa_tm100396#3,lookup,107,1,1
tesseract,nasa_tm100396,T4,L,structure_preserving,nasa_tm100396#4,lookup,107,1,1
tesseract,nasa_tm100396,T4,L,structure_preserving,nasa_tm100396#5,lookup,107,1,1
tesseract,nasa_tm100396,T4,L,structure_preserving,nasa_tm100396#6,lookup,107,1,1
tesseract,nasa_tm100396,T4,L,structure_preserving,nasa_tm100396#7,lookup,107,1,1
tesseract,nasa_tm100396,T4,L,structure_preserving,nasa_tm100396#8,lookup,107,1,1
tesseract,nasa_tm100396,T4,L,structure_preserving,nasa_tm100396#9,lookup,107,1,1
tesseract,nasa_tm100396,T4,L,structure_preserving,nasa_tm100396#10,cross_page,107,0,0
tesseract,nasa_tm100396,T4,L,structure_preserving,nasa_tm100396#11,lookup,107,1,1
tesseract,nasa_tm100396,T4,L,structure_preserving,nasa_tm100396#12,table_cell,107,1,1
tesseract,nasa_tm104114,T4,XL,structure_preserving,nasa_tm104114#1,lookup,114,1,1
tesseract,nasa_tm104114,T4,XL,structure_preserving,nasa_tm104114#2,lookup,114,1,1
tesseract,nasa_tm104114,T4,XL,structure_preserving,nasa_tm104114#3,lookup,114,0,0
tesseract,nasa_tm104114,T4,XL,structure_preserving,nasa_tm104114#4,table_cell,114,1,1
tesseract,nasa_tm104114,T4,XL,structure_preserving,nasa_tm104114#5,table_cell,114,1,1
tesseract,nasa_tm104114,T4,XL,structure_preserving,nasa_tm104114#6,table_cell,114,1,1
tesseract,nasa_tm104114,T4,XL,structure_preserving,nasa_tm104114#7,table_cell,114,1,1
tesseract,nasa_tm104114,T4,XL,structure_preserving,nasa_tm104114#8,lookup,114,1,1
tesseract,nasa_tm104114,T4,XL,structure_preserving,nasa_tm104114#9,lookup,114,1,1
tesseract,nasa_tm104114,T4,XL,structure_preserving,nasa_tm104114#10,lookup,114,1,1
tesseract,nasa_tm104114,T4,XL,structure_preserving,nasa_tm104114#11,lookup,114,1,1
tesseract,nasa_tm_x9471,T4,M,structure_preserving,nasa_tm_x9471#1,lookup,7,1,1
tesseract,nasa_tm_x9471,T4,M,structure_preserving,nasa_tm_x9471#2,lookup,7,1,1
tesseract,nasa_tm_x9471,T4,M,structure_preserving,nasa_tm_x9471#3,lookup,7,1,1
tesseract,nasa_tm_x9471,T4,M,structure_preserving,nasa_tm_x9471#4,lookup,7,1,1
tesseract,nasa_tm_x9471,T4,M,structure_preserving,nasa_tm_x9471#5,lookup,7,1,1
tesseract,nasa_tm_x9471,T4,M,structure_preserving,nasa_tm_x9471#6,lookup,7,1,1
tesseract,nasa_tm_x9471,T4,M,structure_preserving,nasa_tm_x9471#7,lookup,7,1,1
tesseract,nasa_tm_x9471,T4,M,structure_preserving,nasa_tm_x9471#8,lookup,7,1,1
tesseract,nasa_tm_x9471,T4,M,structure_preserving,nasa_tm_x9471#9,lookup,7,1,1
tesseract,nasa_tm_x9471,T4,M,structure_preserving,nasa_tm_x9471#10,figure,7,0,0
tesseract,nasa_tm_x9471,T4,M,structure_preserving,nasa_tm_x9471#11,figure,7,1,1
tesseract,nasa_tm_x9471,T4,M,structure_preserving,nasa_tm_x9471#12,figure,7,0,0
tesseract,nasa_webb_factsheet,T4,S,structure_preserving,nasa_webb_factsheet#1,lookup,2,1,1
tesseract,nasa_webb_factsheet,T4,S,structure_preserving,nasa_webb_factsheet#2,lookup,2,1,1
tesseract,nasa_webb_factsheet,T4,S,structure_preserving,nasa_webb_factsheet#3,lookup,2,0,0
tesseract,nasa_webb_factsheet,T4,S,structure_preserving,nasa_webb_factsheet#4,lookup,2,1,1
tesseract,nasa_webb_factsheet,T4,S,structure_preserving,nasa_webb_factsheet#5,lookup,2,1,1
tesseract,nasa_webb_factsheet,T4,S,structure_preserving,nasa_webb_factsheet#6,lookup,2,1,1
tesseract,nasa_webb_factsheet,T4,S,structure_preserving,nasa_webb_factsheet#7,lookup,2,1,1
tesseract,nasa_webb_factsheet,T4,S,structure_preserving,nasa_webb_factsheet#8,table_multi_row,2,1,1
tesseract,nasa_webb_factsheet,T4,S,structure_preserving,nasa_webb_factsheet#9,figure,2,1,1
tesseract,nasa_webb_factsheet,T4,S,structure_preserving,nasa_webb_factsheet#10,figure,2,1,1
tesseract,nasa_webb_factsheet,T4,S,structure_preserving,nasa_webb_factsheet#11,figure,2,1,1
tesseract,nasa_webb_factsheet,T4,S,structure_preserving,nasa_webb_factsheet#12,figure,2,1,1
tesseract,p60_282,T2,L,structure_preserving,p60_282#1,lookup,251,1,1
tesseract,p60_282,T2,L,structure_preserving,p60_282#2,lookup,251,1,1
tesseract,p60_282,T2,L,structure_preserving,p60_282#3,lookup,251,1,1
tesseract,p60_282,T2,L,structure_preserving,p60_282#4,table_cell,251,1,1
tesseract,p60_282,T2,L,structure_preserving,p60_282#5,table_cell,251,1,1
tesseract,p60_282,T2,L,structure_preserving,p60_282#6,table_cell,251,1,1
tesseract,p60_282,T2,L,structure_preserving,p60_282#7,table_cell,251,1,1
tesseract,p60_282,T2,L,structure_preserving,p60_282#8,lookup,251,1,1
tesseract,p60_282,T2,L,structure_preserving,p60_282#9,lookup,251,1,1
tesseract,p60_282,T2,L,structure_preserving,p60_282#10,table_cell,251,1,1
tesseract,p60_282,T2,L,structure_preserving,p60_282#11,table_cell,251,1,1
tesseract,p60_282,T2,L,structure_preserving,p60_282#12,table_cell,251,1,1
tesseract,p60_282,T2,L,structure_preserving,p60_282#13,table_multi_row,251,1,1
tesseract,rfc9110,T1,XL,structure_preserving,rfc9110#1,lookup,266,1,1
tesseract,rfc9110,T1,XL,structure_preserving,rfc9110#2,lookup,266,1,1
tesseract,rfc9110,T1,XL,structure_preserving,rfc9110#3,lookup,266,1,1
tesseract,rfc9110,T1,XL,structure_preserving,rfc9110#4,table_cell,266,1,1
tesseract,rfc9110,T1,XL,structure_preserving,rfc9110#5,table_cell,266,1,1
tesseract,rfc9110,T1,XL,structure_preserving,rfc9110#6,table_multi_row,266,1,1
tesseract,rfc9110,T1,XL,structure_preserving,rfc9110#7,lookup,266,1,1
tesseract,rfc9110,T1,XL,structure_preserving,rfc9110#8,lookup,266,1,1
tesseract,rfc9110,T1,XL,structure_preserving,rfc9110#9,lookup,266,1,1
tesseract,rfc9110,T1,XL,structure_preserving,rfc9110#10,lookup,266,1,1
tesseract,rfc9110,T1,XL,structure_preserving,rfc9110#11,lookup,266,1,1
tesseract,rfc9110,T1,XL,structure_preserving,rfc9110#12,lookup,266,0,0
tesseract,rfc9112,T1,L,structure_preserving,rfc9112#1,lookup,60,1,1
tesseract,rfc9112,T1,L,structure_preserving,rfc9112#2,lookup,60,1,1
tesseract,rfc9112,T1,L,structure_preserving,rfc9112#3,lookup,60,1,1
tesseract,rfc9112,T1,L,structure_preserving,rfc9112#4,lookup,60,1,1
tesseract,rfc9112,T1,L,structure_preserving,rfc9112#5,lookup,60,1,1
tesseract,rfc9112,T1,L,structure_preserving,rfc9112#6,cross_page,60,1,1
tesseract,rfc9112,T1,L,structure_preserving,rfc9112#7,lookup,60,1,1
tesseract,rfc9112,T1,L,structure_preserving,rfc9112#8,lookup,60,1,1
tesseract,rfc9112,T1,L,structure_preserving,rfc9112#9,lookup,60,1,1
tesseract,rfc9112,T1,L,structure_preserving,rfc9112#10,lookup,60,1,1
tesseract,rfc9112,T1,L,structure_preserving,rfc9112#11,lookup,60,1,1
tesseract,rfc9112,T1,L,structure_preserving,rfc9112#12,lookup,60,1,1
tesseract,rfc9112,T1,L,structure_preserving,rfc9112#13,lookup,60,1,1
tesseract,rfc9112,T1,L,structure_preserving,rfc9112#14,lookup,60,1,1
tesseract,rfc9112,T1,L,structure_preserving,rfc9112#15,lookup,60,0,0
tesseract,rfc9112,T1,L,structure_preserving,rfc9112#16,lookup,60,1,1
tesseract,rfc9158,T1,S,structure_preserving,rfc9158#1,lookup,5,1,1
tesseract,rfc9158,T1,S,structure_preserving,rfc9158#2,lookup,5,1,1
tesseract,rfc9158,T1,S,structure_preserving,rfc9158#3,lookup,5,1,1
tesseract,rfc9158,T1,S,structure_preserving,rfc9158#4,lookup,5,1,1
tesseract,rfc9158,T1,S,structure_preserving,rfc9158#5,table_multi_row,5,1,1
tesseract,rfc9158,T1,S,structure_preserving,rfc9158#6,table_cell,5,1,1
tesseract,rfc9158,T1,S,structure_preserving,rfc9158#7,lookup,5,1,1
tesseract,rfc9158,T1,S,structure_preserving,rfc9158#8,lookup,5,1,1
tesseract,rfc9158,T1,S,structure_preserving,rfc9158#9,cross_page,5,0,0
tesseract,rfc9457,T1,M,structure_preserving,rfc9457#1,lookup,21,1,1
tesseract,rfc9457,T1,M,structure_preserving,rfc9457#2,lookup,21,1,1
tesseract,rfc9457,T1,M,structure_preserving,rfc9457#3,lookup,21,1,1
tesseract,rfc9457,T1,M,structure_preserving,rfc9457#4,lookup,21,0,1
tesseract,rfc9457,T1,M,structure_preserving,rfc9457#5,lookup,21,1,1
tesseract,rfc9457,T1,M,structure_preserving,rfc9457#6,lookup,21,1,1
tesseract,rfc9457,T1,M,structure_preserving,rfc9457#7,lookup,21,1,1
tesseract,rfc9457,T1,M,structure_preserving,rfc9457#8,lookup,21,1,1
tesseract,rfc9457,T1,M,structure_preserving,rfc9457#9,lookup,21,1,1
tesseract,rfc9457,T1,M,structure_preserving,rfc9457#10,lookup,21,1,1
tesseract,rfc9457,T1,M,structure_preserving,rfc9457#11,lookup,21,1,1
tesseract,scan_acsbr_023,T3,M,structure_preserving,scan_acsbr_023#1,lookup,25,1,1
tesseract,scan_acsbr_023,T3,M,structure_preserving,scan_acsbr_023#2,lookup,25,1,1
tesseract,scan_acsbr_023,T3,M,structure_preserving,scan_acsbr_023#3,lookup,25,0,1
tesseract,scan_acsbr_023,T3,M,structure_preserving,scan_acsbr_023#4,lookup,25,1,1
tesseract,scan_acsbr_023,T3,M,structure_preserving,scan_acsbr_023#5,lookup,25,1,1
tesseract,scan_acsbr_023,T3,M,structure_preserving,scan_acsbr_023#6,lookup,25,1,1
tesseract,scan_acsbr_023,T3,M,structure_preserving,scan_acsbr_023#7,table_cell,25,0,0
tesseract,scan_acsbr_023,T3,M,structure_preserving,scan_acsbr_023#8,table_cell,25,0,0
tesseract,scan_acsbr_023,T3,M,structure_preserving,scan_acsbr_023#9,table_cell,25,0,1
tesseract,scan_acsbr_023,T3,M,structure_preserving,scan_acsbr_023#10,table_cell,25,0,1
tesseract,scan_acsbr_023,T3,M,structure_preserving,scan_acsbr_023#11,table_multi_row,25,0,0
tesseract,scan_acsbr_023,T3,M,structure_preserving,scan_acsbr_023#12,table_cell,25,1,1
tesseract,scan_p60_282,T3,L,structure_preserving,scan_p60_282#1,lookup,256,1,1
tesseract,scan_p60_282,T3,L,structure_preserving,scan_p60_282#2,lookup,256,1,1
tesseract,scan_p60_282,T3,L,structure_preserving,scan_p60_282#3,lookup,256,1,1
tesseract,scan_p60_282,T3,L,structure_preserving,scan_p60_282#4,table_cell,256,1,1
tesseract,scan_p60_282,T3,L,structure_preserving,scan_p60_282#5,table_cell,256,1,1
tesseract,scan_p60_282,T3,L,structure_preserving,scan_p60_282#6,table_cell,256,1,1
tesseract,scan_p60_282,T3,L,structure_preserving,scan_p60_282#7,table_cell,256,0,0
tesseract,scan_p60_282,T3,L,structure_preserving,scan_p60_282#8,lookup,256,1,1
tesseract,scan_p60_282,T3,L,structure_preserving,scan_p60_282#9,lookup,256,1,1
tesseract,scan_p60_282,T3,L,structure_preserving,scan_p60_282#10,table_cell,256,1,1
tesseract,scan_p60_282,T3,L,structure_preserving,scan_p60_282#11,table_cell,256,0,0
tesseract,scan_p60_282,T3,L,structure_preserving,scan_p60_282#12,table_cell,256,0,1
tesseract,scan_p60_282,T3,L,structure_preserving,scan_p60_282#13,table_multi_row,256,1,1
tesseract,scan_rfc9110,T3,XL,structure_preserving,scan_rfc9110#1,lookup,266,1,1
tesseract,scan_rfc9110,T3,XL,structure_preserving,scan_rfc9110#2,lookup,266,1,1
tesseract,scan_rfc9110,T3,XL,structure_preserving,scan_rfc9110#3,lookup,266,1,1
tesseract,scan_rfc9110,T3,XL,structure_preserving,scan_rfc9110#4,table_cell,266,1,1
tesseract,scan_rfc9110,T3,XL,structure_preserving,scan_rfc9110#5,table_cell,266,1,1
tesseract,scan_rfc9110,T3,XL,structure_preserving,scan_rfc9110#6,table_multi_row,266,1,1
tesseract,scan_rfc9110,T3,XL,structure_preserving,scan_rfc9110#7,lookup,266,1,1
tesseract,scan_rfc9110,T3,XL,structure_preserving,scan_rfc9110#8,lookup,266,1,1
tesseract,scan_rfc9110,T3,XL,structure_preserving,scan_rfc9110#9,lookup,266,1,1
tesseract,scan_rfc9110,T3,XL,structure_preserving,scan_rfc9110#10,lookup,266,1,1
tesseract,scan_rfc9110,T3,XL,structure_preserving,scan_rfc9110#11,lookup,266,1,1
tesseract,scan_rfc9110,T3,XL,structure_preserving,scan_rfc9110#12,lookup,266,0,0
tesseract,scan_rfc9158,T3,S,structure_preserving,scan_rfc9158#1,lookup,5,1,1
tesseract,scan_rfc9158,T3,S,structure_preserving,scan_rfc9158#2,lookup,5,1,1
tesseract,scan_rfc9158,T3,S,structure_preserving,scan_rfc9158#3,lookup,5,1,1
tesseract,scan_rfc9158,T3,S,structure_preserving,scan_rfc9158#4,lookup,5,1,1
tesseract,scan_rfc9158,T3,S,structure_preserving,scan_rfc9158#5,table_multi_row,5,1,1
tesseract,scan_rfc9158,T3,S,structure_preserving,scan_rfc9158#6,table_cell,5,1,1
tesseract,scan_rfc9158,T3,S,structure_preserving,scan_rfc9158#7,lookup,5,1,1
tesseract,scan_rfc9158,T3,S,structure_preserving,scan_rfc9158#8,lookup,5,1,1
tesseract,scan_rfc9158,T3,S,structure_preserving,scan_rfc9158#9,cross_page,5,0,0
tesseract,scan_rfc9457,T3,M,structure_preserving,scan_rfc9457#1,lookup,21,1,1
tesseract,scan_rfc9457,T3,M,structure_preserving,scan_rfc9457#2,lookup,21,1,1
tesseract,scan_rfc9457,T3,M,structure_preserving,scan_rfc9457#3,lookup,21,1,1
tesseract,scan_rfc9457,T3,M,structure_preserving,scan_rfc9457#4,lookup,21,1,1
tesseract,scan_rfc9457,T3,M,structure_preserving,scan_rfc9457#5,lookup,21,1,1
tesseract,scan_rfc9457,T3,M,structure_preserving,scan_rfc9457#6,lookup,21,1,1
tesseract,scan_rfc9457,T3,M,structure_preserving,scan_rfc9457#7,lookup,21,1,1
tesseract,scan_rfc9457,T3,M,structure_preserving,scan_rfc9457#8,lookup,21,1,1
tesseract,scan_rfc9457,T3,M,structure_preserving,scan_rfc9457#9,lookup,21,1,1
tesseract,scan_rfc9457,T3,M,structure_preserving,scan_rfc9457#10,lookup,21,1,1
tesseract,scan_rfc9457,T3,M,structure_preserving,scan_rfc9457#11,lookup,21,1,1
