extractor,doc_id,tier,bucket,chunk_mode,question_id,qtype,n_chunks,hit5,hit50
docling,acsbr_023,T2,M,baseline,acsbr_023#1,lookup,43,1,1
docling,acsbr_023,T2,M,baseline,acsbr_023#2,lookup,43,1,1
docling,acsbr_023,T2,M,baseline,acsbr_023#3,lookup,43,1,1
docling,acsbr_023,T2,M,baseline,acsbr_023#4,lookup,43,1,1
docling,acsbr_023,T2,M,baseline,acsbr_023#5,lookup,43,1,1
docling,acsbr_023,T2,M,baseline,acsbr_023#6,lookup,43,1,1
docling,acsbr_023,T2,M,baseline,acsbr_023#7,table_cell,43,1,1
docling,acsbr_023,T2,M,baseline,acsbr_023#8,table_cell,43,1,1
docling,acsbr_023,T2,M,baseline,acsbr_023#9,table_cell,43,0,1
docling,acsbr_023,T2,M,baseline,acsbr_023#10,table_cell,43,1,1
docling,acsbr_023,T2,M,baseline,acsbr_023#11,table_multi_row,43,0,0
docling,acsbr_023,T2,M,baseline,acsbr_023#12,table_cell,43,1,1
docling,erp2024_full,T2,XL,baseline,erp2024_full#1,lookup,0,0,0
docling,erp2024_full,T2,XL,baseline,erp2024_full#2,table_cell,0,0,0
docling,erp2024_full,T2,XL,baseline,erp2024_full#3,lookup,0,0,0
docling,erp2024_full,T2,XL,baseline,erp2024_full#4,table_cell,0,0,0
docling,erp2024_full,T2,XL,baseline,erp2024_full#5,table_cell,0,0,0
docling,erp2024_full,T2,XL,baseline,erp2024_full#6,table_cell,0,0,0
docling,erp2024_full,T2,XL,baseline,erp2024_full#7,table_multi_row,0,0,0
docling,erp2024_full,T2,XL,baseline,erp2024_full#8,lookup,0,0,0
docling,erp2024_full,T2,XL,baseline,erp2024_full#9,lookup,0,0,0
docling,erp2024_full,T2,XL,baseline,erp2024_full#10,table_cell,0,0,0
docling,erp2024_full,T2,XL,baseline,erp2024_full#11,table_cell,0,0,0
docling,erp2024_table1,T2,S,baseline,erp2024_table1#1,lookup,29,1,1
docling,erp2024_table1,T2,S,baseline,erp2024_table1#2,table_cell,29,0,0
docling,erp2024_table1,T2,S,baseline,erp2024_table1#3,table_cell,29,0,0
docling,erp2024_table1,T2,S,baseline,erp2024_table1#4,table_cell,29,1,1
docling,erp2024_table1,T2,S,baseline,erp2024_table1#5,table_cell,29,1,1
docling,erp2024_table1,T2,S,baseline,erp2024_table1#6,table_cell,29,0,0
docling,erp2024_table1,T2,S,baseline,erp2024_table1#7,table_cell,29,0,0
docling,erp2024_table1,T2,S,baseline,erp2024_table1#8,lookup,29,0,0
docling,erp2024_table1,T2,S,baseline,erp2024_table1#9,lookup,29,1,1
docling,erp2024_table3,T2,S,baseline,erp2024_table3#1,lookup,35,1,1
docling,erp2024_table3,T2,S,baseline,erp2024_table3#2,lookup,35,0,0
docling,erp2024_table3,T2,S,baseline,erp2024_table3#3,table_cell,35,0,0
docling,erp2024_table3,T2,S,baseline,erp2024_table3#4,table_cell,35,1,1
docling,erp2024_table3,T2,S,baseline,erp2024_table3#5,table_cell,35,0,0
docling,erp2024_table3,T2,S,baseline,erp2024_table3#6,table_cell,35,0,0
docling,erp2024_table3,T2,S,baseline,erp2024_table3#7,table_multi_row,35,1,1
docling,erp2024_table3,T2,S,baseline,erp2024_table3#8,table_cell,35,0,1
docling,erp2024_table3,T2,S,baseline,erp2024_table3#9,table_cell,35,0,0
docling,erp2024_table3,T2,S,baseline,erp2024_table3#10,table_cell,35,1,1
docling,gen_t2_long,T2,S,baseline,gen_t2_long#1,table_cell,6,1,1
docling,gen_t2_long,T2,S,baseline,gen_t2_long#2,table_cell,6,1,1
docling,gen_t2_long,T2,S,baseline,gen_t2_long#3,table_cell,6,1,1
docling,gen_t2_long,T2,S,baseline,gen_t2_long#4,table_cell,6,1,1
docling,gen_t2_merged,T2,S,baseline,gen_t2_merged#1,table_cell,3,1,1
docling,gen_t2_rotated,T2,S,baseline,gen_t2_rotated#1,table_cell,3,1,1
docling,gen_t2_rotated,T2,S,baseline,gen_t2_rotated#2,table_cell,3,1,1
docling,gen_t2_simple,T2,S,baseline,gen_t2_simple#1,table_cell,3,1,1
docling,gen_t2_simple,T2,S,baseline,gen_t2_simple#2,table_cell,3,1,1
docling,gen_t2_simple,T2,S,baseline,gen_t2_simple#3,table_cell,3,1,1
docling,gen_t4_bar,T4,S,baseline,gen_t4_bar#1,figure,1,0,0
docling,gen_t4_flow,T4,S,baseline,gen_t4_flow#1,figure,1,0,0
docling,gen_t4_line,T4,S,baseline,gen_t4_line#1,figure,3,0,0
docling,gen_t4_mixed,T4,S,baseline,gen_t4_mixed#1,table_cell,3,1,1
docling,nasa_se_handbook,T4,XL,baseline,nasa_se_handbook#1,lookup,0,0,0
docling,nasa_se_handbook,T4,XL,baseline,nasa_se_handbook#2,lookup,0,0,0
docling,nasa_se_handbook,T4,XL,baseline,nasa_se_handbook#3,figure,0,0,0
docling,nasa_se_handbook,T4,XL,baseline,nasa_se_handbook#4,lookup,0,0,0
docling,nasa_se_handbook,T4,XL,baseline,nasa_se_handbook#5,lookup,0,0,0
docling,nasa_se_handbook,T4,XL,baseline,nasa_se_handbook#6,table_multi_row,0,0,0
docling,nasa_se_handbook,T4,XL,baseline,nasa_se_handbook#7,lookup,0,0,0
docling,nasa_se_handbook,T4,XL,baseline,nasa_se_handbook#8,lookup,0,0,0
docling,nasa_se_handbook,T4,XL,baseline,nasa_se_handbook#9,lookup,0,0,0
docling,nasa_se_handbook,T4,XL,baseline,nasa_se_handbook#10,lookup,0,0,0
docling,nasa_se_handbook,T4,XL,baseline,nasa_se_handbook#11,lookup,0,0,0
docling,nasa_se_handbook,T4,XL,baseline,nasa_se_handbook#12,lookup,0,0,0
docling,nasa_tm100396,T4,L,baseline,nasa_tm100396#1,lookup,0,0,0
docling,nasa_tm100396,T4,L,baseline,nasa_tm100396#2,lookup,0,0,0
docling,nasa_tm100396,T4,L,baseline,nasa_tm100396#3,lookup,0,0,0
docling,nasa_tm100396,T4,L,baseline,nasa_tm100396#4,lookup,0,0,0
docling,nasa_tm100396,T4,L,baseline,nasa_tm100396#5,lookup,0,0,0
docling,nasa_tm100396,T4,L,baseline,nasa_tm100396#6,lookup,0,0,0
docling,nasa_tm100396,T4,L,baseline,nasa_tm100396#7,lookup,0,0,0
docling,nasa_tm100396,T4,L,baseline,nasa_tm100396#8,lookup,0,0,0
docling,nasa_tm100396,T4,L,baseline,nasa_tm100396#9,lookup,0,0,0
docling,nasa_tm100396,T4,L,baseline,nasa_tm100396#10,cross_page,0,0,0
docling,nasa_tm100396,T4,L,baseline,nasa_tm100396#11,lookup,0,0,0
docling,nasa_tm100396,T4,L,baseline,nasa_tm100396#12,table_cell,0,0,0
docling,nasa_tm104114,T4,XL,baseline,nasa_tm104114#1,lookup,0,0,0
docling,nasa_tm104114,T4,XL,baseline,nasa_tm104114#2,lookup,0,0,0
docling,nasa_tm104114,T4,XL,baseline,nasa_tm104114#3,lookup,0,0,0
docling,nasa_tm104114,T4,XL,baseline,nasa_tm104114#4,table_cell,0,0,0
docling,nasa_tm104114,T4,XL,baseline,nasa_tm104114#5,table_cell,0,0,0
docling,nasa_tm104114,T4,XL,baseline,nasa_tm104114#6,table_cell,0,0,0
docling,nasa_tm104114,T4,XL,baseline,nasa_tm104114#7,table_cell,0,0,0
docling,nasa_tm104114,T4,XL,baseline,nasa_tm104114#8,lookup,0,0,0
docling,nasa_tm104114,T4,XL,baseline,nasa_tm104114#9,lookup,0,0,0
docling,nasa_tm104114,T4,XL,baseline,nasa_tm104114#10,lookup,0,0,0
docling,nasa_tm104114,T4,XL,baseline,nasa_tm104114#11,lookup,0,0,0
docling,nasa_tm_x9471,T4,M,baseline,nasa_tm_x9471#1,lookup,14,1,1
docling,nasa_tm_x9471,T4,M,baseline,nasa_tm_x9471#2,lookup,14,0,1
docling,nasa_tm_x9471,T4,M,baseline,nasa_tm_x9471#3,lookup,14,1,1
docling,nasa_tm_x9471,T4,M,baseline,nasa_tm_x9471#4,lookup,14,1,1
docling,nasa_tm_x9471,T4,M,baseline,nasa_tm_x9471#5,lookup,14,1,1
docling,nasa_tm_x9471,T4,M,baseline,nasa_tm_x9471#6,lookup,14,1,1
docling,nasa_tm_x9471,T4,M,baseline,nasa_tm_x9471#7,lookup,14,1,1
docling,nasa_tm_x9471,T4,M,baseline,nasa_tm_x9471#8,lookup,14,1,1
docling,nasa_tm_x9471,T4,M,baseline,nasa_tm_x9471#9,lookup,14,1,1
docling,nasa_tm_x9471,T4,M,baseline,nasa_tm_x9471#10,figure,14,0,0
docling,nasa_tm_x9471,T4,M,baseline,nasa_tm_x9471#11,figure,14,0,0
docling,nasa_tm_x9471,T4,M,baseline,nasa_tm_x9471#12,figure,14,0,0
docling,nasa_webb_factsheet,T4,S,baseline,nasa_webb_factsheet#1,lookup,6,1,1
docling,nasa_webb_factsheet,T4,S,baseline,nasa_webb_factsheet#2,lookup,6,1,1
docling,nasa_webb_factsheet,T4,S,baseline,nasa_webb_factsheet#3,lookup,6,1,1
docling,nasa_webb_factsheet,T4,S,baseline,nasa_webb_factsheet#4,lookup,6,1,1
docling,nasa_webb_factsheet,T4,S,baseline,nasa_webb_factsheet#5,lookup,6,1,1
docling,nasa_webb_factsheet,T4,S,baseline,nasa_webb_factsheet#6,lookup,6,1,1
docling,nasa_webb_factsheet,T4,S,baseline,nasa_webb_factsheet#7,lookup,6,1,1
docling,nasa_webb_factsheet,T4,S,baseline,nasa_webb_factsheet#8,table_multi_row,6,1,1
docling,nasa_webb_factsheet,T4,S,baseline,nasa_webb_factsheet#9,figure,6,0,0
docling,nasa_webb_factsheet,T4,S,baseline,nasa_webb_factsheet#10,figure,6,0,0
docling,nasa_webb_factsheet,T4,S,baseline,nasa_webb_factsheet#11,figure,6,0,0
docling,nasa_webb_factsheet,T4,S,baseline,nasa_webb_factsheet#12,figure,6,0,0
docling,p60_282,T2,L,baseline,p60_282#1,lookup,0,0,0
docling,p60_282,T2,L,baseline,p60_282#2,lookup,0,0,0
docling,p60_282,T2,L,baseline,p60_282#3,lookup,0,0,0
docling,p60_282,T2,L,baseline,p60_282#4,table_cell,0,0,0
docling,p60_282,T2,L,baseline,p60_282#5,table_cell,0,0,0
docling,p60_282,T2,L,baseline,p60_282#6,table_cell,0,0,0
docling,p60_282,T2,L,baseline,p60_282#7,table_cell,0,0,0
docling,p60_282,T2,L,baseline,p60_282#8,lookup,0,0,0
docling,p60_282,T2,L,baseline,p60_282#9,lookup,0,0,0
docling,p60_282,T2,L,baseline,p60_282#10,table_cell,0,0,0
docling,p60_282,T2,L,baseline,p60_282#11,table_cell,0,0,0
docling,p60_282,T2,L,baseline,p60_282#12,table_cell,0,0,0
docling,p60_282,T2,L,baseline,p60_282#13,table_multi_row,0,0,0
docling,rfc9110,T1,XL,baseline,rfc9110#1,lookup,0,0,0
docling,rfc9110,T1,XL,baseline,rfc9110#2,lookup,0,0,0
docling,rfc9110,T1,XL,baseline,rfc9110#3,lookup,0,0,0
docling,rfc9110,T1,XL,baseline,rfc9110#4,table_cell,0,0,0
docling,rfc9110,T1,XL,baseline,rfc9110#5,table_cell,0,0,0
docling,rfc9110,T1,XL,baseline,rfc9110#6,table_multi_row,0,0,0
docling,rfc9110,T1,XL,baseline,rfc9110#7,lookup,0,0,0
docling,rfc9110,T1,XL,baseline,rfc9110#8,lookup,0,0,0
docling,rfc9110,T1,XL,baseline,rfc9110#9,lookup,0,0,0
docling,rfc9110,T1,XL,baseline,rfc9110#10,lookup,0,0,0
docling,rfc9110,T1,XL,baseline,rfc9110#11,lookup,0,0,0
docling,rfc9110,T1,XL,baseline,rfc9110#12,lookup,0,0,0
docling,rfc9112,T1,L,baseline,rfc9112#1,lookup,173,1,1
docling,rfc9112,T1,L,baseline,rfc9112#2,lookup,173,1,1
docling,rfc9112,T1,L,baseline,rfc9112#3,lookup,173,1,1
docling,rfc9112,T1,L,baseline,rfc9112#4,lookup,173,1,1
docling,rfc9112,T1,L,baseline,rfc9112#5,lookup,173,1,1
docling,rfc9112,T1,L,baseline,rfc9112#6,cross_page,173,1,1
docling,rfc9112,T1,L,baseline,rfc9112#7,lookup,173,0,1
docling,rfc9112,T1,L,baseline,rfc9112#8,lookup,173,1,1
docling,rfc9112,T1,L,baseline,rfc9112#9,lookup,173,1,1
docling,rfc9112,T1,L,baseline,rfc9112#10,lookup,173,1,1
docling,rfc9112,T1,L,baseline,rfc9112#11,lookup,173,1,1
docling,rfc9112,T1,L,baseline,rfc9112#12,lookup,173,1,1
docling,rfc9112,T1,L,baseline,rfc9112#13,lookup,173,1,1
docling,rfc9112,T1,L,baseline,rfc9112#14,lookup,173,0,0
docling,rfc9112,T1,L,baseline,rfc9112#15,lookup,173,1,1
docling,rfc9112,T1,L,baseline,rfc9112#16,lookup,173,1,1
docling,rfc9158,T1,S,baseline,rfc9158#1,lookup,13,1,1
docling,rfc9158,T1,S,baseline,rfc9158#2,lookup,13,1,1
docling,rfc9158,T1,S,baseline,rfc9158#3,lookup,13,1,1
docling,rfc9158,T1,S,baseline,rfc9158#4,lookup,13,1,1
docling,rfc9158,T1,S,baseline,rfc9158#5,table_multi_row,13,0,1
docling,rfc9158,T1,S,baseline,rfc9158#6,table_cell,13,1,1
docling,rfc9158,T1,S,baseline,rfc9158#7,lookup,13,1,1
docling,rfc9158,T1,S,baseline,rfc9158#8,lookup,13,1,1
docling,rfc9158,T1,S,baseline,rfc9158#9,cross_page,13,0,0
docling,rfc9457,T1,M,baseline,rfc9457#1,lookup,48,1,1
docling,rfc9457,T1,M,baseline,rfc9457#2,lookup,48,0,1
docling,rfc9457,T1,M,baseline,rfc9457#3,lookup,48,1,1
docling,rfc9457,T1,M,baseline,rfc9457#4,lookup,48,1,1
docling,rfc9457,T1,M,baseline,rfc9457#5,lookup,48,1,1
docling,rfc9457,T1,M,baseline,rfc9457#6,lookup,48,1,1
docling,rfc9457,T1,M,baseline,rfc9457#7,lookup,48,1,1
docling,rfc9457,T1,M,baseline,rfc9457#8,lookup,48,1,1
docling,rfc9457,T1,M,baseline,rfc9457#9,lookup,48,1,1
docling,rfc9457,T1,M,baseline,rfc9457#10,lookup,48,1,1
docling,rfc9457,T1,M,baseline,rfc9457#11,lookup,48,1,1
docling,scan_acsbr_023,T3,M,baseline,scan_acsbr_023#1,lookup,42,1,1
docling,scan_acsbr_023,T3,M,baseline,scan_acsbr_023#2,lookup,42,1,1
docling,scan_acsbr_023,T3,M,baseline,scan_acsbr_023#3,lookup,42,1,1
docling,scan_acsbr_023,T3,M,baseline,scan_acsbr_023#4,lookup,42,1,1
docling,scan_acsbr_023,T3,M,baseline,scan_acsbr_023#5,lookup,42,1,1
docling,scan_acsbr_023,T3,M,baseline,scan_acsbr_023#6,lookup,42,1,1
docling,scan_acsbr_023,T3,M,baseline,scan_acsbr_023#7,table_cell,42,1,1
docling,scan_acsbr_023,T3,M,baseline,scan_acsbr_023#8,table_cell,42,1,1
docling,scan_acsbr_023,T3,M,baseline,scan_acsbr_023#9,table_cell,42,1,1
docling,scan_acsbr_023,T3,M,baseline,scan_acsbr_023#10,table_cell,42,1,1
docling,scan_acsbr_023,T3,M,baseline,scan_acsbr_023#11,table_multi_row,42,0,1
docling,scan_acsbr_023,T3,M,baseline,scan_acsbr_023#12,table_cell,42,1,1
docling,scan_p60_282,T3,L,baseline,scan_p60_282#1,lookup,0,0,0
docling,scan_p60_282,T3,L,baseline,scan_p60_282#2,lookup,0,0,0
docling,scan_p60_282,T3,L,baseline,scan_p60_282#3,lookup,0,0,0
docling,scan_p60_282,T3,L,baseline,scan_p60_282#4,table_cell,0,0,0
docling,scan_p60_282,T3,L,baseline,scan_p60_282#5,table_cell,0,0,0
docling,scan_p60_282,T3,L,baseline,scan_p60_282#6,table_cell,0,0,0
docling,scan_p60_282,T3,L,baseline,scan_p60_282#7,table_cell,0,0,0
docling,scan_p60_282,T3,L,baseline,scan_p60_282#8,lookup,0,0,0
docling,scan_p60_282,T3,L,baseline,scan_p60_282#9,lookup,0,0,0
docling,scan_p60_282,T3,L,baseline,scan_p60_282#10,table_cell,0,0,0
docling,scan_p60_282,T3,L,baseline,scan_p60_282#11,table_cell,0,0,0
docling,scan_p60_282,T3,L,baseline,scan_p60_282#12,table_cell,0,0,0
docling,scan_p60_282,T3,L,baseline,scan_p60_282#13,table_multi_row,0,0,0
docling,scan_rfc9110,T3,XL,baseline,scan_rfc9110#1,lookup,0,0,0
docling,scan_rfc9110,T3,XL,baseline,scan_rfc9110#2,lookup,0,0,0
docling,scan_rfc9110,T3,XL,baseline,scan_rfc9110#3,lookup,0,0,0
docling,scan_rfc9110,T3,XL,baseline,scan_rfc9110#4,table_cell,0,0,0
docling,scan_rfc9110,T3,XL,baseline,scan_rfc9110#5,table_cell,0,0,0
docling,scan_rfc9110,T3,XL,baseline,scan_rfc9110#6,table_multi_row,0,0,0
docling,scan_rfc9110,T3,XL,baseline,scan_rfc9110#7,lookup,0,0,0
docling,scan_rfc9110,T3,XL,baseline,scan_rfc9110#8,lookup,0,0,0
docling,scan_rfc9110,T3,XL,baseline,scan_rfc9110#9,lookup,0,0,0
docling,scan_rfc9110,T3,XL,baseline,scan_rfc9110#10,lookup,0,0,0
docling,scan_rfc9110,T3,XL,baseline,scan_rfc9110#11,lookup,0,0,0
docling,scan_rfc9110,T3,XL,baseline,scan_rfc9110#12,lookup,0,0,0
docling,scan_rfc9158,T3,S,baseline,scan_rfc9158#1,lookup,14,1,1
docling,scan_rfc9158,T3,S,baseline,scan_rfc9158#2,lookup,14,1,1
docling,scan_rfc9158,T3,S,baseline,scan_rfc9158#3,lookup,14,1,1
docling,scan_rfc9158,T3,S,baseline,scan_rfc9158#4,lookup,14,1,1
docling,scan_rfc9158,T3,S,baseline,scan_rfc9158#5,table_multi_row,14,0,1
docling,scan_rfc9158,T3,S,baseline,scan_rfc9158#6,table_cell,14,1,1
docling,scan_rfc9158,T3,S,baseline,scan_rfc9158#7,lookup,14,1,1
docling,scan_rfc9158,T3,S,baseline,scan_rfc9158#8,lookup,14,1,1
docling,scan_rfc9158,T3,S,baseline,scan_rfc9158#9,cross_page,14,0,0
docling,scan_rfc9457,T3,M,baseline,scan_rfc9457#1,lookup,51,1,1
docling,scan_rfc9457,T3,M,baseline,scan_rfc9457#2,lookup,51,0,1
docling,scan_rfc9457,T3,M,baseline,scan_rfc9457#3,lookup,51,1,1
docling,scan_rfc9457,T3,M,baseline,scan_rfc9457#4,lookup,51,1,1
docling,scan_rfc9457,T3,M,baseline,scan_rfc9457#5,lookup,51,1,1
docling,scan_rfc9457,T3,M,baseline,scan_rfc9457#6,lookup,51,1,1
docling,scan_rfc9457,T3,M,baseline,scan_rfc9457#7,lookup,51,1,1
docling,scan_rfc9457,T3,M,baseline,scan_rfc9457#8,lookup,51,1,1
docling,scan_rfc9457,T3,M,baseline,scan_rfc9457#9,lookup,51,1,1
docling,scan_rfc9457,T3,M,baseline,scan_rfc9457#10,lookup,51,1,1
docling,scan_rfc9457,T3,M,baseline,scan_rfc9457#11,lookup,51,0,0
easyocr,acsbr_023,T2,M,baseline,acsbr_023#1,lookup,29,1,1
easyocr,acsbr_023,T2,M,baseline,acsbr_023#2,lookup,29,1,1
easyocr,acsbr_023,T2,M,baseline,acsbr_023#3,lookup,29,0,1
easyocr,acsbr_023,T2,M,baseline,acsbr_023#4,lookup,29,1,1
easyocr,acsbr_023,T2,M,baseline,acsbr_023#5,lookup,29,1,1
easyocr,acsbr_023,T2,M,baseline,acsbr_023#6,lookup,29,1,1
easyocr,acsbr_023,T2,M,baseline,acsbr_023#7,table_cell,29,1,1
easyocr,acsbr_023,T2,M,baseline,acsbr_023#8,table_cell,29,0,1
easyocr,acsbr_023,T2,M,baseline,acsbr_023#9,table_cell,29,0,0
easyocr,acsbr_023,T2,M,baseline,acsbr_023#10,table_cell,29,0,1
easyocr,acsbr_023,T2,M,baseline,acsbr_023#11,table_multi_row,29,0,1
easyocr,acsbr_023,T2,M,baseline,acsbr_023#12,table_cell,29,1,1
easyocr,erp2024_full,T2,XL,baseline,erp2024_full#1,lookup,0,0,0
easyocr,erp2024_full,T2,XL,baseline,erp2024_full#2,table_cell,0,0,0
easyocr,erp2024_full,T2,XL,baseline,erp2024_full#3,lookup,0,0,0
easyocr,erp2024_full,T2,XL,baseline,erp2024_full#4,table_cell,0,0,0
easyocr,erp2024_full,T2,XL,baseline,erp2024_full#5,table_cell,0,0,0
easyocr,erp2024_full,T2,XL,baseline,erp2024_full#6,table_cell,0,0,0
easyocr,erp2024_full,T2,XL,baseline,erp2024_full#7,table_multi_row,0,0,0
easyocr,erp2024_full,T2,XL,baseline,erp2024_full#8,lookup,0,0,0
easyocr,erp2024_full,T2,XL,baseline,erp2024_full#9,lookup,0,0,0
easyocr,erp2024_full,T2,XL,baseline,erp2024_full#10,table_cell,0,0,0
easyocr,erp2024_full,T2,XL,baseline,erp2024_full#11,table_cell,0,0,0
easyocr,erp2024_table1,T2,S,baseline,erp2024_table1#1,lookup,6,1,1
easyocr,erp2024_table1,T2,S,baseline,erp2024_table1#2,table_cell,6,1,1
easyocr,erp2024_table1,T2,S,baseline,erp2024_table1#3,table_cell,6,0,0
easyocr,erp2024_table1,T2,S,baseline,erp2024_table1#4,table_cell,6,0,0
easyocr,erp2024_table1,T2,S,baseline,erp2024_table1#5,table_cell,6,0,0
easyocr,erp2024_table1,T2,S,baseline,erp2024_table1#6,table_cell,6,0,0
easyocr,erp2024_table1,T2,S,baseline,erp2024_table1#7,table_cell,6,0,0
easyocr,erp2024_table1,T2,S,baseline,erp2024_table1#8,lookup,6,1,1
easyocr,erp2024_table1,T2,S,baseline,erp2024_table1#9,lookup,6,1,1
easyocr,erp2024_table3,T2,S,baseline,erp2024_table3#1,lookup,7,1,1
easyocr,erp2024_table3,T2,S,baseline,erp2024_table3#2,lookup,7,1,1
easyocr,erp2024_table3,T2,S,baseline,erp2024_table3#3,table_cell,7,0,0
easyocr,erp2024_table3,T2,S,baseline,erp2024_table3#4,table_cell,7,0,0
easyocr,erp2024_table3,T2,S,baseline,erp2024_table3#5,table_cell,7,0,0
easyocr,erp2024_table3,T2,S,baseline,erp2024_table3#6,table_cell,7,0,0
easyocr,erp2024_table3,T2,S,baseline,erp2024_table3#7,table_multi_row,7,0,0
easyocr,erp2024_table3,T2,S,baseline,erp2024_table3#8,table_cell,7,0,0
easyocr,erp2024_table3,T2,S,baseline,erp2024_table3#9,table_cell,7,0,0
easyocr,erp2024_table3,T2,S,baseline,erp2024_table3#10,table_cell,7,0,0
easyocr,gen_t2_long,T2,S,baseline,gen_t2_long#1,table_cell,4,1,1
easyocr,gen_t2_long,T2,S,baseline,gen_t2_long#2,table_cell,4,1,1
easyocr,gen_t2_long,T2,S,baseline,gen_t2_long#3,table_cell,4,1,1
easyocr,gen_t2_long,T2,S,baseline,gen_t2_long#4,table_cell,4,1,1
easyocr,gen_t2_merged,T2,S,baseline,gen_t2_merged#1,table_cell,1,1,1
easyocr,gen_t2_rotated,T2,S,baseline,gen_t2_rotated#1,table_cell,2,0,0
easyocr,gen_t2_rotated,T2,S,baseline,gen_t2_rotated#2,table_cell,2,0,0
easyocr,gen_t2_simple,T2,S,baseline,gen_t2_simple#1,table_cell,1,1,1
easyocr,gen_t2_simple,T2,S,baseline,gen_t2_simple#2,table_cell,1,1,1
easyocr,gen_t2_simple,T2,S,baseline,gen_t2_simple#3,table_cell,1,1,1
easyocr,gen_t4_bar,T4,S,baseline,gen_t4_bar#1,figure,1,1,1
easyocr,gen_t4_flow,T4,S,baseline,gen_t4_flow#1,figure,1,1,1
easyocr,gen_t4_line,T4,S,baseline,gen_t4_line#1,figure,1,1,1
easyocr,gen_t4_mixed,T4,S,baseline,gen_t4_mixed#1,table_cell,1,1,1
easyocr,nasa_se_handbook,T4,XL,baseline,nasa_se_handbook#1,lookup,0,0,0
easyocr,nasa_se_handbook,T4,XL,baseline,nasa_se_handbook#2,lookup,0,0,0
easyocr,nasa_se_handbook,T4,XL,baseline,nasa_se_handbook#3,figure,0,0,0
easyocr,nasa_se_handbook,T4,XL,baseline,nasa_se_handbook#4,lookup,0,0,0
easyocr,nasa_se_handbook,T4,XL,baseline,nasa_se_handbook#5,lookup,0,0,0
easyocr,nasa_se_handbook,T4,XL,baseline,nasa_se_handbook#6,table_multi_row,0,0,0
easyocr,nasa_se_handbook,T4,XL,baseline,nasa_se_handbook#7,lookup,0,0,0
easyocr,nasa_se_handbook,T4,XL,baseline,nasa_se_handbook#8,lookup,0,0,0
easyocr,nasa_se_handbook,T4,XL,baseline,nasa_se_handbook#9,lookup,0,0,0
easyocr,nasa_se_handbook,T4,XL,baseline,nasa_se_handbook#10,lookup,0,0,0
easyocr,nasa_se_handbook,T4,XL,baseline,nasa_se_handbook#11,lookup,0,0,0
easyocr,nasa_se_handbook,T4,XL,baseline,nasa_se_handbook#12,lookup,0,0,0
easyocr,nasa_tm100396,T4,L,baseline,nasa_tm100396#1,lookup,103,1,1
easyocr,nasa_tm100396,T4,L,baseline,nasa_tm100396#2,lookup,103,1,1
easyocr,nasa_tm100396,T4,L,baseline,nasa_tm100396#3,lookup,103,1,1
easyocr,nasa_tm100396,T4,L,baseline,nasa_tm100396#4,lookup,103,1,1
easyocr,nasa_tm100396,T4,L,baseline,nasa_tm100396#5,lookup,103,1,1
easyocr,nasa_tm100396,T4,L,baseline,nasa_tm100396#6,lookup,103,1,1
easyocr,nasa_tm100396,T4,L,baseline,nasa_tm100396#7,lookup,103,1,1
easyocr,nasa_tm100396,T4,L,baseline,nasa_tm100396#8,lookup,103,1,1
easyocr,nasa_tm100396,T4,L,baseline,nasa_tm100396#9,lookup,103,1,1
easyocr,nasa_tm100396,T4,L,baseline,nasa_tm100396#10,cross_page,103,0,0
easyocr,nasa_tm100396,T4,L,baseline,nasa_tm100396#11,lookup,103,1,1
easyocr,nasa_tm100396,T4,L,baseline,nasa_tm100396#12,table_cell,103,1,1
easyocr,nasa_tm104114,T4,XL,baseline,nasa_tm104114#1,lookup,0,0,0
easyocr,nasa_tm104114,T4,XL,baseline,nasa_tm104114#2,lookup,0,0,0
easyocr,nasa_tm104114,T4,XL,baseline,nasa_tm104114#3,lookup,0,0,0
easyocr,nasa_tm104114,T4,XL,baseline,nasa_tm104114#4,table_cell,0,0,0
easyocr,nasa_tm104114,T4,XL,baseline,nasa_tm104114#5,table_cell,0,0,0
easyocr,nasa_tm104114,T4,XL,baseline,nasa_tm104114#6,table_cell,0,0,0
easyocr,nasa_tm104114,T4,XL,baseline,nasa_tm104114#7,table_cell,0,0,0
easyocr,nasa_tm104114,T4,XL,baseline,nasa_tm104114#8,lookup,0,0,0
easyocr,nasa_tm104114,T4,XL,baseline,nasa_tm104114#9,lookup,0,0,0
easyocr,nasa_tm104114,T4,XL,baseline,nasa_tm104114#10,lookup,0,0,0
easyocr,nasa_tm104114,T4,XL,baseline,nasa_tm104114#11,lookup,0,0,0
easyocr,nasa_tm_x9471,T4,M,baseline,nasa_tm_x9471#1,lookup,7,1,1
easyocr,nasa_tm_x9471,T4,M,baseline,nasa_tm_x9471#2,lookup,7,1,1
easyocr,nasa_tm_x9471,T4,M,baseline,nasa_tm_x9471#3,lookup,7,1,1
easyocr,nasa_tm_x9471,T4,M,baseline,nasa_tm_x9471#4,lookup,7,0,0
easyocr,nasa_tm_x9471,T4,M,baseline,nasa_tm_x9471#5,lookup,7,1,1
easyocr,nasa_tm_x9471,T4,M,baseline,nasa_tm_x9471#6,lookup,7,1,1
easyocr,nasa_tm_x9471,T4,M,baseline,nasa_tm_x9471#7,lookup,7,1,1
easyocr,nasa_tm_x9471,T4,M,baseline,nasa_tm_x9471#8,lookup,7,1,1
easyocr,nasa_tm_x9471,T4,M,baseline,nasa_tm_x9471#9,lookup,7,1,1
easyocr,nasa_tm_x9471,T4,M,baseline,nasa_tm_x9471#10,figure,7,1,1
easyocr,nasa_tm_x9471,T4,M,baseline,nasa_tm_x9471#11,figure,7,1,1
easyocr,nasa_tm_x9471,T4,M,baseline,nasa_tm_x9471#12,figure,7,1,1
easyocr,nasa_webb_factsheet,T4,S,baseline,nasa_webb_factsheet#1,lookup,3,1,1
easyocr,nasa_webb_factsheet,T4,S,baseline,nasa_webb_factsheet#2,lookup,3,1,1
easyocr,nasa_webb_factsheet,T4,S,baseline,nasa_webb_factsheet#3,lookup,3,1,1
easyocr,nasa_webb_factsheet,T4,S,baseline,nasa_webb_factsheet#4,lookup,3,1,1
easyocr,nasa_webb_factsheet,T4,S,baseline,nasa_webb_factsheet#5,lookup,3,1,1
easyocr,nasa_webb_factsheet,T4,S,baseline,nasa_webb_factsheet#6,lookup,3,1,1
easyocr,nasa_webb_factsheet,T4,S,baseline,nasa_webb_factsheet#7,lookup,3,1,1
easyocr,nasa_webb_factsheet,T4,S,baseline,nasa_webb_factsheet#8,table_multi_row,3,1,1
easyocr,nasa_webb_factsheet,T4,S,baseline,nasa_webb_factsheet#9,figure,3,1,1
easyocr,nasa_webb_factsheet,T4,S,baseline,nasa_webb_factsheet#10,figure,3,1,1
easyocr,nasa_webb_factsheet,T4,S,baseline,nasa_webb_factsheet#11,figure,3,1,1
easyocr,nasa_webb_factsheet,T4,S,baseline,nasa_webb_factsheet#12,figure,3,1,1
easyocr,p60_282,T2,L,baseline,p60_282#1,lookup,0,0,0
easyocr,p60_282,T2,L,baseline,p60_282#2,lookup,0,0,0
easyocr,p60_282,T2,L,baseline,p60_282#3,lookup,0,0,0
easyocr,p60_282,T2,L,baseline,p60_282#4,table_cell,0,0,0
easyocr,p60_282,T2,L,baseline,p60_282#5,table_cell,0,0,0
easyocr,p60_282,T2,L,baseline,p60_282#6,table_cell,0,0,0
easyocr,p60_282,T2,L,baseline,p60_282#7,table_cell,0,0,0
easyocr,p60_282,T2,L,baseline,p60_282#8,lookup,0,0,0
easyocr,p60_282,T2,L,baseline,p60_282#9,lookup,0,0,0
easyocr,p60_282,T2,L,baseline,p60_282#10,table_cell,0,0,0
easyocr,p60_282,T2,L,baseline,p60_282#11,table_cell,0,0,0
easyocr,p60_282,T2,L,baseline,p60_282#12,table_cell,0,0,0
easyocr,p60_282,T2,L,baseline,p60_282#13,table_multi_row,0,0,0
easyocr,rfc9110,T1,XL,baseline,rfc9110#1,lookup,0,0,0
easyocr,rfc9110,T1,XL,baseline,rfc9110#2,lookup,0,0,0
easyocr,rfc9110,T1,XL,baseline,rfc9110#3,lookup,0,0,0
easyocr,rfc9110,T1,XL,baseline,rfc9110#4,table_cell,0,0,0
easyocr,rfc9110,T1,XL,baseline,rfc9110#5,table_cell,0,0,0
easyocr,rfc9110,T1,XL,baseline,rfc9110#6,table_multi_row,0,0,0
easyocr,rfc9110,T1,XL,baseline,rfc9110#7,lookup,0,0,0
easyocr,rfc9110,T1,XL,baseline,rfc9110#8,lookup,0,0,0
easyocr,rfc9110,T1,XL,baseline,rfc9110#9,lookup,0,0,0
easyocr,rfc9110,T1,XL,baseline,rfc9110#10,lookup,0,0,0
easyocr,rfc9110,T1,XL,baseline,rfc9110#11,lookup,0,0,0
easyocr,rfc9110,T1,XL,baseline,rfc9110#12,lookup,0,0,0
easyocr,rfc9112,T1,L,baseline,rfc9112#1,lookup,74,1,1
easyocr,rfc9112,T1,L,baseline,rfc9112#2,lookup,74,1,1
easyocr,rfc9112,T1,L,baseline,rfc9112#3,lookup,74,1,1
easyocr,rfc9112,T1,L,baseline,rfc9112#4,lookup,74,1,1
easyocr,rfc9112,T1,L,baseline,rfc9112#5,lookup,74,1,1
easyocr,rfc9112,T1,L,baseline,rfc9112#6,cross_page,74,1,1
easyocr,rfc9112,T1,L,baseline,rfc9112#7,lookup,74,0,0
easyocr,rfc9112,T1,L,baseline,rfc9112#8,lookup,74,1,1
easyocr,rfc9112,T1,L,baseline,rfc9112#9,lookup,74,1,1
easyocr,rfc9112,T1,L,baseline,rfc9112#10,lookup,74,1,1
easyocr,rfc9112,T1,L,baseline,rfc9112#11,lookup,74,1,1
easyocr,rfc9112,T1,L,baseline,rfc9112#12,lookup,74,1,1
easyocr,rfc9112,T1,L,baseline,rfc9112#13,lookup,74,1,1
easyocr,rfc9112,T1,L,baseline,rfc9112#14,lookup,74,1,1
easyocr,rfc9112,T1,L,baseline,rfc9112#15,lookup,74,1,1
easyocr,rfc9112,T1,L,baseline,rfc9112#16,lookup,74,1,1
easyocr,rfc9158,T1,S,baseline,rfc9158#1,lookup,5,1,1
easyocr,rfc9158,T1,S,baseline,rfc9158#2,lookup,5,1,1
easyocr,rfc9158,T1,S,baseline,rfc9158#3,lookup,5,1,1
easyocr,rfc9158,T1,S,baseline,rfc9158#4,lookup,5,1,1
easyocr,rfc9158,T1,S,baseline,rfc9158#5,table_multi_row,5,1,1
easyocr,rfc9158,T1,S,baseline,rfc9158#6,table_cell,5,1,1
easyocr,rfc9158,T1,S,baseline,rfc9158#7,lookup,5,1,1
easyocr,rfc9158,T1,S,baseline,rfc9158#8,lookup,5,1,1
easyocr,rfc9158,T1,S,baseline,rfc9158#9,cross_page,5,0,0
easyocr,rfc9457,T1,M,baseline,rfc9457#1,lookup,23,1,1
easyocr,rfc9457,T1,M,baseline,rfc9457#2,lookup,23,1,1
easyocr,rfc9457,T1,M,baseline,rfc9457#3,lookup,23,1,1
easyocr,rfc9457,T1,M,baseline,rfc9457#4,lookup,23,0,0
easyocr,rfc9457,T1,M,baseline,rfc9457#5,lookup,23,1,1
easyocr,rfc9457,T1,M,baseline,rfc9457#6,lookup,23,1,1
easyocr,rfc9457,T1,M,baseline,rfc9457#7,lookup,23,1,1
easyocr,rfc9457,T1,M,baseline,rfc9457#8,lookup,23,1,1
easyocr,rfc9457,T1,M,baseline,rfc9457#9,lookup,23,1,1
easyocr,rfc9457,T1,M,baseline,rfc9457#10,lookup,23,1,1
easyocr,rfc9457,T1,M,baseline,rfc9457#11,lookup,23,1,1
easyocr,scan_acsbr_023,T3,M,baseline,scan_acsbr_023#1,lookup,27,1,1
easyocr,scan_acsbr_023,T3,M,baseline,scan_acsbr_023#2,lookup,27,1,1
easyocr,scan_acsbr_023,T3,M,baseline,scan_acsbr_023#3,lookup,27,1,1
easyocr,scan_acsbr_023,T3,M,baseline,scan_acsbr_023#4,lookup,27,1,1
easyocr,scan_acsbr_023,T3,M,baseline,scan_acsbr_023#5,lookup,27,1,1
easyocr,scan_acsbr_023,T3,M,baseline,scan_acsbr_023#6,lookup,27,1,1
easyocr,scan_acsbr_023,T3,M,baseline,scan_acsbr_023#7,table_cell,27,1,1
easyocr,scan_acsbr_023,T3,M,baseline,scan_acsbr_023#8,table_cell,27,1,1
easyocr,scan_acsbr_023,T3,M,baseline,scan_acsbr_023#9,table_cell,27,0,1
easyocr,scan_acsbr_023,T3,M,baseline,scan_acsbr_023#10,table_cell,27,0,1
easyocr,scan_acsbr_023,T3,M,baseline,scan_acsbr_023#11,table_multi_row,27,0,1
easyocr,scan_acsbr_023,T3,M,baseline,scan_acsbr_023#12,table_cell,27,1,1
easyocr,scan_p60_282,T3,L,baseline,scan_p60_282#1,lookup,0,0,0
easyocr,scan_p60_282,T3,L,baseline,scan_p60_282#2,lookup,0,0,0
easyocr,scan_p60_282,T3,L,baseline,scan_p60_282#3,lookup,0,0,0
easyocr,scan_p60_282,T3,L,baseline,scan_p60_282#4,table_cell,0,0,0
easyocr,scan_p60_282,T3,L,baseline,scan_p60_282#5,table_cell,0,0,0
easyocr,scan_p60_282,T3,L,baseline,scan_p60_282#6,table_cell,0,0,0
easyocr,scan_p60_282,T3,L,baseline,scan_p60_282#7,table_cell,0,0,0
easyocr,scan_p60_282,T3,L,baseline,scan_p60_282#8,lookup,0,0,0
easyocr,scan_p60_282,T3,L,baseline,scan_p60_282#9,lookup,0,0,0
easyocr,scan_p60_282,T3,L,baseline,scan_p60_282#10,table_cell,0,0,0
easyocr,scan_p60_282,T3,L,baseline,scan_p60_282#11,table_cell,0,0,0
easyocr,scan_p60_282,T3,L,baseline,scan_p60_282#12,table_cell,0,0,0
easyocr,scan_p60_282,T3,L,baseline,scan_p60_282#13,table_multi_row,0,0,0
easyocr,scan_rfc9110,T3,XL,baseline,scan_rfc9110#1,lookup,0,0,0
easyocr,scan_rfc9110,T3,XL,baseline,scan_rfc9110#2,lookup,0,0,0
easyocr,scan_rfc9110,T3,XL,baseline,scan_rfc9110#3,lookup,0,0,0
easyocr,scan_rfc9110,T3,XL,baseline,scan_rfc9110#4,table_cell,0,0,0
easyocr,scan_rfc9110,T3,XL,baseline,scan_rfc9110#5,table_cell,0,0,0
easyocr,scan_rfc9110,T3,XL,baseline,scan_rfc9110#6,table_multi_row,0,0,0
easyocr,scan_rfc9110,T3,XL,baseline,scan_rfc9110#7,lookup,0,0,0
easyocr,scan_rfc9110,T3,XL,baseline,scan_rfc9110#8,lookup,0,0,0
easyocr,scan_rfc9110,T3,XL,baseline,scan_rfc9110#9,lookup,0,0,0
easyocr,scan_rfc9110,T3,XL,baseline,scan_rfc9110#10,lookup,0,0,0
easyocr,scan_rfc9110,T3,XL,baseline,scan_rfc9110#11,lookup,0,0,0
easyocr,scan_rfc9110,T3,XL,baseline,scan_rfc9110#12,lookup,0,0,0
easyocr,scan_rfc9158,T3,S,baseline,scan_rfc9158#1,lookup,5,1,1
easyocr,scan_rfc9158,T3,S,baseline,scan_rfc9158#2,lookup,5,1,1
easyocr,scan_rfc9158,T3,S,baseline,scan_rfc9158#3,lookup,5,1,1
easyocr,scan_rfc9158,T3,S,baseline,scan_rfc9158#4,lookup,5,1,1
easyocr,scan_rfc9158,T3,S,baseline,scan_rfc9158#5,table_multi_row,5,1,1
easyocr,scan_rfc9158,T3,S,baseline,scan_rfc9158#6,table_cell,5,1,1
easyocr,scan_rfc9158,T3,S,baseline,scan_rfc9158#7,lookup,5,1,1
easyocr,scan_rfc9158,T3,S,baseline,scan_rfc9158#8,lookup,5,1,1
easyocr,scan_rfc9158,T3,S,baseline,scan_rfc9158#9,cross_page,5,0,0
easyocr,scan_rfc9457,T3,M,baseline,scan_rfc9457#1,lookup,24,1,1
easyocr,scan_rfc9457,T3,M,baseline,scan_rfc9457#2,lookup,24,1,1
easyocr,scan_rfc9457,T3,M,baseline,scan_rfc9457#3,lookup,24,1,1
easyocr,scan_rfc9457,T3,M,baseline,scan_rfc9457#4,lookup,24,1,1
easyocr,scan_rfc9457,T3,M,baseline,scan_rfc9457#5,lookup,24,1,1
easyocr,scan_rfc9457,T3,M,baseline,scan_rfc9457#6,lookup,24,1,1
easyocr,scan_rfc9457,T3,M,baseline,scan_rfc9457#7,lookup,24,1,1
easyocr,scan_rfc9457,T3,M,baseline,scan_rfc9457#8,lookup,24,1,1
easyocr,scan_rfc9457,T3,M,baseline,scan_rfc9457#9,lookup,24,1,1
easyocr,scan_rfc9457,T3,M,baseline,scan_rfc9457#10,lookup,24,1,1
easyocr,scan_rfc9457,T3,M,baseline,scan_rfc9457#11,lookup,24,0,0
marker_noocr,acsbr_023,T2,M,baseline,acsbr_023#1,lookup,40,1,1
marker_noocr,acsbr_023,T2,M,baseline,acsbr_023#2,lookup,40,1,1
marker_noocr,acsbr_023,T2,M,baseline,acsbr_023#3,lookup,40,1,1
marker_noocr,acsbr_023,T2,M,baseline,acsbr_023#4,lookup,40,1,1
marker_noocr,acsbr_023,T2,M,baseline,acsbr_023#5,lookup,40,1,1
marker_noocr,acsbr_023,T2,M,baseline,acsbr_023#6,lookup,40,1,1
marker_noocr,acsbr_023,T2,M,baseline,acsbr_023#7,table_cell,40,1,1
marker_noocr,acsbr_023,T2,M,baseline,acsbr_023#8,table_cell,40,1,1
marker_noocr,acsbr_023,T2,M,baseline,acsbr_023#9,table_cell,40,0,1
marker_noocr,acsbr_023,T2,M,baseline,acsbr_023#10,table_cell,40,1,1
marker_noocr,acsbr_023,T2,M,baseline,acsbr_023#11,table_multi_row,40,1,1
marker_noocr,acsbr_023,T2,M,baseline,acsbr_023#12,table_cell,40,1,1
marker_noocr,erp2024_full,T2,XL,baseline,erp2024_full#1,lookup,0,0,0
marker_noocr,erp2024_full,T2,XL,baseline,erp2024_full#2,table_cell,0,0,0
marker_noocr,erp2024_full,T2,XL,baseline,erp2024_full#3,lookup,0,0,0
marker_noocr,erp2024_full,T2,XL,baseline,erp2024_full#4,table_cell,0,0,0
marker_noocr,erp2024_full,T2,XL,baseline,erp2024_full#5,table_cell,0,0,0
marker_noocr,erp2024_full,T2,XL,baseline,erp2024_full#6,table_cell,0,0,0
marker_noocr,erp2024_full,T2,XL,baseline,erp2024_full#7,table_multi_row,0,0,0
marker_noocr,erp2024_full,T2,XL,baseline,erp2024_full#8,lookup,0,0,0
marker_noocr,erp2024_full,T2,XL,baseline,erp2024_full#9,lookup,0,0,0
marker_noocr,erp2024_full,T2,XL,baseline,erp2024_full#10,table_cell,0,0,0
marker_noocr,erp2024_full,T2,XL,baseline,erp2024_full#11,table_cell,0,0,0
marker_noocr,erp2024_table1,T2,S,baseline,erp2024_table1#1,lookup,0,0,0
marker_noocr,erp2024_table1,T2,S,baseline,erp2024_table1#2,table_cell,0,0,0
marker_noocr,erp2024_table1,T2,S,baseline,erp2024_table1#3,table_cell,0,0,0
marker_noocr,erp2024_table1,T2,S,baseline,erp2024_table1#4,table_cell,0,0,0
marker_noocr,erp2024_table1,T2,S,baseline,erp2024_table1#5,table_cell,0,0,0
marker_noocr,erp2024_table1,T2,S,baseline,erp2024_table1#6,table_cell,0,0,0
marker_noocr,erp2024_table1,T2,S,baseline,erp2024_table1#7,table_cell,0,0,0
marker_noocr,erp2024_table1,T2,S,baseline,erp2024_table1#8,lookup,0,0,0
marker_noocr,erp2024_table1,T2,S,baseline,erp2024_table1#9,lookup,0,0,0
marker_noocr,erp2024_table3,T2,S,baseline,erp2024_table3#1,lookup,0,0,0
marker_noocr,erp2024_table3,T2,S,baseline,erp2024_table3#2,lookup,0,0,0
marker_noocr,erp2024_table3,T2,S,baseline,erp2024_table3#3,table_cell,0,0,0
marker_noocr,erp2024_table3,T2,S,baseline,erp2024_table3#4,table_cell,0,0,0
marker_noocr,erp2024_table3,T2,S,baseline,erp2024_table3#5,table_cell,0,0,0
marker_noocr,erp2024_table3,T2,S,baseline,erp2024_table3#6,table_cell,0,0,0
marker_noocr,erp2024_table3,T2,S,baseline,erp2024_table3#7,table_multi_row,0,0,0
marker_noocr,erp2024_table3,T2,S,baseline,erp2024_table3#8,table_cell,0,0,0
marker_noocr,erp2024_table3,T2,S,baseline,erp2024_table3#9,table_cell,0,0,0
marker_noocr,erp2024_table3,T2,S,baseline,erp2024_table3#10,table_cell,0,0,0
marker_noocr,gen_t2_long,T2,S,baseline,gen_t2_long#1,table_cell,6,1,1
marker_noocr,gen_t2_long,T2,S,baseline,gen_t2_long#2,table_cell,6,1,1
marker_noocr,gen_t2_long,T2,S,baseline,gen_t2_long#3,table_cell,6,1,1
marker_noocr,gen_t2_long,T2,S,baseline,gen_t2_long#4,table_cell,6,1,1
marker_noocr,gen_t2_merged,T2,S,baseline,gen_t2_merged#1,table_cell,3,1,1
marker_noocr,gen_t2_rotated,T2,S,baseline,gen_t2_rotated#1,table_cell,1,0,0
marker_noocr,gen_t2_rotated,T2,S,baseline,gen_t2_rotated#2,table_cell,1,0,0
marker_noocr,gen_t2_simple,T2,S,baseline,gen_t2_simple#1,table_cell,3,1,1
marker_noocr,gen_t2_simple,T2,S,baseline,gen_t2_simple#2,table_cell,3,1,1
marker_noocr,gen_t2_simple,T2,S,baseline,gen_t2_simple#3,table_cell,3,1,1
marker_noocr,gen_t4_bar,T4,S,baseline,gen_t4_bar#1,figure,1,0,0
marker_noocr,gen_t4_flow,T4,S,baseline,gen_t4_flow#1,figure,1,0,0
marker_noocr,gen_t4_line,T4,S,baseline,gen_t4_line#1,figure,1,0,0
marker_noocr,gen_t4_mixed,T4,S,baseline,gen_t4_mixed#1,table_cell,3,1,1
marker_noocr,nasa_se_handbook,T4,XL,baseline,nasa_se_handbook#1,lookup,801,1,1
marker_noocr,nasa_se_handbook,T4,XL,baseline,nasa_se_handbook#2,lookup,801,1,1
marker_noocr,nasa_se_handbook,T4,XL,baseline,nasa_se_handbook#3,figure,801,0,0
marker_noocr,nasa_se_handbook,T4,XL,baseline,nasa_se_handbook#4,lookup,801,1,1
marker_noocr,nasa_se_handbook,T4,XL,baseline,nasa_se_handbook#5,lookup,801,1,1
marker_noocr,nasa_se_handbook,T4,XL,baseline,nasa_se_handbook#6,table_multi_row,801,1,1
marker_noocr,nasa_se_handbook,T4,XL,baseline,nasa_se_handbook#7,lookup,801,1,1
marker_noocr,nasa_se_handbook,T4,XL,baseline,nasa_se_handbook#8,lookup,801,1,1
marker_noocr,nasa_se_handbook,T4,XL,baseline,nasa_se_handbook#9,lookup,801,0,0
marker_noocr,nasa_se_handbook,T4,XL,baseline,nasa_se_handbook#10,lookup,801,1,1
marker_noocr,nasa_se_handbook,T4,XL,baseline,nasa_se_handbook#11,lookup,801,1,1
marker_noocr,nasa_se_handbook,T4,XL,baseline,nasa_se_handbook#12,lookup,801,1,1
marker_noocr,nasa_tm100396,T4,L,baseline,nasa_tm100396#1,lookup,128,1,1
marker_noocr,nasa_tm100396,T4,L,baseline,nasa_tm100396#2,lookup,128,1,1
marker_noocr,nasa_tm100396,T4,L,baseline,nasa_tm100396#3,lookup,128,1,1
marker_noocr,nasa_tm100396,T4,L,baseline,nasa_tm100396#4,lookup,128,1,1
marker_noocr,nasa_tm100396,T4,L,baseline,nasa_tm100396#5,lookup,128,1,1
marker_noocr,nasa_tm100396,T4,L,baseline,nasa_tm100396#6,lookup,128,1,1
marker_noocr,nasa_tm100396,T4,L,baseline,nasa_tm100396#7,lookup,128,1,1
marker_noocr,nasa_tm100396,T4,L,baseline,nasa_tm100396#8,lookup,128,1,1
marker_noocr,nasa_tm100396,T4,L,baseline,nasa_tm100396#9,lookup,128,1,1
marker_noocr,nasa_tm100396,T4,L,baseline,nasa_tm100396#10,cross_page,128,0,0
marker_noocr,nasa_tm100396,T4,L,baseline,nasa_tm100396#11,lookup,128,1,1
marker_noocr,nasa_tm100396,T4,L,baseline,nasa_tm100396#12,table_cell,128,0,0
marker_noocr,nasa_tm104114,T4,XL,baseline,nasa_tm104114#1,lookup,139,1,1
marker_noocr,nasa_tm104114,T4,XL,baseline,nasa_tm104114#2,lookup,139,1,1
marker_noocr,nasa_tm104114,T4,XL,baseline,nasa_tm104114#3,lookup,139,0,0
marker_noocr,nasa_tm104114,T4,XL,baseline,nasa_tm104114#4,table_cell,139,0,0
marker_noocr,nasa_tm104114,T4,XL,baseline,nasa_tm104114#5,table_cell,139,0,0
marker_noocr,nasa_tm104114,T4,XL,baseline,nasa_tm104114#6,table_cell,139,0,0
marker_noocr,nasa_tm104114,T4,XL,baseline,nasa_tm104114#7,table_cell,139,0,0
marker_noocr,nasa_tm104114,T4,XL,baseline,nasa_tm104114#8,lookup,139,1,1
marker_noocr,nasa_tm104114,T4,XL,baseline,nasa_tm104114#9,lookup,139,0,0
marker_noocr,nasa_tm104114,T4,XL,baseline,nasa_tm104114#10,lookup,139,0,0
marker_noocr,nasa_tm104114,T4,XL,baseline,nasa_tm104114#11,lookup,139,0,0
marker_noocr,nasa_tm_x9471,T4,M,baseline,nasa_tm_x9471#1,lookup,14,1,1
marker_noocr,nasa_tm_x9471,T4,M,baseline,nasa_tm_x9471#2,lookup,14,1,1
marker_noocr,nasa_tm_x9471,T4,M,baseline,nasa_tm_x9471#3,lookup,14,1,1
marker_noocr,nasa_tm_x9471,T4,M,baseline,nasa_tm_x9471#4,lookup,14,1,1
marker_noocr,nasa_tm_x9471,T4,M,baseline,nasa_tm_x9471#5,lookup,14,1,1
marker_noocr,nasa_tm_x9471,T4,M,baseline,nasa_tm_x9471#6,lookup,14,1,1
marker_noocr,nasa_tm_x9471,T4,M,baseline,nasa_tm_x9471#7,lookup,14,1,1
marker_noocr,nasa_tm_x9471,T4,M,baseline,nasa_tm_x9471#8,lookup,14,1,1
marker_noocr,nasa_tm_x9471,T4,M,baseline,nasa_tm_x9471#9,lookup,14,1,1
marker_noocr,nasa_tm_x9471,T4,M,baseline,nasa_tm_x9471#10,figure,14,0,0
marker_noocr,nasa_tm_x9471,T4,M,baseline,nasa_tm_x9471#11,figure,14,0,0
marker_noocr,nasa_tm_x9471,T4,M,baseline,nasa_tm_x9471#12,figure,14,0,0
marker_noocr,nasa_webb_factsheet,T4,S,baseline,nasa_webb_factsheet#1,lookup,6,1,1
marker_noocr,nasa_webb_factsheet,T4,S,baseline,nasa_webb_factsheet#2,lookup,6,1,1
marker_noocr,nasa_webb_factsheet,T4,S,baseline,nasa_webb_factsheet#3,lookup,6,1,1
marker_noocr,nasa_webb_factsheet,T4,S,baseline,nasa_webb_factsheet#4,lookup,6,1,1
marker_noocr,nasa_webb_factsheet,T4,S,baseline,nasa_webb_factsheet#5,lookup,6,1,1
marker_noocr,nasa_webb_factsheet,T4,S,baseline,nasa_webb_factsheet#6,lookup,6,1,1
marker_noocr,nasa_webb_factsheet,T4,S,baseline,nasa_webb_factsheet#7,lookup,6,1,1
marker_noocr,nasa_webb_factsheet,T4,S,baseline,nasa_webb_factsheet#8,table_multi_row,6,1,1
marker_noocr,nasa_webb_factsheet,T4,S,baseline,nasa_webb_factsheet#9,figure,6,0,0
marker_noocr,nasa_webb_factsheet,T4,S,baseline,nasa_webb_factsheet#10,figure,6,0,0
marker_noocr,nasa_webb_factsheet,T4,S,baseline,nasa_webb_factsheet#11,figure,6,0,0
marker_noocr,nasa_webb_factsheet,T4,S,baseline,nasa_webb_factsheet#12,figure,6,0,0
marker_noocr,p60_282,T2,L,baseline,p60_282#1,lookup,262,1,1
marker_noocr,p60_282,T2,L,baseline,p60_282#2,lookup,262,1,1
marker_noocr,p60_282,T2,L,baseline,p60_282#3,lookup,262,1,1
marker_noocr,p60_282,T2,L,baseline,p60_282#4,table_cell,262,1,1
marker_noocr,p60_282,T2,L,baseline,p60_282#5,table_cell,262,1,1
marker_noocr,p60_282,T2,L,baseline,p60_282#6,table_cell,262,1,1
marker_noocr,p60_282,T2,L,baseline,p60_282#7,table_cell,262,0,0
marker_noocr,p60_282,T2,L,baseline,p60_282#8,lookup,262,1,1
marker_noocr,p60_282,T2,L,baseline,p60_282#9,lookup,262,1,1
marker_noocr,p60_282,T2,L,baseline,p60_282#10,table_cell,262,0,0
marker_noocr,p60_282,T2,L,baseline,p60_282#11,table_cell,262,1,1
marker_noocr,p60_282,T2,L,baseline,p60_282#12,table_cell,262,1,1
marker_noocr,p60_282,T2,L,baseline,p60_282#13,table_multi_row,262,1,1
marker_noocr,rfc9110,T1,XL,baseline,rfc9110#1,lookup,521,1,1
marker_noocr,rfc9110,T1,XL,baseline,rfc9110#2,lookup,521,0,0
marker_noocr,rfc9110,T1,XL,baseline,rfc9110#3,lookup,521,1,1
marker_noocr,rfc9110,T1,XL,baseline,rfc9110#4,table_cell,521,0,1
marker_noocr,rfc9110,T1,XL,baseline,rfc9110#5,table_cell,521,1,1
marker_noocr,rfc9110,T1,XL,baseline,rfc9110#6,table_multi_row,521,1,1
marker_noocr,rfc9110,T1,XL,baseline,rfc9110#7,lookup,521,1,1
marker_noocr,rfc9110,T1,XL,baseline,rfc9110#8,lookup,521,1,1
marker_noocr,rfc9110,T1,XL,baseline,rfc9110#9,lookup,521,0,0
marker_noocr,rfc9110,T1,XL,baseline,rfc9110#10,lookup,521,0,0
marker_noocr,rfc9110,T1,XL,baseline,rfc9110#11,lookup,521,1,1
marker_noocr,rfc9110,T1,XL,baseline,rfc9110#12,lookup,521,1,1
marker_noocr,rfc9112,T1,L,baseline,rfc9112#1,lookup,118,1,1
marker_noocr,rfc9112,T1,L,baseline,rfc9112#2,lookup,118,1,1
marker_noocr,rfc9112,T1,L,baseline,rfc9112#3,lookup,118,1,1
marker_noocr,rfc9112,T1,L,baseline,rfc9112#4,lookup,118,1,1
marker_noocr,rfc9112,T1,L,baseline,rfc9112#5,lookup,118,1,1
marker_noocr,rfc9112,T1,L,baseline,rfc9112#6,cross_page,118,1,1
marker_noocr,rfc9112,T1,L,baseline,rfc9112#7,lookup,118,1,1
marker_noocr,rfc9112,T1,L,baseline,rfc9112#8,lookup,118,1,1
marker_noocr,rfc9112,T1,L,baseline,rfc9112#9,lookup,118,1,1
marker_noocr,rfc9112,T1,L,baseline,rfc9112#10,lookup,118,1,1
marker_noocr,rfc9112,T1,L,baseline,rfc9112#11,lookup,118,1,1
marker_noocr,rfc9112,T1,L,baseline,rfc9112#12,lookup,118,1,1
marker_noocr,rfc9112,T1,L,baseline,rfc9112#13,lookup,118,1,1
marker_noocr,rfc9112,T1,L,baseline,rfc9112#14,lookup,118,0,0
marker_noocr,rfc9112,T1,L,baseline,rfc9112#15,lookup,118,0,0
marker_noocr,rfc9112,T1,L,baseline,rfc9112#16,lookup,118,1,1
marker_noocr,rfc9158,T1,S,baseline,rfc9158#1,lookup,12,1,1
marker_noocr,rfc9158,T1,S,baseline,rfc9158#2,lookup,12,1,1
marker_noocr,rfc9158,T1,S,baseline,rfc9158#3,lookup,12,1,1
marker_noocr,rfc9158,T1,S,baseline,rfc9158#4,lookup,12,1,1
marker_noocr,rfc9158,T1,S,baseline,rfc9158#5,table_multi_row,12,0,1
marker_noocr,rfc9158,T1,S,baseline,rfc9158#6,table_cell,12,1,1
marker_noocr,rfc9158,T1,S,baseline,rfc9158#7,lookup,12,1,1
marker_noocr,rfc9158,T1,S,baseline,rfc9158#8,lookup,12,1,1
marker_noocr,rfc9158,T1,S,baseline,rfc9158#9,cross_page,12,0,0
marker_noocr,rfc9457,T1,M,baseline,rfc9457#1,lookup,41,1,1
marker_noocr,rfc9457,T1,M,baseline,rfc9457#2,lookup,41,1,1
marker_noocr,rfc9457,T1,M,baseline,rfc9457#3,lookup,41,1,1
marker_noocr,rfc9457,T1,M,baseline,rfc9457#4,lookup,41,1,1
marker_noocr,rfc9457,T1,M,baseline,rfc9457#5,lookup,41,1,1
marker_noocr,rfc9457,T1,M,baseline,rfc9457#6,lookup,41,1,1
marker_noocr,rfc9457,T1,M,baseline,rfc9457#7,lookup,41,1,1
marker_noocr,rfc9457,T1,M,baseline,rfc9457#8,lookup,41,1,1
marker_noocr,rfc9457,T1,M,baseline,rfc9457#9,lookup,41,1,1
marker_noocr,rfc9457,T1,M,baseline,rfc9457#10,lookup,41,1,1
marker_noocr,rfc9457,T1,M,baseline,rfc9457#11,lookup,41,1,1
marker_noocr,scan_acsbr_023,T3,M,baseline,scan_acsbr_023#1,lookup,1,0,0
marker_noocr,scan_acsbr_023,T3,M,baseline,scan_acsbr_023#2,lookup,1,0,0
marker_noocr,scan_acsbr_023,T3,M,baseline,scan_acsbr_023#3,lookup,1,0,0
marker_noocr,scan_acsbr_023,T3,M,baseline,scan_acsbr_023#4,lookup,1,0,0
marker_noocr,scan_acsbr_023,T3,M,baseline,scan_acsbr_023#5,lookup,1,0,0
marker_noocr,scan_acsbr_023,T3,M,baseline,scan_acsbr_023#6,lookup,1,0,0
marker_noocr,scan_acsbr_023,T3,M,baseline,scan_acsbr_023#7,table_cell,1,0,0
marker_noocr,scan_acsbr_023,T3,M,baseline,scan_acsbr_023#8,table_cell,1,0,0
marker_noocr,scan_acsbr_023,T3,M,baseline,scan_acsbr_023#9,table_cell,1,0,0
marker_noocr,scan_acsbr_023,T3,M,baseline,scan_acsbr_023#10,table_cell,1,0,0
marker_noocr,scan_acsbr_023,T3,M,baseline,scan_acsbr_023#11,table_multi_row,1,0,0
marker_noocr,scan_acsbr_023,T3,M,baseline,scan_acsbr_023#12,table_cell,1,0,0
marker_noocr,scan_p60_282,T3,L,baseline,scan_p60_282#1,lookup,1,0,0
marker_noocr,scan_p60_282,T3,L,baseline,scan_p60_282#2,lookup,1,0,0
marker_noocr,scan_p60_282,T3,L,baseline,scan_p60_282#3,lookup,1,0,0
marker_noocr,scan_p60_282,T3,L,baseline,scan_p60_282#4,table_cell,1,0,0
marker_noocr,scan_p60_282,T3,L,baseline,scan_p60_282#5,table_cell,1,0,0
marker_noocr,scan_p60_282,T3,L,baseline,scan_p60_282#6,table_cell,1,0,0
marker_noocr,scan_p60_282,T3,L,baseline,scan_p60_282#7,table_cell,1,0,0
marker_noocr,scan_p60_282,T3,L,baseline,scan_p60_282#8,lookup,1,0,0
marker_noocr,scan_p60_282,T3,L,baseline,scan_p60_282#9,lookup,1,0,0
marker_noocr,scan_p60_282,T3,L,baseline,scan_p60_282#10,table_cell,1,0,0
marker_noocr,scan_p60_282,T3,L,baseline,scan_p60_282#11,table_cell,1,0,0
marker_noocr,scan_p60_282,T3,L,baseline,scan_p60_282#12,table_cell,1,0,0
marker_noocr,scan_p60_282,T3,L,baseline,scan_p60_282#13,table_multi_row,1,0,0
marker_noocr,scan_rfc9110,T3,XL,baseline,scan_rfc9110#1,lookup,0,0,0
marker_noocr,scan_rfc9110,T3,XL,baseline,scan_rfc9110#2,lookup,0,0,0
marker_noocr,scan_rfc9110,T3,XL,baseline,scan_rfc9110#3,lookup,0,0,0
marker_noocr,scan_rfc9110,T3,XL,baseline,scan_rfc9110#4,table_cell,0,0,0
marker_noocr,scan_rfc9110,T3,XL,baseline,scan_rfc9110#5,table_cell,0,0,0
marker_noocr,scan_rfc9110,T3,XL,baseline,scan_rfc9110#6,table_multi_row,0,0,0
marker_noocr,scan_rfc9110,T3,XL,baseline,scan_rfc9110#7,lookup,0,0,0
marker_noocr,scan_rfc9110,T3,XL,baseline,scan_rfc9110#8,lookup,0,0,0
marker_noocr,scan_rfc9110,T3,XL,baseline,scan_rfc9110#9,lookup,0,0,0
marker_noocr,scan_rfc9110,T3,XL,baseline,scan_rfc9110#10,lookup,0,0,0
marker_noocr,scan_rfc9110,T3,XL,baseline,scan_rfc9110#11,lookup,0,0,0
marker_noocr,scan_rfc9110,T3,XL,baseline,scan_rfc9110#12,lookup,0,0,0
marker_noocr,scan_rfc9158,T3,S,baseline,scan_rfc9158#1,lookup,0,0,0
marker_noocr,scan_rfc9158,T3,S,baseline,scan_rfc9158#2,lookup,0,0,0
marker_noocr,scan_rfc9158,T3,S,baseline,scan_rfc9158#3,lookup,0,0,0
marker_noocr,scan_rfc9158,T3,S,baseline,scan_rfc9158#4,lookup,0,0,0
marker_noocr,scan_rfc9158,T3,S,baseline,scan_rfc9158#5,table_multi_row,0,0,0
marker_noocr,scan_rfc9158,T3,S,baseline,scan_rfc9158#6,table_cell,0,0,0
marker_noocr,scan_rfc9158,T3,S,baseline,scan_rfc9158#7,lookup,0,0,0
marker_noocr,scan_rfc9158,T3,S,baseline,scan_rfc9158#8,lookup,0,0,0
marker_noocr,scan_rfc9158,T3,S,baseline,scan_rfc9158#9,cross_page,0,0,0
marker_noocr,scan_rfc9457,T3,M,baseline,scan_rfc9457#1,lookup,0,0,0
marker_noocr,scan_rfc9457,T3,M,baseline,scan_rfc9457#2,lookup,0,0,0
marker_noocr,scan_rfc9457,T3,M,baseline,scan_rfc9457#3,lookup,0,0,0
marker_noocr,scan_rfc9457,T3,M,baseline,scan_rfc9457#4,lookup,0,0,0
marker_noocr,scan_rfc9457,T3,M,baseline,scan_rfc9457#5,lookup,0,0,0
marker_noocr,scan_rfc9457,T3,M,baseline,scan_rfc9457#6,lookup,0,0,0
marker_noocr,scan_rfc9457,T3,M,baseline,scan_rfc9457#7,lookup,0,0,0
marker_noocr,scan_rfc9457,T3,M,baseline,scan_rfc9457#8,lookup,0,0,0
marker_noocr,scan_rfc9457,T3,M,baseline,scan_rfc9457#9,lookup,0,0,0
marker_noocr,scan_rfc9457,T3,M,baseline,scan_rfc9457#10,lookup,0,0,0
marker_noocr,scan_rfc9457,T3,M,baseline,scan_rfc9457#11,lookup,0,0,0
mineru,acsbr_023,T2,M,baseline,acsbr_023#1,lookup,50,1,1
mineru,acsbr_023,T2,M,baseline,acsbr_023#2,lookup,50,1,1
mineru,acsbr_023,T2,M,baseline,acsbr_023#3,lookup,50,1,1
mineru,acsbr_023,T2,M,baseline,acsbr_023#4,lookup,50,1,1
mineru,acsbr_023,T2,M,baseline,acsbr_023#5,lookup,50,1,1
mineru,acsbr_023,T2,M,baseline,acsbr_023#6,lookup,50,1,1
mineru,acsbr_023,T2,M,baseline,acsbr_023#7,table_cell,50,1,1
mineru,acsbr_023,T2,M,baseline,acsbr_023#8,table_cell,50,0,0
mineru,acsbr_023,T2,M,baseline,acsbr_023#9,table_cell,50,0,0
mineru,acsbr_023,T2,M,baseline,acsbr_023#10,table_cell,50,1,1
mineru,acsbr_023,T2,M,baseline,acsbr_023#11,table_multi_row,50,0,1
mineru,acsbr_023,T2,M,baseline,acsbr_023#12,table_cell,50,1,1
mineru,erp2024_full,T2,XL,baseline,erp2024_full#1,lookup,0,0,0
mineru,erp2024_full,T2,XL,baseline,erp2024_full#2,table_cell,0,0,0
mineru,erp2024_full,T2,XL,baseline,erp2024_full#3,lookup,0,0,0
mineru,erp2024_full,T2,XL,baseline,erp2024_full#4,table_cell,0,0,0
mineru,erp2024_full,T2,XL,baseline,erp2024_full#5,table_cell,0,0,0
mineru,erp2024_full,T2,XL,baseline,erp2024_full#6,table_cell,0,0,0
mineru,erp2024_full,T2,XL,baseline,erp2024_full#7,table_multi_row,0,0,0
mineru,erp2024_full,T2,XL,baseline,erp2024_full#8,lookup,0,0,0
mineru,erp2024_full,T2,XL,baseline,erp2024_full#9,lookup,0,0,0
mineru,erp2024_full,T2,XL,baseline,erp2024_full#10,table_cell,0,0,0
mineru,erp2024_full,T2,XL,baseline,erp2024_full#11,table_cell,0,0,0
mineru,erp2024_table1,T2,S,baseline,erp2024_table1#1,lookup,15,1,1
mineru,erp2024_table1,T2,S,baseline,erp2024_table1#2,table_cell,15,1,1
mineru,erp2024_table1,T2,S,baseline,erp2024_table1#3,table_cell,15,0,0
mineru,erp2024_table1,T2,S,baseline,erp2024_table1#4,table_cell,15,0,0
mineru,erp2024_table1,T2,S,baseline,erp2024_table1#5,table_cell,15,0,1
mineru,erp2024_table1,T2,S,baseline,erp2024_table1#6,table_cell,15,0,0
mineru,erp2024_table1,T2,S,baseline,erp2024_table1#7,table_cell,15,0,0
mineru,erp2024_table1,T2,S,baseline,erp2024_table1#8,lookup,15,1,1
mineru,erp2024_table1,T2,S,baseline,erp2024_table1#9,lookup,15,1,1
mineru,erp2024_table3,T2,S,baseline,erp2024_table3#1,lookup,35,1,1
mineru,erp2024_table3,T2,S,baseline,erp2024_table3#2,lookup,35,0,0
mineru,erp2024_table3,T2,S,baseline,erp2024_table3#3,table_cell,35,0,0
mineru,erp2024_table3,T2,S,baseline,erp2024_table3#4,table_cell,35,0,0
mineru,erp2024_table3,T2,S,baseline,erp2024_table3#5,table_cell,35,0,0
mineru,erp2024_table3,T2,S,baseline,erp2024_table3#6,table_cell,35,0,0
mineru,erp2024_table3,T2,S,baseline,erp2024_table3#7,table_multi_row,35,0,0
mineru,erp2024_table3,T2,S,baseline,erp2024_table3#8,table_cell,35,0,0
mineru,erp2024_table3,T2,S,baseline,erp2024_table3#9,table_cell,35,0,0
mineru,erp2024_table3,T2,S,baseline,erp2024_table3#10,table_cell,35,0,0
mineru,gen_t2_long,T2,S,baseline,gen_t2_long#1,table_cell,12,1,1
mineru,gen_t2_long,T2,S,baseline,gen_t2_long#2,table_cell,12,1,1
mineru,gen_t2_long,T2,S,baseline,gen_t2_long#3,table_cell,12,1,1
mineru,gen_t2_long,T2,S,baseline,gen_t2_long#4,table_cell,12,1,1
mineru,gen_t2_merged,T2,S,baseline,gen_t2_merged#1,table_cell,3,1,1
mineru,gen_t2_rotated,T2,S,baseline,gen_t2_rotated#1,table_cell,3,1,1
mineru,gen_t2_rotated,T2,S,baseline,gen_t2_rotated#2,table_cell,3,1,1
mineru,gen_t2_simple,T2,S,baseline,gen_t2_simple#1,table_cell,3,1,1
mineru,gen_t2_simple,T2,S,baseline,gen_t2_simple#2,table_cell,3,1,1
mineru,gen_t2_simple,T2,S,baseline,gen_t2_simple#3,table_cell,3,1,1
mineru,gen_t4_bar,T4,S,baseline,gen_t4_bar#1,figure,1,0,0
mineru,gen_t4_flow,T4,S,baseline,gen_t4_flow#1,figure,1,0,0
mineru,gen_t4_line,T4,S,baseline,gen_t4_line#1,figure,1,0,0
mineru,gen_t4_mixed,T4,S,baseline,gen_t4_mixed#1,table_cell,2,1,1
mineru,nasa_se_handbook,T4,XL,baseline,nasa_se_handbook#1,lookup,0,0,0
mineru,nasa_se_handbook,T4,XL,baseline,nasa_se_handbook#2,lookup,0,0,0
mineru,nasa_se_handbook,T4,XL,baseline,nasa_se_handbook#3,figure,0,0,0
mineru,nasa_se_handbook,T4,XL,baseline,nasa_se_handbook#4,lookup,0,0,0
mineru,nasa_se_handbook,T4,XL,baseline,nasa_se_handbook#5,lookup,0,0,0
mineru,nasa_se_handbook,T4,XL,baseline,nasa_se_handbook#6,table_multi_row,0,0,0
mineru,nasa_se_handbook,T4,XL,baseline,nasa_se_handbook#7,lookup,0,0,0
mineru,nasa_se_handbook,T4,XL,baseline,nasa_se_handbook#8,lookup,0,0,0
mineru,nasa_se_handbook,T4,XL,baseline,nasa_se_handbook#9,lookup,0,0,0
mineru,nasa_se_handbook,T4,XL,baseline,nasa_se_handbook#10,lookup,0,0,0
mineru,nasa_se_handbook,T4,XL,baseline,nasa_se_handbook#11,lookup,0,0,0
mineru,nasa_se_handbook,T4,XL,baseline,nasa_se_handbook#12,lookup,0,0,0
mineru,nasa_tm100396,T4,L,baseline,nasa_tm100396#1,lookup,0,0,0
mineru,nasa_tm100396,T4,L,baseline,nasa_tm100396#2,lookup,0,0,0
mineru,nasa_tm100396,T4,L,baseline,nasa_tm100396#3,lookup,0,0,0
mineru,nasa_tm100396,T4,L,baseline,nasa_tm100396#4,lookup,0,0,0
mineru,nasa_tm100396,T4,L,baseline,nasa_tm100396#5,lookup,0,0,0
mineru,nasa_tm100396,T4,L,baseline,nasa_tm100396#6,lookup,0,0,0
mineru,nasa_tm100396,T4,L,baseline,nasa_tm100396#7,lookup,0,0,0
mineru,nasa_tm100396,T4,L,baseline,nasa_tm100396#8,lookup,0,0,0
mineru,nasa_tm100396,T4,L,baseline,nasa_tm100396#9,lookup,0,0,0
mineru,nasa_tm100396,T4,L,baseline,nasa_tm100396#10,cross_page,0,0,0
mineru,nasa_tm100396,T4,L,baseline,nasa_tm100396#11,lookup,0,0,0
mineru,nasa_tm100396,T4,L,baseline,nasa_tm100396#12,table_cell,0,0,0
mineru,nasa_tm104114,T4,XL,baseline,nasa_tm104114#1,lookup,0,0,0
mineru,nasa_tm104114,T4,XL,baseline,nasa_tm104114#2,lookup,0,0,0
mineru,nasa_tm104114,T4,XL,baseline,nasa_tm104114#3,lookup,0,0,0
mineru,nasa_tm104114,T4,XL,baseline,nasa_tm104114#4,table_cell,0,0,0
mineru,nasa_tm104114,T4,XL,baseline,nasa_tm104114#5,table_cell,0,0,0
mineru,nasa_tm104114,T4,XL,baseline,nasa_tm104114#6,table_cell,0,0,0
mineru,nasa_tm104114,T4,XL,baseline,nasa_tm104114#7,table_cell,0,0,0
mineru,nasa_tm104114,T4,XL,baseline,nasa_tm104114#8,lookup,0,0,0
mineru,nasa_tm104114,T4,XL,baseline,nasa_tm104114#9,lookup,0,0,0
mineru,nasa_tm104114,T4,XL,baseline,nasa_tm104114#10,lookup,0,0,0
mineru,nasa_tm104114,T4,XL,baseline,nasa_tm104114#11,lookup,0,0,0
mineru,nasa_tm_x9471,T4,M,baseline,nasa_tm_x9471#1,lookup,15,1,1
mineru,nasa_tm_x9471,T4,M,baseline,nasa_tm_x9471#2,lookup,15,1,1
mineru,nasa_tm_x9471,T4,M,baseline,nasa_tm_x9471#3,lookup,15,1,1
mineru,nasa_tm_x9471,T4,M,baseline,nasa_tm_x9471#4,lookup,15,1,1
mineru,nasa_tm_x9471,T4,M,baseline,nasa_tm_x9471#5,lookup,15,1,1
mineru,nasa_tm_x9471,T4,M,baseline,nasa_tm_x9471#6,lookup,15,1,1
mineru,nasa_tm_x9471,T4,M,baseline,nasa_tm_x9471#7,lookup,15,1,1
mineru,nasa_tm_x9471,T4,M,baseline,nasa_tm_x9471#8,lookup,15,1,1
mineru,nasa_tm_x9471,T4,M,baseline,nasa_tm_x9471#9,lookup,15,1,1
mineru,nasa_tm_x9471,T4,M,baseline,nasa_tm_x9471#10,figure,15,0,0
mineru,nasa_tm_x9471,T4,M,baseline,nasa_tm_x9471#11,figure,15,0,0
mineru,nasa_tm_x9471,T4,M,baseline,nasa_tm_x9471#12,figure,15,0,0
mineru,nasa_webb_factsheet,T4,S,baseline,nasa_webb_factsheet#1,lookup,4,1,1
mineru,nasa_webb_factsheet,T4,S,baseline,nasa_webb_factsheet#2,lookup,4,1,1
mineru,nasa_webb_factsheet,T4,S,baseline,nasa_webb_factsheet#3,lookup,4,1,1
mineru,nasa_webb_factsheet,T4,S,baseline,nasa_webb_factsheet#4,lookup,4,1,1
mineru,nasa_webb_factsheet,T4,S,baseline,nasa_webb_factsheet#5,lookup,4,1,1
mineru,nasa_webb_factsheet,T4,S,baseline,nasa_webb_factsheet#6,lookup,4,1,1
mineru,nasa_webb_factsheet,T4,S,baseline,nasa_webb_factsheet#7,lookup,4,1,1
mineru,nasa_webb_factsheet,T4,S,baseline,nasa_webb_factsheet#8,table_multi_row,4,1,1
mineru,nasa_webb_factsheet,T4,S,baseline,nasa_webb_factsheet#9,figure,4,1,1
mineru,nasa_webb_factsheet,T4,S,baseline,nasa_webb_factsheet#10,figure,4,1,1
mineru,nasa_webb_factsheet,T4,S,baseline,nasa_webb_factsheet#11,figure,4,1,1
mineru,nasa_webb_factsheet,T4,S,baseline,nasa_webb_factsheet#12,figure,4,1,1
mineru,p60_282,T2,L,baseline,p60_282#1,lookup,0,0,0
mineru,p60_282,T2,L,baseline,p60_282#2,lookup,0,0,0
mineru,p60_282,T2,L,baseline,p60_282#3,lookup,0,0,0
mineru,p60_282,T2,L,baseline,p60_282#4,table_cell,0,0,0
mineru,p60_282,T2,L,baseline,p60_282#5,table_cell,0,0,0
mineru,p60_282,T2,L,baseline,p60_282#6,table_cell,0,0,0
mineru,p60_282,T2,L,baseline,p60_282#7,table_cell,0,0,0
mineru,p60_282,T2,L,baseline,p60_282#8,lookup,0,0,0
mineru,p60_282,T2,L,baseline,p60_282#9,lookup,0,0,0
mineru,p60_282,T2,L,baseline,p60_282#10,table_cell,0,0,0
mineru,p60_282,T2,L,baseline,p60_282#11,table_cell,0,0,0
mineru,p60_282,T2,L,baseline,p60_282#12,table_cell,0,0,0
mineru,p60_282,T2,L,baseline,p60_282#13,table_multi_row,0,0,0
mineru,rfc9110,T1,XL,baseline,rfc9110#1,lookup,0,0,0
mineru,rfc9110,T1,XL,baseline,rfc9110#2,lookup,0,0,0
mineru,rfc9110,T1,XL,baseline,rfc9110#3,lookup,0,0,0
mineru,rfc9110,T1,XL,baseline,rfc9110#4,table_cell,0,0,0
mineru,rfc9110,T1,XL,baseline,rfc9110#5,table_cell,0,0,0
mineru,rfc9110,T1,XL,baseline,rfc9110#6,table_multi_row,0,0,0
mineru,rfc9110,T1,XL,baseline,rfc9110#7,lookup,0,0,0
mineru,rfc9110,T1,XL,baseline,rfc9110#8,lookup,0,0,0
mineru,rfc9110,T1,XL,baseline,rfc9110#9,lookup,0,0,0
mineru,rfc9110,T1,XL,baseline,rfc9110#10,lookup,0,0,0
mineru,rfc9110,T1,XL,baseline,rfc9110#11,lookup,0,0,0
mineru,rfc9110,T1,XL,baseline,rfc9110#12,lookup,0,0,0
mineru,rfc9112,T1,L,baseline,rfc9112#1,lookup,0,0,0
mineru,rfc9112,T1,L,baseline,rfc9112#2,lookup,0,0,0
mineru,rfc9112,T1,L,baseline,rfc9112#3,lookup,0,0,0
mineru,rfc9112,T1,L,baseline,rfc9112#4,lookup,0,0,0
mineru,rfc9112,T1,L,baseline,rfc9112#5,lookup,0,0,0
mineru,rfc9112,T1,L,baseline,rfc9112#6,cross_page,0,0,0
mineru,rfc9112,T1,L,baseline,rfc9112#7,lookup,0,0,0
mineru,rfc9112,T1,L,baseline,rfc9112#8,lookup,0,0,0
mineru,rfc9112,T1,L,baseline,rfc9112#9,lookup,0,0,0
mineru,rfc9112,T1,L,baseline,rfc9112#10,lookup,0,0,0
mineru,rfc9112,T1,L,baseline,rfc9112#11,lookup,0,0,0
mineru,rfc9112,T1,L,baseline,rfc9112#12,lookup,0,0,0
mineru,rfc9112,T1,L,baseline,rfc9112#13,lookup,0,0,0
mineru,rfc9112,T1,L,baseline,rfc9112#14,lookup,0,0,0
mineru,rfc9112,T1,L,baseline,rfc9112#15,lookup,0,0,0
mineru,rfc9112,T1,L,baseline,rfc9112#16,lookup,0,0,0
mineru,rfc9158,T1,S,baseline,rfc9158#1,lookup,12,1,1
mineru,rfc9158,T1,S,baseline,rfc9158#2,lookup,12,1,1
mineru,rfc9158,T1,S,baseline,rfc9158#3,lookup,12,1,1
mineru,rfc9158,T1,S,baseline,rfc9158#4,lookup,12,1,1
mineru,rfc9158,T1,S,baseline,rfc9158#5,table_multi_row,12,1,1
mineru,rfc9158,T1,S,baseline,rfc9158#6,table_cell,12,1,1
mineru,rfc9158,T1,S,baseline,rfc9158#7,lookup,12,1,1
mineru,rfc9158,T1,S,baseline,rfc9158#8,lookup,12,1,1
mineru,rfc9158,T1,S,baseline,rfc9158#9,cross_page,12,0,0
mineru,rfc9457,T1,M,baseline,rfc9457#1,lookup,45,1,1
mineru,rfc9457,T1,M,baseline,rfc9457#2,lookup,45,1,1
mineru,rfc9457,T1,M,baseline,rfc9457#3,lookup,45,1,1
mineru,rfc9457,T1,M,baseline,rfc9457#4,lookup,45,1,1
mineru,rfc9457,T1,M,baseline,rfc9457#5,lookup,45,1,1
mineru,rfc9457,T1,M,baseline,rfc9457#6,lookup,45,1,1
mineru,rfc9457,T1,M,baseline,rfc9457#7,lookup,45,1,1
mineru,rfc9457,T1,M,baseline,rfc9457#8,lookup,45,1,1
mineru,rfc9457,T1,M,baseline,rfc9457#9,lookup,45,1,1
mineru,rfc9457,T1,M,baseline,rfc9457#10,lookup,45,1,1
mineru,rfc9457,T1,M,baseline,rfc9457#11,lookup,45,1,1
mineru,scan_acsbr_023,T3,M,baseline,scan_acsbr_023#1,lookup,50,1,1
mineru,scan_acsbr_023,T3,M,baseline,scan_acsbr_023#2,lookup,50,1,1
mineru,scan_acsbr_023,T3,M,baseline,scan_acsbr_023#3,lookup,50,1,1
mineru,scan_acsbr_023,T3,M,baseline,scan_acsbr_023#4,lookup,50,1,1
mineru,scan_acsbr_023,T3,M,baseline,scan_acsbr_023#5,lookup,50,1,1
mineru,scan_acsbr_023,T3,M,baseline,scan_acsbr_023#6,lookup,50,1,1
mineru,scan_acsbr_023,T3,M,baseline,scan_acsbr_023#7,table_cell,50,1,1
mineru,scan_acsbr_023,T3,M,baseline,scan_acsbr_023#8,table_cell,50,0,0
mineru,scan_acsbr_023,T3,M,baseline,scan_acsbr_023#9,table_cell,50,0,1
mineru,scan_acsbr_023,T3,M,baseline,scan_acsbr_023#10,table_cell,50,1,1
mineru,scan_acsbr_023,T3,M,baseline,scan_acsbr_023#11,table_multi_row,50,0,1
mineru,scan_acsbr_023,T3,M,baseline,scan_acsbr_023#12,table_cell,50,1,1
mineru,scan_p60_282,T3,L,baseline,scan_p60_282#1,lookup,0,0,0
mineru,scan_p60_282,T3,L,baseline,scan_p60_282#2,lookup,0,0,0
mineru,scan_p60_282,T3,L,baseline,scan_p60_282#3,lookup,0,0,0
mineru,scan_p60_282,T3,L,baseline,scan_p60_282#4,table_cell,0,0,0
mineru,scan_p60_282,T3,L,baseline,scan_p60_282#5,table_cell,0,0,0
mineru,scan_p60_282,T3,L,baseline,scan_p60_282#6,table_cell,0,0,0
mineru,scan_p60_282,T3,L,baseline,scan_p60_282#7,table_cell,0,0,0
mineru,scan_p60_282,T3,L,baseline,scan_p60_282#8,lookup,0,0,0
mineru,scan_p60_282,T3,L,baseline,scan_p60_282#9,lookup,0,0,0
mineru,scan_p60_282,T3,L,baseline,scan_p60_282#10,table_cell,0,0,0
mineru,scan_p60_282,T3,L,baseline,scan_p60_282#11,table_cell,0,0,0
mineru,scan_p60_282,T3,L,baseline,scan_p60_282#12,table_cell,0,0,0
mineru,scan_p60_282,T3,L,baseline,scan_p60_282#13,table_multi_row,0,0,0
mineru,scan_rfc9110,T3,XL,baseline,scan_rfc9110#1,lookup,0,0,0
mineru,scan_rfc9110,T3,XL,baseline,scan_rfc9110#2,lookup,0,0,0
mineru,scan_rfc9110,T3,XL,baseline,scan_rfc9110#3,lookup,0,0,0
mineru,scan_rfc9110,T3,XL,baseline,scan_rfc9110#4,table_cell,0,0,0
mineru,scan_rfc9110,T3,XL,baseline,scan_rfc9110#5,table_cell,0,0,0
mineru,scan_rfc9110,T3,XL,baseline,scan_rfc9110#6,table_multi_row,0,0,0
mineru,scan_rfc9110,T3,XL,baseline,scan_rfc9110#7,lookup,0,0,0
mineru,scan_rfc9110,T3,XL,baseline,scan_rfc9110#8,lookup,0,0,0
mineru,scan_rfc9110,T3,XL,baseline,scan_rfc9110#9,lookup,0,0,0
mineru,scan_rfc9110,T3,XL,baseline,scan_rfc9110#10,lookup,0,0,0
mineru,scan_rfc9110,T3,XL,baseline,scan_rfc9110#11,lookup,0,0,0
mineru,scan_rfc9110,T3,XL,baseline,scan_rfc9110#12,lookup,0,0,0
mineru,scan_rfc9158,T3,S,baseline,scan_rfc9158#1,lookup,11,1,1
mineru,scan_rfc9158,T3,S,baseline,scan_rfc9158#2,lookup,11,1,1
mineru,scan_rfc9158,T3,S,baseline,scan_rfc9158#3,lookup,11,1,1
mineru,scan_rfc9158,T3,S,baseline,scan_rfc9158#4,lookup,11,1,1
mineru,scan_rfc9158,T3,S,baseline,scan_rfc9158#5,table_multi_row,11,1,1
mineru,scan_rfc9158,T3,S,baseline,scan_rfc9158#6,table_cell,11,1,1
mineru,scan_rfc9158,T3,S,baseline,scan_rfc9158#7,lookup,11,1,1
mineru,scan_rfc9158,T3,S,baseline,scan_rfc9158#8,lookup,11,1,1
mineru,scan_rfc9158,T3,S,baseline,scan_rfc9158#9,cross_page,11,0,0
mineru,scan_rfc9457,T3,M,baseline,scan_rfc9457#1,lookup,40,1,1
mineru,scan_rfc9457,T3,M,baseline,scan_rfc9457#2,lookup,40,1,1
mineru,scan_rfc9457,T3,M,baseline,scan_rfc9457#3,lookup,40,1,1
mineru,scan_rfc9457,T3,M,baseline,scan_rfc9457#4,lookup,40,1,1
mineru,scan_rfc9457,T3,M,baseline,scan_rfc9457#5,lookup,40,1,1
mineru,scan_rfc9457,T3,M,baseline,scan_rfc9457#6,lookup,40,1,1
mineru,scan_rfc9457,T3,M,baseline,scan_rfc9457#7,lookup,40,1,1
mineru,scan_rfc9457,T3,M,baseline,scan_rfc9457#8,lookup,40,1,1
mineru,scan_rfc9457,T3,M,baseline,scan_rfc9457#9,lookup,40,1,1
mineru,scan_rfc9457,T3,M,baseline,scan_rfc9457#10,lookup,40,1,1
mineru,scan_rfc9457,T3,M,baseline,scan_rfc9457#11,lookup,40,1,1
pdfplumber,acsbr_023,T2,M,baseline,acsbr_023#1,lookup,36,1,1
pdfplumber,acsbr_023,T2,M,baseline,acsbr_023#2,lookup,36,1,1
pdfplumber,acsbr_023,T2,M,baseline,acsbr_023#3,lookup,36,1,1
pdfplumber,acsbr_023,T2,M,baseline,acsbr_023#4,lookup,36,1,1
pdfplumber,acsbr_023,T2,M,baseline,acsbr_023#5,lookup,36,1,1
pdfplumber,acsbr_023,T2,M,baseline,acsbr_023#6,lookup,36,1,1
pdfplumber,acsbr_023,T2,M,baseline,acsbr_023#7,table_cell,36,0,0
pdfplumber,acsbr_023,T2,M,baseline,acsbr_023#8,table_cell,36,0,0
pdfplumber,acsbr_023,T2,M,baseline,acsbr_023#9,table_cell,36,0,0
pdfplumber,acsbr_023,T2,M,baseline,acsbr_023#10,table_cell,36,1,1
pdfplumber,acsbr_023,T2,M,baseline,acsbr_023#11,table_multi_row,36,0,0
pdfplumber,acsbr_023,T2,M,baseline,acsbr_023#12,table_cell,36,1,1
pdfplumber,erp2024_full,T2,XL,baseline,erp2024_full#1,lookup,1592,1,1
pdfplumber,erp2024_full,T2,XL,baseline,erp2024_full#2,table_cell,1592,1,1
pdfplumber,erp2024_full,T2,XL,baseline,erp2024_full#3,lookup,1592,0,0
pdfplumber,erp2024_full,T2,XL,baseline,erp2024_full#4,table_cell,1592,1,1
pdfplumber,erp2024_full,T2,XL,baseline,erp2024_full#5,table_cell,1592,1,1
pdfplumber,erp2024_full,T2,XL,baseline,erp2024_full#6,table_cell,1592,1,1
pdfplumber,erp2024_full,T2,XL,baseline,erp2024_full#7,table_multi_row,1592,1,1
pdfplumber,erp2024_full,T2,XL,baseline,erp2024_full#8,lookup,1592,1,1
pdfplumber,erp2024_full,T2,XL,baseline,erp2024_full#9,lookup,1592,1,1
pdfplumber,erp2024_full,T2,XL,baseline,erp2024_full#10,table_cell,1592,1,1
pdfplumber,erp2024_full,T2,XL,baseline,erp2024_full#11,table_cell,1592,1,1
pdfplumber,erp2024_table1,T2,S,baseline,erp2024_table1#1,lookup,25,1,1
pdfplumber,erp2024_table1,T2,S,baseline,erp2024_table1#2,table_cell,25,1,1
pdfplumber,erp2024_table1,T2,S,baseline,erp2024_table1#3,table_cell,25,0,0
pdfplumber,erp2024_table1,T2,S,baseline,erp2024_table1#4,table_cell,25,0,0
pdfplumber,erp2024_table1,T2,S,baseline,erp2024_table1#5,table_cell,25,0,0
pdfplumber,erp2024_table1,T2,S,baseline,erp2024_table1#6,table_cell,25,0,0
pdfplumber,erp2024_table1,T2,S,baseline,erp2024_table1#7,table_cell,25,0,0
pdfplumber,erp2024_table1,T2,S,baseline,erp2024_table1#8,lookup,25,1,1
pdfplumber,erp2024_table1,T2,S,baseline,erp2024_table1#9,lookup,25,1,1
pdfplumber,erp2024_table3,T2,S,baseline,erp2024_table3#1,lookup,26,1,1
pdfplumber,erp2024_table3,T2,S,baseline,erp2024_table3#2,lookup,26,1,1
pdfplumber,erp2024_table3,T2,S,baseline,erp2024_table3#3,table_cell,26,0,0
pdfplumber,erp2024_table3,T2,S,baseline,erp2024_table3#4,table_cell,26,0,0
pdfplumber,erp2024_table3,T2,S,baseline,erp2024_table3#5,table_cell,26,0,0
pdfplumber,erp2024_table3,T2,S,baseline,erp2024_table3#6,table_cell,26,0,0
pdfplumber,erp2024_table3,T2,S,baseline,erp2024_table3#7,table_multi_row,26,0,0
pdfplumber,erp2024_table3,T2,S,baseline,erp2024_table3#8,table_cell,26,0,0
pdfplumber,erp2024_table3,T2,S,baseline,erp2024_table3#9,table_cell,26,0,0
pdfplumber,erp2024_table3,T2,S,baseline,erp2024_table3#10,table_cell,26,0,0
pdfplumber,gen_t2_long,T2,S,baseline,gen_t2_long#1,table_cell,6,1,1
pdfplumber,gen_t2_long,T2,S,baseline,gen_t2_long#2,table_cell,6,1,1
pdfplumber,gen_t2_long,T2,S,baseline,gen_t2_long#3,table_cell,6,1,1
pdfplumber,gen_t2_long,T2,S,baseline,gen_t2_long#4,table_cell,6,1,1
pdfplumber,gen_t2_merged,T2,S,baseline,gen_t2_merged#1,table_cell,2,1,1
pdfplumber,gen_t2_rotated,T2,S,baseline,gen_t2_rotated#1,table_cell,2,1,1
pdfplumber,gen_t2_rotated,T2,S,baseline,gen_t2_rotated#2,table_cell,2,1,1
pdfplumber,gen_t2_simple,T2,S,baseline,gen_t2_simple#1,table_cell,2,1,1
pdfplumber,gen_t2_simple,T2,S,baseline,gen_t2_simple#2,table_cell,2,1,1
pdfplumber,gen_t2_simple,T2,S,baseline,gen_t2_simple#3,table_cell,2,1,1
pdfplumber,gen_t4_bar,T4,S,baseline,gen_t4_bar#1,figure,1,0,0
pdfplumber,gen_t4_flow,T4,S,baseline,gen_t4_flow#1,figure,1,0,0
pdfplumber,gen_t4_line,T4,S,baseline,gen_t4_line#1,figure,1,0,0
pdfplumber,gen_t4_mixed,T4,S,baseline,gen_t4_mixed#1,table_cell,2,1,1
pdfplumber,nasa_se_handbook,T4,XL,baseline,nasa_se_handbook#1,lookup,1176,1,1
pdfplumber,nasa_se_handbook,T4,XL,baseline,nasa_se_handbook#2,lookup,1176,1,1
pdfplumber,nasa_se_handbook,T4,XL,baseline,nasa_se_handbook#3,figure,1176,1,1
pdfplumber,nasa_se_handbook,T4,XL,baseline,nasa_se_handbook#4,lookup,1176,0,0
pdfplumber,nasa_se_handbook,T4,XL,baseline,nasa_se_handbook#5,lookup,1176,1,1
pdfplumber,nasa_se_handbook,T4,XL,baseline,nasa_se_handbook#6,table_multi_row,1176,1,1
pdfplumber,nasa_se_handbook,T4,XL,baseline,nasa_se_handbook#7,lookup,1176,1,1
pdfplumber,nasa_se_handbook,T4,XL,baseline,nasa_se_handbook#8,lookup,1176,1,1
pdfplumber,nasa_se_handbook,T4,XL,baseline,nasa_se_handbook#9,lookup,1176,1,1
pdfplumber,nasa_se_handbook,T4,XL,baseline,nasa_se_handbook#10,lookup,1176,1,1
pdfplumber,nasa_se_handbook,T4,XL,baseline,nasa_se_handbook#11,lookup,1176,1,1
pdfplumber,nasa_se_handbook,T4,XL,baseline,nasa_se_handbook#12,lookup,1176,1,1
pdfplumber,nasa_tm100396,T4,L,baseline,nasa_tm100396#1,lookup,143,1,1
pdfplumber,nasa_tm100396,T4,L,baseline,nasa_tm100396#2,lookup,143,1,1
pdfplumber,nasa_tm100396,T4,L,baseline,nasa_tm100396#3,lookup,143,1,1
pdfplumber,nasa_tm100396,T4,L,baseline,nasa_tm100396#4,lookup,143,1,1
pdfplumber,nasa_tm100396,T4,L,baseline,nasa_tm100396#5,lookup,143,1,1
pdfplumber,nasa_tm100396,T4,L,baseline,nasa_tm100396#6,lookup,143,1,1
pdfplumber,nasa_tm100396,T4,L,baseline,nasa_tm100396#7,lookup,143,1,1
pdfplumber,nasa_tm100396,T4,L,baseline,nasa_tm100396#8,lookup,143,1,1
pdfplumber,nasa_tm100396,T4,L,baseline,nasa_tm100396#9,lookup,143,1,1
pdfplumber,nasa_tm100396,T4,L,baseline,nasa_tm100396#10,cross_page,143,0,0
pdfplumber,nasa_tm100396,T4,L,baseline,nasa_tm100396#11,lookup,143,1,1
pdfplumber,nasa_tm100396,T4,L,baseline,nasa_tm100396#12,table_cell,143,1,1
pdfplumber,nasa_tm104114,T4,XL,baseline,nasa_tm104114#1,lookup,101,1,1
pdfplumber,nasa_tm104114,T4,XL,baseline,nasa_tm104114#2,lookup,101,1,1
pdfplumber,nasa_tm104114,T4,XL,baseline,nasa_tm104114#3,lookup,101,1,1
pdfplumber,nasa_tm104114,T4,XL,baseline,nasa_tm104114#4,table_cell,101,1,1
pdfplumber,nasa_tm104114,T4,XL,baseline,nasa_tm104114#5,table_cell,101,1,1
pdfplumber,nasa_tm104114,T4,XL,baseline,nasa_tm104114#6,table_cell,101,1,1
pdfplumber,nasa_tm104114,T4,XL,baseline,nasa_tm104114#7,table_cell,101,1,1
pdfplumber,nasa_tm104114,T4,XL,baseline,nasa_tm104114#8,lookup,101,1,1
pdfplumber,nasa_tm104114,T4,XL,baseline,nasa_tm104114#9,lookup,101,1,1
pdfplumber,nasa_tm104114,T4,XL,baseline,nasa_tm104114#10,lookup,101,1,1
pdfplumber,nasa_tm104114,T4,XL,baseline,nasa_tm104114#11,lookup,101,1,1
pdfplumber,nasa_tm_x9471,T4,M,baseline,nasa_tm_x9471#1,lookup,6,1,1
pdfplumber,nasa_tm_x9471,T4,M,baseline,nasa_tm_x9471#2,lookup,6,1,1
pdfplumber,nasa_tm_x9471,T4,M,baseline,nasa_tm_x9471#3,lookup,6,1,1
pdfplumber,nasa_tm_x9471,T4,M,baseline,nasa_tm_x9471#4,lookup,6,1,1
pdfplumber,nasa_tm_x9471,T4,M,baseline,nasa_tm_x9471#5,lookup,6,1,1
pdfplumber,nasa_tm_x9471,T4,M,baseline,nasa_tm_x9471#6,lookup,6,1,1
pdfplumber,nasa_tm_x9471,T4,M,baseline,nasa_tm_x9471#7,lookup,6,1,1
pdfplumber,nasa_tm_x9471,T4,M,baseline,nasa_tm_x9471#8,lookup,6,1,1
pdfplumber,nasa_tm_x9471,T4,M,baseline,nasa_tm_x9471#9,lookup,6,1,1
pdfplumber,nasa_tm_x9471,T4,M,baseline,nasa_tm_x9471#10,figure,6,0,0
pdfplumber,nasa_tm_x9471,T4,M,baseline,nasa_tm_x9471#11,figure,6,0,0
pdfplumber,nasa_tm_x9471,T4,M,baseline,nasa_tm_x9471#12,figure,6,0,0
pdfplumber,nasa_webb_factsheet,T4,S,baseline,nasa_webb_factsheet#1,lookup,2,1,1
pdfplumber,nasa_webb_factsheet,T4,S,baseline,nasa_webb_factsheet#2,lookup,2,1,1
pdfplumber,nasa_webb_factsheet,T4,S,baseline,nasa_webb_factsheet#3,lookup,2,1,1
pdfplumber,nasa_webb_factsheet,T4,S,baseline,nasa_webb_factsheet#4,lookup,2,1,1
pdfplumber,nasa_webb_factsheet,T4,S,baseline,nasa_webb_factsheet#5,lookup,2,1,1
pdfplumber,nasa_webb_factsheet,T4,S,baseline,nasa_webb_factsheet#6,lookup,2,1,1
pdfplumber,nasa_webb_factsheet,T4,S,baseline,nasa_webb_factsheet#7,lookup,2,1,1
pdfplumber,nasa_webb_factsheet,T4,S,baseline,nasa_webb_factsheet#8,table_multi_row,2,1,1
pdfplumber,nasa_webb_factsheet,T4,S,baseline,nasa_webb_factsheet#9,figure,2,0,0
pdfplumber,nasa_webb_factsheet,T4,S,baseline,nasa_webb_factsheet#10,figure,2,0,0
pdfplumber,nasa_webb_factsheet,T4,S,baseline,nasa_webb_factsheet#11,figure,2,0,0
pdfplumber,nasa_webb_factsheet,T4,S,baseline,nasa_webb_factsheet#12,figure,2,0,0
pdfplumber,p60_282,T2,L,baseline,p60_282#1,lookup,360,1,1
pdfplumber,p60_282,T2,L,baseline,p60_282#2,lookup,360,1,1
pdfplumber,p60_282,T2,L,baseline,p60_282#3,lookup,360,1,1
pdfplumber,p60_282,T2,L,baseline,p60_282#4,table_cell,360,1,1
pdfplumber,p60_282,T2,L,baseline,p60_282#5,table_cell,360,1,1
pdfplumber,p60_282,T2,L,baseline,p60_282#6,table_cell,360,1,1
pdfplumber,p60_282,T2,L,baseline,p60_282#7,table_cell,360,0,0
pdfplumber,p60_282,T2,L,baseline,p60_282#8,lookup,360,1,1
pdfplumber,p60_282,T2,L,baseline,p60_282#9,lookup,360,1,1
pdfplumber,p60_282,T2,L,baseline,p60_282#10,table_cell,360,0,0
pdfplumber,p60_282,T2,L,baseline,p60_282#11,table_cell,360,0,0
pdfplumber,p60_282,T2,L,baseline,p60_282#12,table_cell,360,0,0
pdfplumber,p60_282,T2,L,baseline,p60_282#13,table_multi_row,360,0,0
pdfplumber,rfc9110,T1,XL,baseline,rfc9110#1,lookup,319,1,1
pdfplumber,rfc9110,T1,XL,baseline,rfc9110#2,lookup,319,1,1
pdfplumber,rfc9110,T1,XL,baseline,rfc9110#3,lookup,319,1,1
pdfplumber,rfc9110,T1,XL,baseline,rfc9110#4,table_cell,319,0,1
pdfplumber,rfc9110,T1,XL,baseline,rfc9110#5,table_cell,319,1,1
pdfplumber,rfc9110,T1,XL,baseline,rfc9110#6,table_multi_row,319,1,1
pdfplumber,rfc9110,T1,XL,baseline,rfc9110#7,lookup,319,1,1
pdfplumber,rfc9110,T1,XL,baseline,rfc9110#8,lookup,319,1,1
pdfplumber,rfc9110,T1,XL,baseline,rfc9110#9,lookup,319,1,1
pdfplumber,rfc9110,T1,XL,baseline,rfc9110#10,lookup,319,1,1
pdfplumber,rfc9110,T1,XL,baseline,rfc9110#11,lookup,319,1,1
pdfplumber,rfc9110,T1,XL,baseline,rfc9110#12,lookup,319,1,1
pdfplumber,rfc9112,T1,L,baseline,rfc9112#1,lookup,73,1,1
pdfplumber,rfc9112,T1,L,baseline,rfc9112#2,lookup,73,1,1
pdfplumber,rfc9112,T1,L,baseline,rfc9112#3,lookup,73,1,1
pdfplumber,rfc9112,T1,L,baseline,rfc9112#4,lookup,73,1,1
pdfplumber,rfc9112,T1,L,baseline,rfc9112#5,lookup,73,1,1
pdfplumber,rfc9112,T1,L,baseline,rfc9112#6,cross_page,73,1,1
pdfplumber,rfc9112,T1,L,baseline,rfc9112#7,lookup,73,1,1
pdfplumber,rfc9112,T1,L,baseline,rfc9112#8,lookup,73,1,1
pdfplumber,rfc9112,T1,L,baseline,rfc9112#9,lookup,73,1,1
pdfplumber,rfc9112,T1,L,baseline,rfc9112#10,lookup,73,1,1
pdfplumber,rfc9112,T1,L,baseline,rfc9112#11,lookup,73,1,1
pdfplumber,rfc9112,T1,L,baseline,rfc9112#12,lookup,73,1,1
pdfplumber,rfc9112,T1,L,baseline,rfc9112#13,lookup,73,1,1
pdfplumber,rfc9112,T1,L,baseline,rfc9112#14,lookup,73,1,1
pdfplumber,rfc9112,T1,L,baseline,rfc9112#15,lookup,73,1,1
pdfplumber,rfc9112,T1,L,baseline,rfc9112#16,lookup,73,1,1
pdfplumber,rfc9158,T1,S,baseline,rfc9158#1,lookup,6,1,1
pdfplumber,rfc9158,T1,S,baseline,rfc9158#2,lookup,6,1,1
pdfplumber,rfc9158,T1,S,baseline,rfc9158#3,lookup,6,1,1
pdfplumber,rfc9158,T1,S,baseline,rfc9158#4,lookup,6,1,1
pdfplumber,rfc9158,T1,S,baseline,rfc9158#5,table_multi_row,6,0,1
pdfplumber,rfc9158,T1,S,baseline,rfc9158#6,table_cell,6,1,1
pdfplumber,rfc9158,T1,S,baseline,rfc9158#7,lookup,6,1,1
pdfplumber,rfc9158,T1,S,baseline,rfc9158#8,lookup,6,1,1
pdfplumber,rfc9158,T1,S,baseline,rfc9158#9,cross_page,6,0,0
pdfplumber,rfc9457,T1,M,baseline,rfc9457#1,lookup,23,1,1
pdfplumber,rfc9457,T1,M,baseline,rfc9457#2,lookup,23,1,1
pdfplumber,rfc9457,T1,M,baseline,rfc9457#3,lookup,23,1,1
pdfplumber,rfc9457,T1,M,baseline,rfc9457#4,lookup,23,1,1
pdfplumber,rfc9457,T1,M,baseline,rfc9457#5,lookup,23,1,1
pdfplumber,rfc9457,T1,M,baseline,rfc9457#6,lookup,23,1,1
pdfplumber,rfc9457,T1,M,baseline,rfc9457#7,lookup,23,1,1
pdfplumber,rfc9457,T1,M,baseline,rfc9457#8,lookup,23,1,1
pdfplumber,rfc9457,T1,M,baseline,rfc9457#9,lookup,23,1,1
pdfplumber,rfc9457,T1,M,baseline,rfc9457#10,lookup,23,1,1
pdfplumber,rfc9457,T1,M,baseline,rfc9457#11,lookup,23,1,1
pdfplumber,scan_acsbr_023,T3,M,baseline,scan_acsbr_023#1,lookup,0,0,0
pdfplumber,scan_acsbr_023,T3,M,baseline,scan_acsbr_023#2,lookup,0,0,0
pdfplumber,scan_acsbr_023,T3,M,baseline,scan_acsbr_023#3,lookup,0,0,0
pdfplumber,scan_acsbr_023,T3,M,baseline,scan_acsbr_023#4,lookup,0,0,0
pdfplumber,scan_acsbr_023,T3,M,baseline,scan_acsbr_023#5,lookup,0,0,0
pdfplumber,scan_acsbr_023,T3,M,baseline,scan_acsbr_023#6,lookup,0,0,0
pdfplumber,scan_acsbr_023,T3,M,baseline,scan_acsbr_023#7,table_cell,0,0,0
pdfplumber,scan_acsbr_023,T3,M,baseline,scan_acsbr_023#8,table_cell,0,0,0
pdfplumber,scan_acsbr_023,T3,M,baseline,scan_acsbr_023#9,table_cell,0,0,0
pdfplumber,scan_acsbr_023,T3,M,baseline,scan_acsbr_023#10,table_cell,0,0,0
pdfplumber,scan_acsbr_023,T3,M,baseline,scan_acsbr_023#11,table_multi_row,0,0,0
pdfplumber,scan_acsbr_023,T3,M,baseline,scan_acsbr_023#12,table_cell,0,0,0
pdfplumber,scan_p60_282,T3,L,baseline,scan_p60_282#1,lookup,0,0,0
pdfplumber,scan_p60_282,T3,L,baseline,scan_p60_282#2,lookup,0,0,0
pdfplumber,scan_p60_282,T3,L,baseline,scan_p60_282#3,lookup,0,0,0
pdfplumber,scan_p60_282,T3,L,baseline,scan_p60_282#4,table_cell,0,0,0
pdfplumber,scan_p60_282,T3,L,baseline,scan_p60_282#5,table_cell,0,0,0
pdfplumber,scan_p60_282,T3,L,baseline,scan_p60_282#6,table_cell,0,0,0
pdfplumber,scan_p60_282,T3,L,baseline,scan_p60_282#7,table_cell,0,0,0
pdfplumber,scan_p60_282,T3,L,baseline,scan_p60_282#8,lookup,0,0,0
pdfplumber,scan_p60_282,T3,L,baseline,scan_p60_282#9,lookup,0,0,0
pdfplumber,scan_p60_282,T3,L,baseline,scan_p60_282#10,table_cell,0,0,0
pdfplumber,scan_p60_282,T3,L,baseline,scan_p60_282#11,table_cell,0,0,0
pdfplumber,scan_p60_282,T3,L,baseline,scan_p60_282#12,table_cell,0,0,0
pdfplumber,scan_p60_282,T3,L,baseline,scan_p60_282#13,table_multi_row,0,0,0
pdfplumber,scan_rfc9110,T3,XL,baseline,scan_rfc9110#1,lookup,0,0,0
pdfplumber,scan_rfc9110,T3,XL,baseline,scan_rfc9110#2,lookup,0,0,0
pdfplumber,scan_rfc9110,T3,XL,baseline,scan_rfc9110#3,lookup,0,0,0
pdfplumber,scan_rfc9110,T3,XL,baseline,scan_rfc9110#4,table_cell,0,0,0
pdfplumber,scan_rfc9110,T3,XL,baseline,scan_rfc9110#5,table_cell,0,0,0
pdfplumber,scan_rfc9110,T3,XL,baseline,scan_rfc9110#6,table_multi_row,0,0,0
pdfplumber,scan_rfc9110,T3,XL,baseline,scan_rfc9110#7,lookup,0,0,0
pdfplumber,scan_rfc9110,T3,XL,baseline,scan_rfc9110#8,lookup,0,0,0
pdfplumber,scan_rfc9110,T3,XL,baseline,scan_rfc9110#9,lookup,0,0,0
pdfplumber,scan_rfc9110,T3,XL,baseline,scan_rfc9110#10,lookup,0,0,0
pdfplumber,scan_rfc9110,T3,XL,baseline,scan_rfc9110#11,lookup,0,0,0
pdfplumber,scan_rfc9110,T3,XL,baseline,scan_rfc9110#12,lookup,0,0,0
pdfplumber,scan_rfc9158,T3,S,baseline,scan_rfc9158#1,lookup,0,0,0
pdfplumber,scan_rfc9158,T3,S,baseline,scan_rfc9158#2,lookup,0,0,0
pdfplumber,scan_rfc9158,T3,S,baseline,scan_rfc9158#3,lookup,0,0,0
pdfplumber,scan_rfc9158,T3,S,baseline,scan_rfc9158#4,lookup,0,0,0
pdfplumber,scan_rfc9158,T3,S,baseline,scan_rfc9158#5,table_multi_row,0,0,0
pdfplumber,scan_rfc9158,T3,S,baseline,scan_rfc9158#6,table_cell,0,0,0
pdfplumber,scan_rfc9158,T3,S,baseline,scan_rfc9158#7,lookup,0,0,0
pdfplumber,scan_rfc9158,T3,S,baseline,scan_rfc9158#8,lookup,0,0,0
pdfplumber,scan_rfc9158,T3,S,baseline,scan_rfc9158#9,cross_page,0,0,0
pdfplumber,scan_rfc9457,T3,M,baseline,scan_rfc9457#1,lookup,0,0,0
pdfplumber,scan_rfc9457,T3,M,baseline,scan_rfc9457#2,lookup,0,0,0
pdfplumber,scan_rfc9457,T3,M,baseline,scan_rfc9457#3,lookup,0,0,0
pdfplumber,scan_rfc9457,T3,M,baseline,scan_rfc9457#4,lookup,0,0,0
pdfplumber,scan_rfc9457,T3,M,baseline,scan_rfc9457#5,lookup,0,0,0
pdfplumber,scan_rfc9457,T3,M,baseline,scan_rfc9457#6,lookup,0,0,0
pdfplumber,scan_rfc9457,T3,M,baseline,scan_rfc9457#7,lookup,0,0,0
pdfplumber,scan_rfc9457,T3,M,baseline,scan_rfc9457#8,lookup,0,0,0
pdfplumber,scan_rfc9457,T3,M,baseline,scan_rfc9457#9,lookup,0,0,0
pdfplumber,scan_rfc9457,T3,M,baseline,scan_rfc9457#10,lookup,0,0,0
pdfplumber,scan_rfc9457,T3,M,baseline,scan_rfc9457#11,lookup,0,0,0
pymupdf,acsbr_023,T2,M,baseline,acsbr_023#1,lookup,33,1,1
pymupdf,acsbr_023,T2,M,baseline,acsbr_023#2,lookup,33,1,1
pymupdf,acsbr_023,T2,M,baseline,acsbr_023#3,lookup,33,1,1
pymupdf,acsbr_023,T2,M,baseline,acsbr_023#4,lookup,33,1,1
pymupdf,acsbr_023,T2,M,baseline,acsbr_023#5,lookup,33,1,1
pymupdf,acsbr_023,T2,M,baseline,acsbr_023#6,lookup,33,1,1
pymupdf,acsbr_023,T2,M,baseline,acsbr_023#7,table_cell,33,1,1
pymupdf,acsbr_023,T2,M,baseline,acsbr_023#8,table_cell,33,0,1
pymupdf,acsbr_023,T2,M,baseline,acsbr_023#9,table_cell,33,0,1
pymupdf,acsbr_023,T2,M,baseline,acsbr_023#10,table_cell,33,1,1
pymupdf,acsbr_023,T2,M,baseline,acsbr_023#11,table_multi_row,33,0,1
pymupdf,acsbr_023,T2,M,baseline,acsbr_023#12,table_cell,33,1,1
pymupdf,erp2024_full,T2,XL,baseline,erp2024_full#1,lookup,1551,1,1
pymupdf,erp2024_full,T2,XL,baseline,erp2024_full#2,table_cell,1551,1,1
pymupdf,erp2024_full,T2,XL,baseline,erp2024_full#3,lookup,1551,0,0
pymupdf,erp2024_full,T2,XL,baseline,erp2024_full#4,table_cell,1551,1,1
pymupdf,erp2024_full,T2,XL,baseline,erp2024_full#5,table_cell,1551,1,1
pymupdf,erp2024_full,T2,XL,baseline,erp2024_full#6,table_cell,1551,1,1
pymupdf,erp2024_full,T2,XL,baseline,erp2024_full#7,table_multi_row,1551,1,1
pymupdf,erp2024_full,T2,XL,baseline,erp2024_full#8,lookup,1551,1,1
pymupdf,erp2024_full,T2,XL,baseline,erp2024_full#9,lookup,1551,1,1
pymupdf,erp2024_full,T2,XL,baseline,erp2024_full#10,table_cell,1551,1,1
pymupdf,erp2024_full,T2,XL,baseline,erp2024_full#11,table_cell,1551,0,1
pymupdf,erp2024_table1,T2,S,baseline,erp2024_table1#1,lookup,24,1,1
pymupdf,erp2024_table1,T2,S,baseline,erp2024_table1#2,table_cell,24,1,1
pymupdf,erp2024_table1,T2,S,baseline,erp2024_table1#3,table_cell,24,1,1
pymupdf,erp2024_table1,T2,S,baseline,erp2024_table1#4,table_cell,24,1,1
pymupdf,erp2024_table1,T2,S,baseline,erp2024_table1#5,table_cell,24,1,1
pymupdf,erp2024_table1,T2,S,baseline,erp2024_table1#6,table_cell,24,1,1
pymupdf,erp2024_table1,T2,S,baseline,erp2024_table1#7,table_cell,24,1,1
pymupdf,erp2024_table1,T2,S,baseline,erp2024_table1#8,lookup,24,0,1
pymupdf,erp2024_table1,T2,S,baseline,erp2024_table1#9,lookup,24,1,1
pymupdf,erp2024_table3,T2,S,baseline,erp2024_table3#1,lookup,32,1,1
pymupdf,erp2024_table3,T2,S,baseline,erp2024_table3#2,lookup,32,1,1
pymupdf,erp2024_table3,T2,S,baseline,erp2024_table3#3,table_cell,32,1,1
pymupdf,erp2024_table3,T2,S,baseline,erp2024_table3#4,table_cell,32,1,1
pymupdf,erp2024_table3,T2,S,baseline,erp2024_table3#5,table_cell,32,0,1
pymupdf,erp2024_table3,T2,S,baseline,erp2024_table3#6,table_cell,32,0,1
pymupdf,erp2024_table3,T2,S,baseline,erp2024_table3#7,table_multi_row,32,0,1
pymupdf,erp2024_table3,T2,S,baseline,erp2024_table3#8,table_cell,32,1,1
pymupdf,erp2024_table3,T2,S,baseline,erp2024_table3#9,table_cell,32,0,1
pymupdf,erp2024_table3,T2,S,baseline,erp2024_table3#10,table_cell,32,1,1
pymupdf,gen_t2_long,T2,S,baseline,gen_t2_long#1,table_cell,4,1,1
pymupdf,gen_t2_long,T2,S,baseline,gen_t2_long#2,table_cell,4,1,1
pymupdf,gen_t2_long,T2,S,baseline,gen_t2_long#3,table_cell,4,1,1
pymupdf,gen_t2_long,T2,S,baseline,gen_t2_long#4,table_cell,4,1,1
pymupdf,gen_t2_merged,T2,S,baseline,gen_t2_merged#1,table_cell,1,1,1
pymupdf,gen_t2_rotated,T2,S,baseline,gen_t2_rotated#1,table_cell,1,1,1
pymupdf,gen_t2_rotated,T2,S,baseline,gen_t2_rotated#2,table_cell,1,1,1
pymupdf,gen_t2_simple,T2,S,baseline,gen_t2_simple#1,table_cell,1,1,1
pymupdf,gen_t2_simple,T2,S,baseline,gen_t2_simple#2,table_cell,1,1,1
pymupdf,gen_t2_simple,T2,S,baseline,gen_t2_simple#3,table_cell,1,1,1
pymupdf,gen_t4_bar,T4,S,baseline,gen_t4_bar#1,figure,1,0,0
pymupdf,gen_t4_flow,T4,S,baseline,gen_t4_flow#1,figure,1,0,0
pymupdf,gen_t4_line,T4,S,baseline,gen_t4_line#1,figure,1,0,0
pymupdf,gen_t4_mixed,T4,S,baseline,gen_t4_mixed#1,table_cell,1,1,1
pymupdf,nasa_se_handbook,T4,XL,baseline,nasa_se_handbook#1,lookup,526,1,1
pymupdf,nasa_se_handbook,T4,XL,baseline,nasa_se_handbook#2,lookup,526,1,1
pymupdf,nasa_se_handbook,T4,XL,baseline,nasa_se_handbook#3,figure,526,1,1
pymupdf,nasa_se_handbook,T4,XL,baseline,nasa_se_handbook#4,lookup,526,1,1
pymupdf,nasa_se_handbook,T4,XL,baseline,nasa_se_handbook#5,lookup,526,1,1
pymupdf,nasa_se_handbook,T4,XL,baseline,nasa_se_handbook#6,table_multi_row,526,1,1
pymupdf,nasa_se_handbook,T4,XL,baseline,nasa_se_handbook#7,lookup,526,1,1
pymupdf,nasa_se_handbook,T4,XL,baseline,nasa_se_handbook#8,lookup,526,1,1
pymupdf,nasa_se_handbook,T4,XL,baseline,nasa_se_handbook#9,lookup,526,1,1
pymupdf,nasa_se_handbook,T4,XL,baseline,nasa_se_handbook#10,lookup,526,1,1
pymupdf,nasa_se_handbook,T4,XL,baseline,nasa_se_handbook#11,lookup,526,1,1
pymupdf,nasa_se_handbook,T4,XL,baseline,nasa_se_handbook#12,lookup,526,1,1
pymupdf,nasa_tm100396,T4,L,baseline,nasa_tm100396#1,lookup,133,1,1
pymupdf,nasa_tm100396,T4,L,baseline,nasa_tm100396#2,lookup,133,1,1
pymupdf,nasa_tm100396,T4,L,baseline,nasa_tm100396#3,lookup,133,1,1
pymupdf,nasa_tm100396,T4,L,baseline,nasa_tm100396#4,lookup,133,1,1
pymupdf,nasa_tm100396,T4,L,baseline,nasa_tm100396#5,lookup,133,1,1
pymupdf,nasa_tm100396,T4,L,baseline,nasa_tm100396#6,lookup,133,1,1
pymupdf,nasa_tm100396,T4,L,baseline,nasa_tm100396#7,lookup,133,1,1
pymupdf,nasa_tm100396,T4,L,baseline,nasa_tm100396#8,lookup,133,1,1
pymupdf,nasa_tm100396,T4,L,baseline,nasa_tm100396#9,lookup,133,1,1
pymupdf,nasa_tm100396,T4,L,baseline,nasa_tm100396#10,cross_page,133,0,0
pymupdf,nasa_tm100396,T4,L,baseline,nasa_tm100396#11,lookup,133,1,1
pymupdf,nasa_tm100396,T4,L,baseline,nasa_tm100396#12,table_cell,133,1,1
pymupdf,nasa_tm104114,T4,XL,baseline,nasa_tm104114#1,lookup,102,1,1
pymupdf,nasa_tm104114,T4,XL,baseline,nasa_tm104114#2,lookup,102,1,1
pymupdf,nasa_tm104114,T4,XL,baseline,nasa_tm104114#3,lookup,102,1,1
pymupdf,nasa_tm104114,T4,XL,baseline,nasa_tm104114#4,table_cell,102,1,1
pymupdf,nasa_tm104114,T4,XL,baseline,nasa_tm104114#5,table_cell,102,1,1
pymupdf,nasa_tm104114,T4,XL,baseline,nasa_tm104114#6,table_cell,102,1,1
pymupdf,nasa_tm104114,T4,XL,baseline,nasa_tm104114#7,table_cell,102,1,1
pymupdf,nasa_tm104114,T4,XL,baseline,nasa_tm104114#8,lookup,102,1,1
pymupdf,nasa_tm104114,T4,XL,baseline,nasa_tm104114#9,lookup,102,1,1
pymupdf,nasa_tm104114,T4,XL,baseline,nasa_tm104114#10,lookup,102,1,1
pymupdf,nasa_tm104114,T4,XL,baseline,nasa_tm104114#11,lookup,102,1,1
pymupdf,nasa_tm_x9471,T4,M,baseline,nasa_tm_x9471#1,lookup,8,1,1
pymupdf,nasa_tm_x9471,T4,M,baseline,nasa_tm_x9471#2,lookup,8,1,1
pymupdf,nasa_tm_x9471,T4,M,baseline,nasa_tm_x9471#3,lookup,8,1,1
pymupdf,nasa_tm_x9471,T4,M,baseline,nasa_tm_x9471#4,lookup,8,1,1
pymupdf,nasa_tm_x9471,T4,M,baseline,nasa_tm_x9471#5,lookup,8,1,1
pymupdf,nasa_tm_x9471,T4,M,baseline,nasa_tm_x9471#6,lookup,8,1,1
pymupdf,nasa_tm_x9471,T4,M,baseline,nasa_tm_x9471#7,lookup,8,1,1
pymupdf,nasa_tm_x9471,T4,M,baseline,nasa_tm_x9471#8,lookup,8,1,1
pymupdf,nasa_tm_x9471,T4,M,baseline,nasa_tm_x9471#9,lookup,8,1,1
pymupdf,nasa_tm_x9471,T4,M,baseline,nasa_tm_x9471#10,figure,8,0,0
pymupdf,nasa_tm_x9471,T4,M,baseline,nasa_tm_x9471#11,figure,8,0,0
pymupdf,nasa_tm_x9471,T4,M,baseline,nasa_tm_x9471#12,figure,8,0,0
pymupdf,nasa_webb_factsheet,T4,S,baseline,nasa_webb_factsheet#1,lookup,2,1,1
pymupdf,nasa_webb_factsheet,T4,S,baseline,nasa_webb_factsheet#2,lookup,2,1,1
pymupdf,nasa_webb_factsheet,T4,S,baseline,nasa_webb_factsheet#3,lookup,2,1,1
pymupdf,nasa_webb_factsheet,T4,S,baseline,nasa_webb_factsheet#4,lookup,2,1,1
pymupdf,nasa_webb_factsheet,T4,S,baseline,nasa_webb_factsheet#5,lookup,2,1,1
pymupdf,nasa_webb_factsheet,T4,S,baseline,nasa_webb_factsheet#6,lookup,2,1,1
pymupdf,nasa_webb_factsheet,T4,S,baseline,nasa_webb_factsheet#7,lookup,2,1,1
pymupdf,nasa_webb_factsheet,T4,S,baseline,nasa_webb_factsheet#8,table_multi_row,2,1,1
pymupdf,nasa_webb_factsheet,T4,S,baseline,nasa_webb_factsheet#9,figure,2,0,0
pymupdf,nasa_webb_factsheet,T4,S,baseline,nasa_webb_factsheet#10,figure,2,0,0
pymupdf,nasa_webb_factsheet,T4,S,baseline,nasa_webb_factsheet#11,figure,2,0,0
pymupdf,nasa_webb_factsheet,T4,S,baseline,nasa_webb_factsheet#12,figure,2,0,0
pymupdf,p60_282,T2,L,baseline,p60_282#1,lookup,296,1,1
pymupdf,p60_282,T2,L,baseline,p60_282#2,lookup,296,1,1
pymupdf,p60_282,T2,L,baseline,p60_282#3,lookup,296,1,1
pymupdf,p60_282,T2,L,baseline,p60_282#4,table_cell,296,1,1
pymupdf,p60_282,T2,L,baseline,p60_282#5,table_cell,296,1,1
pymupdf,p60_282,T2,L,baseline,p60_282#6,table_cell,296,1,1
pymupdf,p60_282,T2,L,baseline,p60_282#7,table_cell,296,0,0
pymupdf,p60_282,T2,L,baseline,p60_282#8,lookup,296,1,1
pymupdf,p60_282,T2,L,baseline,p60_282#9,lookup,296,1,1
pymupdf,p60_282,T2,L,baseline,p60_282#10,table_cell,296,0,1
pymupdf,p60_282,T2,L,baseline,p60_282#11,table_cell,296,1,1
pymupdf,p60_282,T2,L,baseline,p60_282#12,table_cell,296,1,1
pymupdf,p60_282,T2,L,baseline,p60_282#13,table_multi_row,296,1,1
pymupdf,rfc9110,T1,XL,baseline,rfc9110#1,lookup,317,1,1
pymupdf,rfc9110,T1,XL,baseline,rfc9110#2,lookup,317,1,1
pymupdf,rfc9110,T1,XL,baseline,rfc9110#3,lookup,317,1,1
pymupdf,rfc9110,T1,XL,baseline,rfc9110#4,table_cell,317,1,1
pymupdf,rfc9110,T1,XL,baseline,rfc9110#5,table_cell,317,1,1
pymupdf,rfc9110,T1,XL,baseline,rfc9110#6,table_multi_row,317,1,1
pymupdf,rfc9110,T1,XL,baseline,rfc9110#7,lookup,317,1,1
pymupdf,rfc9110,T1,XL,baseline,rfc9110#8,lookup,317,1,1
pymupdf,rfc9110,T1,XL,baseline,rfc9110#9,lookup,317,1,1
pymupdf,rfc9110,T1,XL,baseline,rfc9110#10,lookup,317,1,1
pymupdf,rfc9110,T1,XL,baseline,rfc9110#11,lookup,317,1,1
pymupdf,rfc9110,T1,XL,baseline,rfc9110#12,lookup,317,1,1
pymupdf,rfc9112,T1,L,baseline,rfc9112#1,lookup,70,1,1
pymupdf,rfc9112,T1,L,baseline,rfc9112#2,lookup,70,1,1
pymupdf,rfc9112,T1,L,baseline,rfc9112#3,lookup,70,1,1
pymupdf,rfc9112,T1,L,baseline,rfc9112#4,lookup,70,1,1
pymupdf,rfc9112,T1,L,baseline,rfc9112#5,lookup,70,1,1
pymupdf,rfc9112,T1,L,baseline,rfc9112#6,cross_page,70,1,1
pymupdf,rfc9112,T1,L,baseline,rfc9112#7,lookup,70,1,1
pymupdf,rfc9112,T1,L,baseline,rfc9112#8,lookup,70,1,1
pymupdf,rfc9112,T1,L,baseline,rfc9112#9,lookup,70,1,1
pymupdf,rfc9112,T1,L,baseline,rfc9112#10,lookup,70,1,1
pymupdf,rfc9112,T1,L,baseline,rfc9112#11,lookup,70,1,1
pymupdf,rfc9112,T1,L,baseline,rfc9112#12,lookup,70,1,1
pymupdf,rfc9112,T1,L,baseline,rfc9112#13,lookup,70,1,1
pymupdf,rfc9112,T1,L,baseline,rfc9112#14,lookup,70,0,0
pymupdf,rfc9112,T1,L,baseline,rfc9112#15,lookup,70,1,1
pymupdf,rfc9112,T1,L,baseline,rfc9112#16,lookup,70,1,1
pymupdf,rfc9158,T1,S,baseline,rfc9158#1,lookup,6,1,1
pymupdf,rfc9158,T1,S,baseline,rfc9158#2,lookup,6,1,1
pymupdf,rfc9158,T1,S,baseline,rfc9158#3,lookup,6,1,1
pymupdf,rfc9158,T1,S,baseline,rfc9158#4,lookup,6,1,1
pymupdf,rfc9158,T1,S,baseline,rfc9158#5,table_multi_row,6,1,1
pymupdf,rfc9158,T1,S,baseline,rfc9158#6,table_cell,6,1,1
pymupdf,rfc9158,T1,S,baseline,rfc9158#7,lookup,6,1,1
pymupdf,rfc9158,T1,S,baseline,rfc9158#8,lookup,6,1,1
pymupdf,rfc9158,T1,S,baseline,rfc9158#9,cross_page,6,0,0
pymupdf,rfc9457,T1,M,baseline,rfc9457#1,lookup,24,1,1
pymupdf,rfc9457,T1,M,baseline,rfc9457#2,lookup,24,1,1
pymupdf,rfc9457,T1,M,baseline,rfc9457#3,lookup,24,1,1
pymupdf,rfc9457,T1,M,baseline,rfc9457#4,lookup,24,1,1
pymupdf,rfc9457,T1,M,baseline,rfc9457#5,lookup,24,1,1
pymupdf,rfc9457,T1,M,baseline,rfc9457#6,lookup,24,1,1
pymupdf,rfc9457,T1,M,baseline,rfc9457#7,lookup,24,1,1
pymupdf,rfc9457,T1,M,baseline,rfc9457#8,lookup,24,1,1
pymupdf,rfc9457,T1,M,baseline,rfc9457#9,lookup,24,1,1
pymupdf,rfc9457,T1,M,baseline,rfc9457#10,lookup,24,1,1
pymupdf,rfc9457,T1,M,baseline,rfc9457#11,lookup,24,1,1
pymupdf,scan_acsbr_023,T3,M,baseline,scan_acsbr_023#1,lookup,0,0,0
pymupdf,scan_acsbr_023,T3,M,baseline,scan_acsbr_023#2,lookup,0,0,0
pymupdf,scan_acsbr_023,T3,M,baseline,scan_acsbr_023#3,lookup,0,0,0
pymupdf,scan_acsbr_023,T3,M,baseline,scan_acsbr_023#4,lookup,0,0,0
pymupdf,scan_acsbr_023,T3,M,baseline,scan_acsbr_023#5,lookup,0,0,0
pymupdf,scan_acsbr_023,T3,M,baseline,scan_acsbr_023#6,lookup,0,0,0
pymupdf,scan_acsbr_023,T3,M,baseline,scan_acsbr_023#7,table_cell,0,0,0
pymupdf,scan_acsbr_023,T3,M,baseline,scan_acsbr_023#8,table_cell,0,0,0
pymupdf,scan_acsbr_023,T3,M,baseline,scan_acsbr_023#9,table_cell,0,0,0
pymupdf,scan_acsbr_023,T3,M,baseline,scan_acsbr_023#10,table_cell,0,0,0
pymupdf,scan_acsbr_023,T3,M,baseline,scan_acsbr_023#11,table_multi_row,0,0,0
pymupdf,scan_acsbr_023,T3,M,baseline,scan_acsbr_023#12,table_cell,0,0,0
pymupdf,scan_p60_282,T3,L,baseline,scan_p60_282#1,lookup,0,0,0
pymupdf,scan_p60_282,T3,L,baseline,scan_p60_282#2,lookup,0,0,0
pymupdf,scan_p60_282,T3,L,baseline,scan_p60_282#3,lookup,0,0,0
pymupdf,scan_p60_282,T3,L,baseline,scan_p60_282#4,table_cell,0,0,0
pymupdf,scan_p60_282,T3,L,baseline,scan_p60_282#5,table_cell,0,0,0
pymupdf,scan_p60_282,T3,L,baseline,scan_p60_282#6,table_cell,0,0,0
pymupdf,scan_p60_282,T3,L,baseline,scan_p60_282#7,table_cell,0,0,0
pymupdf,scan_p60_282,T3,L,baseline,scan_p60_282#8,lookup,0,0,0
pymupdf,scan_p60_282,T3,L,baseline,scan_p60_282#9,lookup,0,0,0
pymupdf,scan_p60_282,T3,L,baseline,scan_p60_282#10,table_cell,0,0,0
pymupdf,scan_p60_282,T3,L,baseline,scan_p60_282#11,table_cell,0,0,0
pymupdf,scan_p60_282,T3,L,baseline,scan_p60_282#12,table_cell,0,0,0
pymupdf,scan_p60_282,T3,L,baseline,scan_p60_282#13,table_multi_row,0,0,0
pymupdf,scan_rfc9110,T3,XL,baseline,scan_rfc9110#1,lookup,0,0,0
pymupdf,scan_rfc9110,T3,XL,baseline,scan_rfc9110#2,lookup,0,0,0
pymupdf,scan_rfc9110,T3,XL,baseline,scan_rfc9110#3,lookup,0,0,0
pymupdf,scan_rfc9110,T3,XL,baseline,scan_rfc9110#4,table_cell,0,0,0
pymupdf,scan_rfc9110,T3,XL,baseline,scan_rfc9110#5,table_cell,0,0,0
pymupdf,scan_rfc9110,T3,XL,baseline,scan_rfc9110#6,table_multi_row,0,0,0
pymupdf,scan_rfc9110,T3,XL,baseline,scan_rfc9110#7,lookup,0,0,0
pymupdf,scan_rfc9110,T3,XL,baseline,scan_rfc9110#8,lookup,0,0,0
pymupdf,scan_rfc9110,T3,XL,baseline,scan_rfc9110#9,lookup,0,0,0
pymupdf,scan_rfc9110,T3,XL,baseline,scan_rfc9110#10,lookup,0,0,0
pymupdf,scan_rfc9110,T3,XL,baseline,scan_rfc9110#11,lookup,0,0,0
pymupdf,scan_rfc9110,T3,XL,baseline,scan_rfc9110#12,lookup,0,0,0
pymupdf,scan_rfc9158,T3,S,baseline,scan_rfc9158#1,lookup,0,0,0
pymupdf,scan_rfc9158,T3,S,baseline,scan_rfc9158#2,lookup,0,0,0
pymupdf,scan_rfc9158,T3,S,baseline,scan_rfc9158#3,lookup,0,0,0
pymupdf,scan_rfc9158,T3,S,baseline,scan_rfc9158#4,lookup,0,0,0
pymupdf,scan_rfc9158,T3,S,baseline,scan_rfc9158#5,table_multi_row,0,0,0
pymupdf,scan_rfc9158,T3,S,baseline,scan_rfc9158#6,table_cell,0,0,0
pymupdf,scan_rfc9158,T3,S,baseline,scan_rfc9158#7,lookup,0,0,0
pymupdf,scan_rfc9158,T3,S,baseline,scan_rfc9158#8,lookup,0,0,0
pymupdf,scan_rfc9158,T3,S,baseline,scan_rfc9158#9,cross_page,0,0,0
pymupdf,scan_rfc9457,T3,M,baseline,scan_rfc9457#1,lookup,0,0,0
pymupdf,scan_rfc9457,T3,M,baseline,scan_rfc9457#2,lookup,0,0,0
pymupdf,scan_rfc9457,T3,M,baseline,scan_rfc9457#3,lookup,0,0,0
pymupdf,scan_rfc9457,T3,M,baseline,scan_rfc9457#4,lookup,0,0,0
pymupdf,scan_rfc9457,T3,M,baseline,scan_rfc9457#5,lookup,0,0,0
pymupdf,scan_rfc9457,T3,M,baseline,scan_rfc9457#6,lookup,0,0,0
pymupdf,scan_rfc9457,T3,M,baseline,scan_rfc9457#7,lookup,0,0,0
pymupdf,scan_rfc9457,T3,M,baseline,scan_rfc9457#8,lookup,0,0,0
pymupdf,scan_rfc9457,T3,M,baseline,scan_rfc9457#9,lookup,0,0,0
pymupdf,scan_rfc9457,T3,M,baseline,scan_rfc9457#10,lookup,0,0,0
pymupdf,scan_rfc9457,T3,M,baseline,scan_rfc9457#11,lookup,0,0,0
pymupdf4llm,acsbr_023,T2,M,baseline,acsbr_023#1,lookup,52,1,1
pymupdf4llm,acsbr_023,T2,M,baseline,acsbr_023#2,lookup,52,1,1
pymupdf4llm,acsbr_023,T2,M,baseline,acsbr_023#3,lookup,52,1,1
pymupdf4llm,acsbr_023,T2,M,baseline,acsbr_023#4,lookup,52,1,1
pymupdf4llm,acsbr_023,T2,M,baseline,acsbr_023#5,lookup,52,1,1
pymupdf4llm,acsbr_023,T2,M,baseline,acsbr_023#6,lookup,52,1,1
pymupdf4llm,acsbr_023,T2,M,baseline,acsbr_023#7,table_cell,52,1,1
pymupdf4llm,acsbr_023,T2,M,baseline,acsbr_023#8,table_cell,52,1,1
pymupdf4llm,acsbr_023,T2,M,baseline,acsbr_023#9,table_cell,52,0,1
pymupdf4llm,acsbr_023,T2,M,baseline,acsbr_023#10,table_cell,52,1,1
pymupdf4llm,acsbr_023,T2,M,baseline,acsbr_023#11,table_multi_row,52,1,1
pymupdf4llm,acsbr_023,T2,M,baseline,acsbr_023#12,table_cell,52,1,1
pymupdf4llm,erp2024_full,T2,XL,baseline,erp2024_full#1,lookup,2241,1,1
pymupdf4llm,erp2024_full,T2,XL,baseline,erp2024_full#2,table_cell,2241,1,1
pymupdf4llm,erp2024_full,T2,XL,baseline,erp2024_full#3,lookup,2241,0,0
pymupdf4llm,erp2024_full,T2,XL,baseline,erp2024_full#4,table_cell,2241,1,1
pymupdf4llm,erp2024_full,T2,XL,baseline,erp2024_full#5,table_cell,2241,1,1
pymupdf4llm,erp2024_full,T2,XL,baseline,erp2024_full#6,table_cell,2241,1,1
pymupdf4llm,erp2024_full,T2,XL,baseline,erp2024_full#7,table_multi_row,2241,1,1
pymupdf4llm,erp2024_full,T2,XL,baseline,erp2024_full#8,lookup,2241,1,1
pymupdf4llm,erp2024_full,T2,XL,baseline,erp2024_full#9,lookup,2241,1,1
pymupdf4llm,erp2024_full,T2,XL,baseline,erp2024_full#10,table_cell,2241,1,1
pymupdf4llm,erp2024_full,T2,XL,baseline,erp2024_full#11,table_cell,2241,0,0
pymupdf4llm,erp2024_table1,T2,S,baseline,erp2024_table1#1,lookup,37,1,1
pymupdf4llm,erp2024_table1,T2,S,baseline,erp2024_table1#2,table_cell,37,1,1
pymupdf4llm,erp2024_table1,T2,S,baseline,erp2024_table1#3,table_cell,37,0,0
pymupdf4llm,erp2024_table1,T2,S,baseline,erp2024_table1#4,table_cell,37,0,0
pymupdf4llm,erp2024_table1,T2,S,baseline,erp2024_table1#5,table_cell,37,0,0
pymupdf4llm,erp2024_table1,T2,S,baseline,erp2024_table1#6,table_cell,37,0,0
pymupdf4llm,erp2024_table1,T2,S,baseline,erp2024_table1#7,table_cell,37,0,0
pymupdf4llm,erp2024_table1,T2,S,baseline,erp2024_table1#8,lookup,37,0,1
pymupdf4llm,erp2024_table1,T2,S,baseline,erp2024_table1#9,lookup,37,1,1
pymupdf4llm,erp2024_table3,T2,S,baseline,erp2024_table3#1,lookup,47,1,1
pymupdf4llm,erp2024_table3,T2,S,baseline,erp2024_table3#2,lookup,47,0,0
pymupdf4llm,erp2024_table3,T2,S,baseline,erp2024_table3#3,table_cell,47,1,1
pymupdf4llm,erp2024_table3,T2,S,baseline,erp2024_table3#4,table_cell,47,0,0
pymupdf4llm,erp2024_table3,T2,S,baseline,erp2024_table3#5,table_cell,47,0,0
pymupdf4llm,erp2024_table3,T2,S,baseline,erp2024_table3#6,table_cell,47,0,0
pymupdf4llm,erp2024_table3,T2,S,baseline,erp2024_table3#7,table_multi_row,47,0,0
pymupdf4llm,erp2024_table3,T2,S,baseline,erp2024_table3#8,table_cell,47,0,0
pymupdf4llm,erp2024_table3,T2,S,baseline,erp2024_table3#9,table_cell,47,0,0
pymupdf4llm,erp2024_table3,T2,S,baseline,erp2024_table3#10,table_cell,47,0,0
pymupdf4llm,gen_t2_long,T2,S,baseline,gen_t2_long#1,table_cell,6,1,1
pymupdf4llm,gen_t2_long,T2,S,baseline,gen_t2_long#2,table_cell,6,1,1
pymupdf4llm,gen_t2_long,T2,S,baseline,gen_t2_long#3,table_cell,6,1,1
pymupdf4llm,gen_t2_long,T2,S,baseline,gen_t2_long#4,table_cell,6,1,1
pymupdf4llm,gen_t2_merged,T2,S,baseline,gen_t2_merged#1,table_cell,3,1,1
pymupdf4llm,gen_t2_rotated,T2,S,baseline,gen_t2_rotated#1,table_cell,1,1,1
pymupdf4llm,gen_t2_rotated,T2,S,baseline,gen_t2_rotated#2,table_cell,1,1,1
pymupdf4llm,gen_t2_simple,T2,S,baseline,gen_t2_simple#1,table_cell,3,1,1
pymupdf4llm,gen_t2_simple,T2,S,baseline,gen_t2_simple#2,table_cell,3,1,1
pymupdf4llm,gen_t2_simple,T2,S,baseline,gen_t2_simple#3,table_cell,3,1,1
pymupdf4llm,gen_t4_bar,T4,S,baseline,gen_t4_bar#1,figure,1,0,0
pymupdf4llm,gen_t4_flow,T4,S,baseline,gen_t4_flow#1,figure,1,0,0
pymupdf4llm,gen_t4_line,T4,S,baseline,gen_t4_line#1,figure,1,1,1
pymupdf4llm,gen_t4_mixed,T4,S,baseline,gen_t4_mixed#1,table_cell,3,1,1
pymupdf4llm,nasa_se_handbook,T4,XL,baseline,nasa_se_handbook#1,lookup,848,1,1
pymupdf4llm,nasa_se_handbook,T4,XL,baseline,nasa_se_handbook#2,lookup,848,1,1
pymupdf4llm,nasa_se_handbook,T4,XL,baseline,nasa_se_handbook#3,figure,848,1,1
pymupdf4llm,nasa_se_handbook,T4,XL,baseline,nasa_se_handbook#4,lookup,848,1,1
pymupdf4llm,nasa_se_handbook,T4,XL,baseline,nasa_se_handbook#5,lookup,848,1,1
pymupdf4llm,nasa_se_handbook,T4,XL,baseline,nasa_se_handbook#6,table_multi_row,848,1,1
pymupdf4llm,nasa_se_handbook,T4,XL,baseline,nasa_se_handbook#7,lookup,848,1,1
pymupdf4llm,nasa_se_handbook,T4,XL,baseline,nasa_se_handbook#8,lookup,848,1,1
pymupdf4llm,nasa_se_handbook,T4,XL,baseline,nasa_se_handbook#9,lookup,848,1,1
pymupdf4llm,nasa_se_handbook,T4,XL,baseline,nasa_se_handbook#10,lookup,848,1,1
pymupdf4llm,nasa_se_handbook,T4,XL,baseline,nasa_se_handbook#11,lookup,848,1,1
pymupdf4llm,nasa_se_handbook,T4,XL,baseline,nasa_se_handbook#12,lookup,848,1,1
pymupdf4llm,nasa_tm100396,T4,L,baseline,nasa_tm100396#1,lookup,198,1,1
pymupdf4llm,nasa_tm100396,T4,L,baseline,nasa_tm100396#2,lookup,198,1,1
pymupdf4llm,nasa_tm100396,T4,L,baseline,nasa_tm100396#3,lookup,198,1,1
pymupdf4llm,nasa_tm100396,T4,L,baseline,nasa_tm100396#4,lookup,198,1,1
pymupdf4llm,nasa_tm100396,T4,L,baseline,nasa_tm100396#5,lookup,198,1,1
pymupdf4llm,nasa_tm100396,T4,L,baseline,nasa_tm100396#6,lookup,198,1,1
pymupdf4llm,nasa_tm100396,T4,L,baseline,nasa_tm100396#7,lookup,198,1,1
pymupdf4llm,nasa_tm100396,T4,L,baseline,nasa_tm100396#8,lookup,198,1,1
pymupdf4llm,nasa_tm100396,T4,L,baseline,nasa_tm100396#9,lookup,198,1,1
pymupdf4llm,nasa_tm100396,T4,L,baseline,nasa_tm100396#10,cross_page,198,0,0
pymupdf4llm,nasa_tm100396,T4,L,baseline,nasa_tm100396#11,lookup,198,1,1
pymupdf4llm,nasa_tm100396,T4,L,baseline,nasa_tm100396#12,table_cell,198,1,1
pymupdf4llm,nasa_tm104114,T4,XL,baseline,nasa_tm104114#1,lookup,147,0,1
pymupdf4llm,nasa_tm104114,T4,XL,baseline,nasa_tm104114#2,lookup,147,1,1
pymupdf4llm,nasa_tm104114,T4,XL,baseline,nasa_tm104114#3,lookup,147,0,0
pymupdf4llm,nasa_tm104114,T4,XL,baseline,nasa_tm104114#4,table_cell,147,0,0
pymupdf4llm,nasa_tm104114,T4,XL,baseline,nasa_tm104114#5,table_cell,147,0,0
pymupdf4llm,nasa_tm104114,T4,XL,baseline,nasa_tm104114#6,table_cell,147,0,0
pymupdf4llm,nasa_tm104114,T4,XL,baseline,nasa_tm104114#7,table_cell,147,0,0
pymupdf4llm,nasa_tm104114,T4,XL,baseline,nasa_tm104114#8,lookup,147,1,1
pymupdf4llm,nasa_tm104114,T4,XL,baseline,nasa_tm104114#9,lookup,147,0,0
pymupdf4llm,nasa_tm104114,T4,XL,baseline,nasa_tm104114#10,lookup,147,0,0
pymupdf4llm,nasa_tm104114,T4,XL,baseline,nasa_tm104114#11,lookup,147,0,0
pymupdf4llm,nasa_tm_x9471,T4,M,baseline,nasa_tm_x9471#1,lookup,15,1,1
pymupdf4llm,nasa_tm_x9471,T4,M,baseline,nasa_tm_x9471#2,lookup,15,1,1
pymupdf4llm,nasa_tm_x9471,T4,M,baseline,nasa_tm_x9471#3,lookup,15,1,1
pymupdf4llm,nasa_tm_x9471,T4,M,baseline,nasa_tm_x9471#4,lookup,15,1,1
pymupdf4llm,nasa_tm_x9471,T4,M,baseline,nasa_tm_x9471#5,lookup,15,1,1
pymupdf4llm,nasa_tm_x9471,T4,M,baseline,nasa_tm_x9471#6,lookup,15,1,1
pymupdf4llm,nasa_tm_x9471,T4,M,baseline,nasa_tm_x9471#7,lookup,15,1,1
pymupdf4llm,nasa_tm_x9471,T4,M,baseline,nasa_tm_x9471#8,lookup,15,1,1
pymupdf4llm,nasa_tm_x9471,T4,M,baseline,nasa_tm_x9471#9,lookup,15,1,1
pymupdf4llm,nasa_tm_x9471,T4,M,baseline,nasa_tm_x9471#10,figure,15,1,1
pymupdf4llm,nasa_tm_x9471,T4,M,baseline,nasa_tm_x9471#11,figure,15,0,0
pymupdf4llm,nasa_tm_x9471,T4,M,baseline,nasa_tm_x9471#12,figure,15,1,1
pymupdf4llm,nasa_webb_factsheet,T4,S,baseline,nasa_webb_factsheet#1,lookup,6,1,1
pymupdf4llm,nasa_webb_factsheet,T4,S,baseline,nasa_webb_factsheet#2,lookup,6,1,1
pymupdf4llm,nasa_webb_factsheet,T4,S,baseline,nasa_webb_factsheet#3,lookup,6,1,1
pymupdf4llm,nasa_webb_factsheet,T4,S,baseline,nasa_webb_factsheet#4,lookup,6,1,1
pymupdf4llm,nasa_webb_factsheet,T4,S,baseline,nasa_webb_factsheet#5,lookup,6,1,1
pymupdf4llm,nasa_webb_factsheet,T4,S,baseline,nasa_webb_factsheet#6,lookup,6,1,1
pymupdf4llm,nasa_webb_factsheet,T4,S,baseline,nasa_webb_factsheet#7,lookup,6,1,1
pymupdf4llm,nasa_webb_factsheet,T4,S,baseline,nasa_webb_factsheet#8,table_multi_row,6,1,1
pymupdf4llm,nasa_webb_factsheet,T4,S,baseline,nasa_webb_factsheet#9,figure,6,0,0
pymupdf4llm,nasa_webb_factsheet,T4,S,baseline,nasa_webb_factsheet#10,figure,6,0,0
pymupdf4llm,nasa_webb_factsheet,T4,S,baseline,nasa_webb_factsheet#11,figure,6,0,0
pymupdf4llm,nasa_webb_factsheet,T4,S,baseline,nasa_webb_factsheet#12,figure,6,0,0
pymupdf4llm,p60_282,T2,L,baseline,p60_282#1,lookup,525,1,1
pymupdf4llm,p60_282,T2,L,baseline,p60_282#2,lookup,525,1,1
pymupdf4llm,p60_282,T2,L,baseline,p60_282#3,lookup,525,1,1
pymupdf4llm,p60_282,T2,L,baseline,p60_282#4,table_cell,525,1,1
pymupdf4llm,p60_282,T2,L,baseline,p60_282#5,table_cell,525,1,1
pymupdf4llm,p60_282,T2,L,baseline,p60_282#6,table_cell,525,1,1
pymupdf4llm,p60_282,T2,L,baseline,p60_282#7,table_cell,525,1,1
pymupdf4llm,p60_282,T2,L,baseline,p60_282#8,lookup,525,1,1
pymupdf4llm,p60_282,T2,L,baseline,p60_282#9,lookup,525,1,1
pymupdf4llm,p60_282,T2,L,baseline,p60_282#10,table_cell,525,0,0
pymupdf4llm,p60_282,T2,L,baseline,p60_282#11,table_cell,525,1,1
pymupdf4llm,p60_282,T2,L,baseline,p60_282#12,table_cell,525,1,1
pymupdf4llm,p60_282,T2,L,baseline,p60_282#13,table_multi_row,525,0,1
pymupdf4llm,rfc9110,T1,XL,baseline,rfc9110#1,lookup,474,1,1
pymupdf4llm,rfc9110,T1,XL,baseline,rfc9110#2,lookup,474,1,1
pymupdf4llm,rfc9110,T1,XL,baseline,rfc9110#3,lookup,474,1,1
pymupdf4llm,rfc9110,T1,XL,baseline,rfc9110#4,table_cell,474,1,1
pymupdf4llm,rfc9110,T1,XL,baseline,rfc9110#5,table_cell,474,1,1
pymupdf4llm,rfc9110,T1,XL,baseline,rfc9110#6,table_multi_row,474,1,1
pymupdf4llm,rfc9110,T1,XL,baseline,rfc9110#7,lookup,474,1,1
pymupdf4llm,rfc9110,T1,XL,baseline,rfc9110#8,lookup,474,1,1
pymupdf4llm,rfc9110,T1,XL,baseline,rfc9110#9,lookup,474,1,1
pymupdf4llm,rfc9110,T1,XL,baseline,rfc9110#10,lookup,474,1,1
pymupdf4llm,rfc9110,T1,XL,baseline,rfc9110#11,lookup,474,1,1
pymupdf4llm,rfc9110,T1,XL,baseline,rfc9110#12,lookup,474,1,1
pymupdf4llm,rfc9112,T1,L,baseline,rfc9112#1,lookup,111,1,1
pymupdf4llm,rfc9112,T1,L,baseline,rfc9112#2,lookup,111,1,1
pymupdf4llm,rfc9112,T1,L,baseline,rfc9112#3,lookup,111,1,1
pymupdf4llm,rfc9112,T1,L,baseline,rfc9112#4,lookup,111,1,1
pymupdf4llm,rfc9112,T1,L,baseline,rfc9112#5,lookup,111,1,1
pymupdf4llm,rfc9112,T1,L,baseline,rfc9112#6,cross_page,111,1,1
pymupdf4llm,rfc9112,T1,L,baseline,rfc9112#7,lookup,111,1,1
pymupdf4llm,rfc9112,T1,L,baseline,rfc9112#8,lookup,111,1,1
pymupdf4llm,rfc9112,T1,L,baseline,rfc9112#9,lookup,111,1,1
pymupdf4llm,rfc9112,T1,L,baseline,rfc9112#10,lookup,111,1,1
pymupdf4llm,rfc9112,T1,L,baseline,rfc9112#11,lookup,111,1,1
pymupdf4llm,rfc9112,T1,L,baseline,rfc9112#12,lookup,111,1,1
pymupdf4llm,rfc9112,T1,L,baseline,rfc9112#13,lookup,111,1,1
pymupdf4llm,rfc9112,T1,L,baseline,rfc9112#14,lookup,111,1,1
pymupdf4llm,rfc9112,T1,L,baseline,rfc9112#15,lookup,111,1,1
pymupdf4llm,rfc9112,T1,L,baseline,rfc9112#16,lookup,111,1,1
pymupdf4llm,rfc9158,T1,S,baseline,rfc9158#1,lookup,15,1,1
pymupdf4llm,rfc9158,T1,S,baseline,rfc9158#2,lookup,15,1,1
pymupdf4llm,rfc9158,T1,S,baseline,rfc9158#3,lookup,15,1,1
pymupdf4llm,rfc9158,T1,S,baseline,rfc9158#4,lookup,15,1,1
pymupdf4llm,rfc9158,T1,S,baseline,rfc9158#5,table_multi_row,15,0,1
pymupdf4llm,rfc9158,T1,S,baseline,rfc9158#6,table_cell,15,1,1
pymupdf4llm,rfc9158,T1,S,baseline,rfc9158#7,lookup,15,1,1
pymupdf4llm,rfc9158,T1,S,baseline,rfc9158#8,lookup,15,1,1
pymupdf4llm,rfc9158,T1,S,baseline,rfc9158#9,cross_page,15,0,0
pymupdf4llm,rfc9457,T1,M,baseline,rfc9457#1,lookup,49,1,1
pymupdf4llm,rfc9457,T1,M,baseline,rfc9457#2,lookup,49,1,1
pymupdf4llm,rfc9457,T1,M,baseline,rfc9457#3,lookup,49,1,1
pymupdf4llm,rfc9457,T1,M,baseline,rfc9457#4,lookup,49,1,1
pymupdf4llm,rfc9457,T1,M,baseline,rfc9457#5,lookup,49,1,1
pymupdf4llm,rfc9457,T1,M,baseline,rfc9457#6,lookup,49,1,1
pymupdf4llm,rfc9457,T1,M,baseline,rfc9457#7,lookup,49,1,1
pymupdf4llm,rfc9457,T1,M,baseline,rfc9457#8,lookup,49,1,1
pymupdf4llm,rfc9457,T1,M,baseline,rfc9457#9,lookup,49,1,1
pymupdf4llm,rfc9457,T1,M,baseline,rfc9457#10,lookup,49,1,1
pymupdf4llm,rfc9457,T1,M,baseline,rfc9457#11,lookup,49,1,1
pymupdf4llm,scan_acsbr_023,T3,M,baseline,scan_acsbr_023#1,lookup,42,1,1
pymupdf4llm,scan_acsbr_023,T3,M,baseline,scan_acsbr_023#2,lookup,42,1,1
pymupdf4llm,scan_acsbr_023,T3,M,baseline,scan_acsbr_023#3,lookup,42,1,1
pymupdf4llm,scan_acsbr_023,T3,M,baseline,scan_acsbr_023#4,lookup,42,1,1
pymupdf4llm,scan_acsbr_023,T3,M,baseline,scan_acsbr_023#5,lookup,42,1,1
pymupdf4llm,scan_acsbr_023,T3,M,baseline,scan_acsbr_023#6,lookup,42,1,1
pymupdf4llm,scan_acsbr_023,T3,M,baseline,scan_acsbr_023#7,table_cell,42,1,1
pymupdf4llm,scan_acsbr_023,T3,M,baseline,scan_acsbr_023#8,table_cell,42,1,1
pymupdf4llm,scan_acsbr_023,T3,M,baseline,scan_acsbr_023#9,table_cell,42,0,1
pymupdf4llm,scan_acsbr_023,T3,M,baseline,scan_acsbr_023#10,table_cell,42,1,1
pymupdf4llm,scan_acsbr_023,T3,M,baseline,scan_acsbr_023#11,table_multi_row,42,1,1
pymupdf4llm,scan_acsbr_023,T3,M,baseline,scan_acsbr_023#12,table_cell,42,1,1
pymupdf4llm,scan_p60_282,T3,L,baseline,scan_p60_282#1,lookup,371,0,1
pymupdf4llm,scan_p60_282,T3,L,baseline,scan_p60_282#2,lookup,371,1,1
pymupdf4llm,scan_p60_282,T3,L,baseline,scan_p60_282#3,lookup,371,0,0
pymupdf4llm,scan_p60_282,T3,L,baseline,scan_p60_282#4,table_cell,371,1,1
pymupdf4llm,scan_p60_282,T3,L,baseline,scan_p60_282#5,table_cell,371,1,1
pymupdf4llm,scan_p60_282,T3,L,baseline,scan_p60_282#6,table_cell,371,1,1
pymupdf4llm,scan_p60_282,T3,L,baseline,scan_p60_282#7,table_cell,371,1,1
pymupdf4llm,scan_p60_282,T3,L,baseline,scan_p60_282#8,lookup,371,1,1
pymupdf4llm,scan_p60_282,T3,L,baseline,scan_p60_282#9,lookup,371,1,1
pymupdf4llm,scan_p60_282,T3,L,baseline,scan_p60_282#10,table_cell,371,1,1
pymupdf4llm,scan_p60_282,T3,L,baseline,scan_p60_282#11,table_cell,371,1,1
pymupdf4llm,scan_p60_282,T3,L,baseline,scan_p60_282#12,table_cell,371,0,0
pymupdf4llm,scan_p60_282,T3,L,baseline,scan_p60_282#13,table_multi_row,371,0,0
pymupdf4llm,scan_rfc9110,T3,XL,baseline,scan_rfc9110#1,lookup,452,1,1
pymupdf4llm,scan_rfc9110,T3,XL,baseline,scan_rfc9110#2,lookup,452,1,1
pymupdf4llm,scan_rfc9110,T3,XL,baseline,scan_rfc9110#3,lookup,452,1,1
pymupdf4llm,scan_rfc9110,T3,XL,baseline,scan_rfc9110#4,table_cell,452,0,0
pymupdf4llm,scan_rfc9110,T3,XL,baseline,scan_rfc9110#5,table_cell,452,1,1
pymupdf4llm,scan_rfc9110,T3,XL,baseline,scan_rfc9110#6,table_multi_row,452,1,1
pymupdf4llm,scan_rfc9110,T3,XL,baseline,scan_rfc9110#7,lookup,452,1,1
pymupdf4llm,scan_rfc9110,T3,XL,baseline,scan_rfc9110#8,lookup,452,1,1
pymupdf4llm,scan_rfc9110,T3,XL,baseline,scan_rfc9110#9,lookup,452,1,1
pymupdf4llm,scan_rfc9110,T3,XL,baseline,scan_rfc9110#10,lookup,452,1,1
pymupdf4llm,scan_rfc9110,T3,XL,baseline,scan_rfc9110#11,lookup,452,1,1
pymupdf4llm,scan_rfc9110,T3,XL,baseline,scan_rfc9110#12,lookup,452,1,1
pymupdf4llm,scan_rfc9158,T3,S,baseline,scan_rfc9158#1,lookup,15,1,1
pymupdf4llm,scan_rfc9158,T3,S,baseline,scan_rfc9158#2,lookup,15,1,1
pymupdf4llm,scan_rfc9158,T3,S,baseline,scan_rfc9158#3,lookup,15,1,1
pymupdf4llm,scan_rfc9158,T3,S,baseline,scan_rfc9158#4,lookup,15,1,1
pymupdf4llm,scan_rfc9158,T3,S,baseline,scan_rfc9158#5,table_multi_row,15,1,1
pymupdf4llm,scan_rfc9158,T3,S,baseline,scan_rfc9158#6,table_cell,15,1,1
pymupdf4llm,scan_rfc9158,T3,S,baseline,scan_rfc9158#7,lookup,15,1,1
pymupdf4llm,scan_rfc9158,T3,S,baseline,scan_rfc9158#8,lookup,15,1,1
pymupdf4llm,scan_rfc9158,T3,S,baseline,scan_rfc9158#9,cross_page,15,0,0
pymupdf4llm,scan_rfc9457,T3,M,baseline,scan_rfc9457#1,lookup,36,1,1
pymupdf4llm,scan_rfc9457,T3,M,baseline,scan_rfc9457#2,lookup,36,1,1
pymupdf4llm,scan_rfc9457,T3,M,baseline,scan_rfc9457#3,lookup,36,1,1
pymupdf4llm,scan_rfc9457,T3,M,baseline,scan_rfc9457#4,lookup,36,1,1
pymupdf4llm,scan_rfc9457,T3,M,baseline,scan_rfc9457#5,lookup,36,1,1
pymupdf4llm,scan_rfc9457,T3,M,baseline,scan_rfc9457#6,lookup,36,1,1
pymupdf4llm,scan_rfc9457,T3,M,baseline,scan_rfc9457#7,lookup,36,1,1
pymupdf4llm,scan_rfc9457,T3,M,baseline,scan_rfc9457#8,lookup,36,1,1
pymupdf4llm,scan_rfc9457,T3,M,baseline,scan_rfc9457#9,lookup,36,1,1
pymupdf4llm,scan_rfc9457,T3,M,baseline,scan_rfc9457#10,lookup,36,1,1
pymupdf4llm,scan_rfc9457,T3,M,baseline,scan_rfc9457#11,lookup,36,1,1
tesseract,acsbr_023,T2,M,baseline,acsbr_023#1,lookup,29,1,1
tesseract,acsbr_023,T2,M,baseline,acsbr_023#2,lookup,29,1,1
tesseract,acsbr_023,T2,M,baseline,acsbr_023#3,lookup,29,1,1
tesseract,acsbr_023,T2,M,baseline,acsbr_023#4,lookup,29,1,1
tesseract,acsbr_023,T2,M,baseline,acsbr_023#5,lookup,29,1,1
tesseract,acsbr_023,T2,M,baseline,acsbr_023#6,lookup,29,1,1
tesseract,acsbr_023,T2,M,baseline,acsbr_023#7,table_cell,29,1,1
tesseract,acsbr_023,T2,M,baseline,acsbr_023#8,table_cell,29,1,1
tesseract,acsbr_023,T2,M,baseline,acsbr_023#9,table_cell,29,0,1
tesseract,acsbr_023,T2,M,baseline,acsbr_023#10,table_cell,29,0,1
tesseract,acsbr_023,T2,M,baseline,acsbr_023#11,table_multi_row,29,0,1
tesseract,acsbr_023,T2,M,baseline,acsbr_023#12,table_cell,29,1,1
tesseract,erp2024_full,T2,XL,baseline,erp2024_full#1,lookup,1362,1,1
tesseract,erp2024_full,T2,XL,baseline,erp2024_full#2,table_cell,1362,1,1
tesseract,erp2024_full,T2,XL,baseline,erp2024_full#3,lookup,1362,0,0
tesseract,erp2024_full,T2,XL,baseline,erp2024_full#4,table_cell,1362,1,1
tesseract,erp2024_full,T2,XL,baseline,erp2024_full#5,table_cell,1362,1,1
tesseract,erp2024_full,T2,XL,baseline,erp2024_full#6,table_cell,1362,1,1
tesseract,erp2024_full,T2,XL,baseline,erp2024_full#7,table_multi_row,1362,0,0
tesseract,erp2024_full,T2,XL,baseline,erp2024_full#8,lookup,1362,1,1
tesseract,erp2024_full,T2,XL,baseline,erp2024_full#9,lookup,1362,1,1
tesseract,erp2024_full,T2,XL,baseline,erp2024_full#10,table_cell,1362,1,1
tesseract,erp2024_full,T2,XL,baseline,erp2024_full#11,table_cell,1362,1,1
tesseract,erp2024_table1,T2,S,baseline,erp2024_table1#1,lookup,3,1,1
tesseract,erp2024_table1,T2,S,baseline,erp2024_table1#2,table_cell,3,0,0
tesseract,erp2024_table1,T2,S,baseline,erp2024_table1#3,table_cell,3,0,0
tesseract,erp2024_table1,T2,S,baseline,erp2024_table1#4,table_cell,3,0,0
tesseract,erp2024_table1,T2,S,baseline,erp2024_table1#5,table_cell,3,0,0
tesseract,erp2024_table1,T2,S,baseline,erp2024_table1#6,table_cell,3,0,0
tesseract,erp2024_table1,T2,S,baseline,erp2024_table1#7,table_cell,3,0,0
tesseract,erp2024_table1,T2,S,baseline,erp2024_table1#8,lookup,3,1,1
tesseract,erp2024_table1,T2,S,baseline,erp2024_table1#9,lookup,3,1,1
tesseract,erp2024_table3,T2,S,baseline,erp2024_table3#1,lookup,28,1,1
tesseract,erp2024_table3,T2,S,baseline,erp2024_table3#2,lookup,28,0,0
tesseract,erp2024_table3,T2,S,baseline,erp2024_table3#3,table_cell,28,0,0
tesseract,erp2024_table3,T2,S,baseline,erp2024_table3#4,table_cell,28,0,0
tesseract,erp2024_table3,T2,S,baseline,erp2024_table3#5,table_cell,28,0,0
tesseract,erp2024_table3,T2,S,baseline,erp2024_table3#6,table_cell,28,0,0
tesseract,erp2024_table3,T2,S,baseline,erp2024_table3#7,table_multi_row,28,0,0
tesseract,erp2024_table3,T2,S,baseline,erp2024_table3#8,table_cell,28,0,0
tesseract,erp2024_table3,T2,S,baseline,erp2024_table3#9,table_cell,28,0,0
tesseract,erp2024_table3,T2,S,baseline,erp2024_table3#10,table_cell,28,0,0
tesseract,gen_t2_long,T2,S,baseline,gen_t2_long#1,table_cell,4,1,1
tesseract,gen_t2_long,T2,S,baseline,gen_t2_long#2,table_cell,4,1,1
tesseract,gen_t2_long,T2,S,baseline,gen_t2_long#3,table_cell,4,1,1
tesseract,gen_t2_long,T2,S,baseline,gen_t2_long#4,table_cell,4,1,1
tesseract,gen_t2_merged,T2,S,baseline,gen_t2_merged#1,table_cell,1,1,1
tesseract,gen_t2_rotated,T2,S,baseline,gen_t2_rotated#1,table_cell,1,1,1
tesseract,gen_t2_rotated,T2,S,baseline,gen_t2_rotated#2,table_cell,1,1,1
tesseract,gen_t2_simple,T2,S,baseline,gen_t2_simple#1,table_cell,1,1,1
tesseract,gen_t2_simple,T2,S,baseline,gen_t2_simple#2,table_cell,1,1,1
tesseract,gen_t2_simple,T2,S,baseline,gen_t2_simple#3,table_cell,1,1,1
tesseract,gen_t4_bar,T4,S,baseline,gen_t4_bar#1,figure,1,0,0
tesseract,gen_t4_flow,T4,S,baseline,gen_t4_flow#1,figure,1,1,1
tesseract,gen_t4_line,T4,S,baseline,gen_t4_line#1,figure,1,0,0
tesseract,gen_t4_mixed,T4,S,baseline,gen_t4_mixed#1,table_cell,1,1,1
tesseract,nasa_se_handbook,T4,XL,baseline,nasa_se_handbook#1,lookup,504,1,1
tesseract,nasa_se_handbook,T4,XL,baseline,nasa_se_handbook#2,lookup,504,1,1
tesseract,nasa_se_handbook,T4,XL,baseline,nasa_se_handbook#3,figure,504,0,0
tesseract,nasa_se_handbook,T4,XL,baseline,nasa_se_handbook#4,lookup,504,1,1
tesseract,nasa_se_handbook,T4,XL,baseline,nasa_se_handbook#5,lookup,504,1,1
tesseract,nasa_se_handbook,T4,XL,baseline,nasa_se_handbook#6,table_multi_row,504,1,1
tesseract,nasa_se_handbook,T4,XL,baseline,nasa_se_handbook#7,lookup,504,1,1
tesseract,nasa_se_handbook,T4,XL,baseline,nasa_se_handbook#8,lookup,504,1,1
tesseract,nasa_se_handbook,T4,XL,baseline,nasa_se_handbook#9,lookup,504,1,1
tesseract,nasa_se_handbook,T4,XL,baseline,nasa_se_handbook#10,lookup,504,1,1
tesseract,nasa_se_handbook,T4,XL,baseline,nasa_se_handbook#11,lookup,504,1,1
tesseract,nasa_se_handbook,T4,XL,baseline,nasa_se_handbook#12,lookup,504,1,1
tesseract,nasa_tm100396,T4,L,baseline,nasa_tm100396#1,lookup,111,1,1
tesseract,nasa_tm100396,T4,L,baseline,nasa_tm100396#2,lookup,111,1,1
tesseract,nasa_tm100396,T4,L,baseline,nasa_tm100396#3,lookup,111,1,1
tesseract,nasa_tm100396,T4,L,baseline,nasa_tm100396#4,lookup,111,1,1
tesseract,nasa_tm100396,T4,L,baseline,nasa_tm100396#5,lookup,111,1,1
tesseract,nasa_tm100396,T4,L,baseline,nasa_tm100396#6,lookup,111,1,1
tesseract,nasa_tm100396,T4,L,baseline,nasa_tm100396#7,lookup,111,1,1
tesseract,nasa_tm100396,T4,L,baseline,nasa_tm100396#8,lookup,111,1,1
tesseract,nasa_tm100396,T4,L,baseline,nasa_tm100396#9,lookup,111,1,1
tesseract,nasa_tm100396,T4,L,baseline,nasa_tm100396#10,cross_page,111,0,0
tesseract,nasa_tm100396,T4,L,baseline,nasa_tm100396#11,lookup,111,1,1
tesseract,nasa_tm100396,T4,L,baseline,nasa_tm100396#12,table_cell,111,1,1
tesseract,nasa_tm104114,T4,XL,baseline,nasa_tm104114#1,lookup,137,1,1
tesseract,nasa_tm104114,T4,XL,baseline,nasa_tm104114#2,lookup,137,1,1
tesseract,nasa_tm104114,T4,XL,baseline,nasa_tm104114#3,lookup,137,0,0
tesseract,nasa_tm104114,T4,XL,baseline,nasa_tm104114#4,table_cell,137,1,1
tesseract,nasa_tm104114,T4,XL,baseline,nasa_tm104114#5,table_cell,137,1,1
tesseract,nasa_tm104114,T4,XL,baseline,nasa_tm104114#6,table_cell,137,1,1
tesseract,nasa_tm104114,T4,XL,baseline,nasa_tm104114#7,table_cell,137,1,1
tesseract,nasa_tm104114,T4,XL,baseline,nasa_tm104114#8,lookup,137,1,1
tesseract,nasa_tm104114,T4,XL,baseline,nasa_tm104114#9,lookup,137,1,1
tesseract,nasa_tm104114,T4,XL,baseline,nasa_tm104114#10,lookup,137,1,1
tesseract,nasa_tm104114,T4,XL,baseline,nasa_tm104114#11,lookup,137,1,1
tesseract,nasa_tm_x9471,T4,M,baseline,nasa_tm_x9471#1,lookup,7,1,1
tesseract,nasa_tm_x9471,T4,M,baseline,nasa_tm_x9471#2,lookup,7,1,1
tesseract,nasa_tm_x9471,T4,M,baseline,nasa_tm_x9471#3,lookup,7,1,1
tesseract,nasa_tm_x9471,T4,M,baseline,nasa_tm_x9471#4,lookup,7,1,1
tesseract,nasa_tm_x9471,T4,M,baseline,nasa_tm_x9471#5,lookup,7,1,1
tesseract,nasa_tm_x9471,T4,M,baseline,nasa_tm_x9471#6,lookup,7,1,1
tesseract,nasa_tm_x9471,T4,M,baseline,nasa_tm_x9471#7,lookup,7,1,1
tesseract,nasa_tm_x9471,T4,M,baseline,nasa_tm_x9471#8,lookup,7,1,1
tesseract,nasa_tm_x9471,T4,M,baseline,nasa_tm_x9471#9,lookup,7,1,1
tesseract,nasa_tm_x9471,T4,M,baseline,nasa_tm_x9471#10,figure,7,0,0
tesseract,nasa_tm_x9471,T4,M,baseline,nasa_tm_x9471#11,figure,7,1,1
tesseract,nasa_tm_x9471,T4,M,baseline,nasa_tm_x9471#12,figure,7,0,0
tesseract,nasa_webb_factsheet,T4,S,baseline,nasa_webb_factsheet#1,lookup,3,1,1
tesseract,nasa_webb_factsheet,T4,S,baseline,nasa_webb_factsheet#2,lookup,3,1,1
tesseract,nasa_webb_factsheet,T4,S,baseline,nasa_webb_factsheet#3,lookup,3,0,0
tesseract,nasa_webb_factsheet,T4,S,baseline,nasa_webb_factsheet#4,lookup,3,1,1
tesseract,nasa_webb_factsheet,T4,S,baseline,nasa_webb_factsheet#5,lookup,3,1,1
tesseract,nasa_webb_factsheet,T4,S,baseline,nasa_webb_factsheet#6,lookup,3,1,1
tesseract,nasa_webb_factsheet,T4,S,baseline,nasa_webb_factsheet#7,lookup,3,1,1
tesseract,nasa_webb_factsheet,T4,S,baseline,nasa_webb_factsheet#8,table_multi_row,3,1,1
tesseract,nasa_webb_factsheet,T4,S,baseline,nasa_webb_factsheet#9,figure,3,1,1
tesseract,nasa_webb_factsheet,T4,S,baseline,nasa_webb_factsheet#10,figure,3,1,1
tesseract,nasa_webb_factsheet,T4,S,baseline,nasa_webb_factsheet#11,figure,3,1,1
tesseract,nasa_webb_factsheet,T4,S,baseline,nasa_webb_factsheet#12,figure,3,1,1
tesseract,p60_282,T2,L,baseline,p60_282#1,lookup,259,1,1
tesseract,p60_282,T2,L,baseline,p60_282#2,lookup,259,1,1
tesseract,p60_282,T2,L,baseline,p60_282#3,lookup,259,1,1
tesseract,p60_282,T2,L,baseline,p60_282#4,table_cell,259,1,1
tesseract,p60_282,T2,L,baseline,p60_282#5,table_cell,259,1,1
tesseract,p60_282,T2,L,baseline,p60_282#6,table_cell,259,1,1
tesseract,p60_282,T2,L,baseline,p60_282#7,table_cell,259,1,1
tesseract,p60_282,T2,L,baseline,p60_282#8,lookup,259,1,1
tesseract,p60_282,T2,L,baseline,p60_282#9,lookup,259,1,1
tesseract,p60_282,T2,L,baseline,p60_282#10,table_cell,259,1,1
tesseract,p60_282,T2,L,baseline,p60_282#11,table_cell,259,1,1
tesseract,p60_282,T2,L,baseline,p60_282#12,table_cell,259,0,1
tesseract,p60_282,T2,L,baseline,p60_282#13,table_multi_row,259,0,1
tesseract,rfc9110,T1,XL,baseline,rfc9110#1,lookup,305,1,1
tesseract,rfc9110,T1,XL,baseline,rfc9110#2,lookup,305,1,1
tesseract,rfc9110,T1,XL,baseline,rfc9110#3,lookup,305,1,1
tesseract,rfc9110,T1,XL,baseline,rfc9110#4,table_cell,305,1,1
tesseract,rfc9110,T1,XL,baseline,rfc9110#5,table_cell,305,1,1
tesseract,rfc9110,T1,XL,baseline,rfc9110#6,table_multi_row,305,1,1
tesseract,rfc9110,T1,XL,baseline,rfc9110#7,lookup,305,1,1
tesseract,rfc9110,T1,XL,baseline,rfc9110#8,lookup,305,1,1
tesseract,rfc9110,T1,XL,baseline,rfc9110#9,lookup,305,1,1
tesseract,rfc9110,T1,XL,baseline,rfc9110#10,lookup,305,1,1
tesseract,rfc9110,T1,XL,baseline,rfc9110#11,lookup,305,1,1
tesseract,rfc9110,T1,XL,baseline,rfc9110#12,lookup,305,1,1
tesseract,rfc9112,T1,L,baseline,rfc9112#1,lookup,66,1,1
tesseract,rfc9112,T1,L,baseline,rfc9112#2,lookup,66,1,1
tesseract,rfc9112,T1,L,baseline,rfc9112#3,lookup,66,1,1
tesseract,rfc9112,T1,L,baseline,rfc9112#4,lookup,66,1,1
tesseract,rfc9112,T1,L,baseline,rfc9112#5,lookup,66,1,1
tesseract,rfc9112,T1,L,baseline,rfc9112#6,cross_page,66,1,1
tesseract,rfc9112,T1,L,baseline,rfc9112#7,lookup,66,1,1
tesseract,rfc9112,T1,L,baseline,rfc9112#8,lookup,66,1,1
tesseract,rfc9112,T1,L,baseline,rfc9112#9,lookup,66,1,1
tesseract,rfc9112,T1,L,baseline,rfc9112#10,lookup,66,1,1
tesseract,rfc9112,T1,L,baseline,rfc9112#11,lookup,66,1,1
tesseract,rfc9112,T1,L,baseline,rfc9112#12,lookup,66,1,1
tesseract,rfc9112,T1,L,baseline,rfc9112#13,lookup,66,1,1
tesseract,rfc9112,T1,L,baseline,rfc9112#14,lookup,66,1,1
tesseract,rfc9112,T1,L,baseline,rfc9112#15,lookup,66,1,1
tesseract,rfc9112,T1,L,baseline,rfc9112#16,lookup,66,1,1
tesseract,rfc9158,T1,S,baseline,rfc9158#1,lookup,5,1,1
tesseract,rfc9158,T1,S,baseline,rfc9158#2,lookup,5,1,1
tesseract,rfc9158,T1,S,baseline,rfc9158#3,lookup,5,1,1
tesseract,rfc9158,T1,S,baseline,rfc9158#4,lookup,5,1,1
tesseract,rfc9158,T1,S,baseline,rfc9158#5,table_multi_row,5,1,1
tesseract,rfc9158,T1,S,baseline,rfc9158#6,table_cell,5,1,1
tesseract,rfc9158,T1,S,baseline,rfc9158#7,lookup,5,1,1
tesseract,rfc9158,T1,S,baseline,rfc9158#8,lookup,5,1,1
tesseract,rfc9158,T1,S,baseline,rfc9158#9,cross_page,5,0,0
tesseract,rfc9457,T1,M,baseline,rfc9457#1,lookup,22,1,1
tesseract,rfc9457,T1,M,baseline,rfc9457#2,lookup,22,1,1
tesseract,rfc9457,T1,M,baseline,rfc9457#3,lookup,22,1,1
tesseract,rfc9457,T1,M,baseline,rfc9457#4,lookup,22,1,1
tesseract,rfc9457,T1,M,baseline,rfc9457#5,lookup,22,1,1
tesseract,rfc9457,T1,M,baseline,rfc9457#6,lookup,22,1,1
tesseract,rfc9457,T1,M,baseline,rfc9457#7,lookup,22,1,1
tesseract,rfc9457,T1,M,baseline,rfc9457#8,lookup,22,1,1
tesseract,rfc9457,T1,M,baseline,rfc9457#9,lookup,22,1,1
tesseract,rfc9457,T1,M,baseline,rfc9457#10,lookup,22,1,1
tesseract,rfc9457,T1,M,baseline,rfc9457#11,lookup,22,1,1
tesseract,scan_acsbr_023,T3,M,baseline,scan_acsbr_023#1,lookup,28,1,1
tesseract,scan_acsbr_023,T3,M,baseline,scan_acsbr_023#2,lookup,28,1,1
tesseract,scan_acsbr_023,T3,M,baseline,scan_acsbr_023#3,lookup,28,1,1
tesseract,scan_acsbr_023,T3,M,baseline,scan_acsbr_023#4,lookup,28,1,1
tesseract,scan_acsbr_023,T3,M,baseline,scan_acsbr_023#5,lookup,28,1,1
tesseract,scan_acsbr_023,T3,M,baseline,scan_acsbr_023#6,lookup,28,1,1
tesseract,scan_acsbr_023,T3,M,baseline,scan_acsbr_023#7,table_cell,28,0,0
tesseract,scan_acsbr_023,T3,M,baseline,scan_acsbr_023#8,table_cell,28,0,1
tesseract,scan_acsbr_023,T3,M,baseline,scan_acsbr_023#9,table_cell,28,0,1
tesseract,scan_acsbr_023,T3,M,baseline,scan_acsbr_023#10,table_cell,28,1,1
tesseract,scan_acsbr_023,T3,M,baseline,scan_acsbr_023#11,table_multi_row,28,0,0
tesseract,scan_acsbr_023,T3,M,baseline,scan_acsbr_023#12,table_cell,28,1,1
tesseract,scan_p60_282,T3,L,baseline,scan_p60_282#1,lookup,275,1,1
tesseract,scan_p60_282,T3,L,baseline,scan_p60_282#2,lookup,275,1,1
tesseract,scan_p60_282,T3,L,baseline,scan_p60_282#3,lookup,275,1,1
tesseract,scan_p60_282,T3,L,baseline,scan_p60_282#4,table_cell,275,1,1
tesseract,scan_p60_282,T3,L,baseline,scan_p60_282#5,table_cell,275,1,1
tesseract,scan_p60_282,T3,L,baseline,scan_p60_282#6,table_cell,275,1,1
tesseract,scan_p60_282,T3,L,baseline,scan_p60_282#7,table_cell,275,1,1
tesseract,scan_p60_282,T3,L,baseline,scan_p60_282#8,lookup,275,1,1
tesseract,scan_p60_282,T3,L,baseline,scan_p60_282#9,lookup,275,1,1
tesseract,scan_p60_282,T3,L,baseline,scan_p60_282#10,table_cell,275,0,1
tesseract,scan_p60_282,T3,L,baseline,scan_p60_282#11,table_cell,275,0,0
tesseract,scan_p60_282,T3,L,baseline,scan_p60_282#12,table_cell,275,1,1
tesseract,scan_p60_282,T3,L,baseline,scan_p60_282#13,table_multi_row,275,1,1
tesseract,scan_rfc9110,T3,XL,baseline,scan_rfc9110#1,lookup,305,1,1
tesseract,scan_rfc9110,T3,XL,baseline,scan_rfc9110#2,lookup,305,1,1
tesseract,scan_rfc9110,T3,XL,baseline,scan_rfc9110#3,lookup,305,1,1
tesseract,scan_rfc9110,T3,XL,baseline,scan_rfc9110#4,table_cell,305,1,1
tesseract,scan_rfc9110,T3,XL,baseline,scan_rfc9110#5,table_cell,305,1,1
tesseract,scan_rfc9110,T3,XL,baseline,scan_rfc9110#6,table_multi_row,305,1,1
tesseract,scan_rfc9110,T3,XL,baseline,scan_rfc9110#7,lookup,305,1,1
tesseract,scan_rfc9110,T3,XL,baseline,scan_rfc9110#8,lookup,305,1,1
tesseract,scan_rfc9110,T3,XL,baseline,scan_rfc9110#9,lookup,305,1,1
tesseract,scan_rfc9110,T3,XL,baseline,scan_rfc9110#10,lookup,305,1,1
tesseract,scan_rfc9110,T3,XL,baseline,scan_rfc9110#11,lookup,305,1,1
tesseract,scan_rfc9110,T3,XL,baseline,scan_rfc9110#12,lookup,305,1,1
tesseract,scan_rfc9158,T3,S,baseline,scan_rfc9158#1,lookup,5,1,1
tesseract,scan_rfc9158,T3,S,baseline,scan_rfc9158#2,lookup,5,1,1
tesseract,scan_rfc9158,T3,S,baseline,scan_rfc9158#3,lookup,5,1,1
tesseract,scan_rfc9158,T3,S,baseline,scan_rfc9158#4,lookup,5,1,1
tesseract,scan_rfc9158,T3,S,baseline,scan_rfc9158#5,table_multi_row,5,1,1
tesseract,scan_rfc9158,T3,S,baseline,scan_rfc9158#6,table_cell,5,1,1
tesseract,scan_rfc9158,T3,S,baseline,scan_rfc9158#7,lookup,5,1,1
tesseract,scan_rfc9158,T3,S,baseline,scan_rfc9158#8,lookup,5,1,1
tesseract,scan_rfc9158,T3,S,baseline,scan_rfc9158#9,cross_page,5,0,0
tesseract,scan_rfc9457,T3,M,baseline,scan_rfc9457#1,lookup,22,1,1
tesseract,scan_rfc9457,T3,M,baseline,scan_rfc9457#2,lookup,22,1,1
tesseract,scan_rfc9457,T3,M,baseline,scan_rfc9457#3,lookup,22,1,1
tesseract,scan_rfc9457,T3,M,baseline,scan_rfc9457#4,lookup,22,1,1
tesseract,scan_rfc9457,T3,M,baseline,scan_rfc9457#5,lookup,22,1,1
tesseract,scan_rfc9457,T3,M,baseline,scan_rfc9457#6,lookup,22,1,1
tesseract,scan_rfc9457,T3,M,baseline,scan_rfc9457#7,lookup,22,1,1
tesseract,scan_rfc9457,T3,M,baseline,scan_rfc9457#8,lookup,22,1,1
tesseract,scan_rfc9457,T3,M,baseline,scan_rfc9457#9,lookup,22,1,1
tesseract,scan_rfc9457,T3,M,baseline,scan_rfc9457#10,lookup,22,1,1
tesseract,scan_rfc9457,T3,M,baseline,scan_rfc9457#11,lookup,22,1,1
docling,acsbr_023,T2,M,structure_preserving,acsbr_023#1,lookup,46,1,1
docling,acsbr_023,T2,M,structure_preserving,acsbr_023#2,lookup,46,1,1
docling,acsbr_023,T2,M,structure_preserving,acsbr_023#3,lookup,46,1,1
docling,acsbr_023,T2,M,structure_preserving,acsbr_023#4,lookup,46,1,1
docling,acsbr_023,T2,M,structure_preserving,acsbr_023#5,lookup,46,1,1
docling,acsbr_023,T2,M,structure_preserving,acsbr_023#6,lookup,46,1,1
docling,acsbr_023,T2,M,structure_preserving,acsbr_023#7,table_cell,46,1,1
docling,acsbr_023,T2,M,structure_preserving,acsbr_023#8,table_cell,46,1,1
docling,acsbr_023,T2,M,structure_preserving,acsbr_023#9,table_cell,46,1,1
docling,acsbr_023,T2,M,structure_preserving,acsbr_023#10,table_cell,46,1,1
docling,acsbr_023,T2,M,structure_preserving,acsbr_023#11,table_multi_row,46,1,1
docling,acsbr_023,T2,M,structure_preserving,acsbr_023#12,table_cell,46,1,1
docling,erp2024_full,T2,XL,structure_preserving,erp2024_full#1,lookup,0,0,0
docling,erp2024_full,T2,XL,structure_preserving,erp2024_full#2,table_cell,0,0,0
docling,erp2024_full,T2,XL,structure_preserving,erp2024_full#3,lookup,0,0,0
docling,erp2024_full,T2,XL,structure_preserving,erp2024_full#4,table_cell,0,0,0
docling,erp2024_full,T2,XL,structure_preserving,erp2024_full#5,table_cell,0,0,0
docling,erp2024_full,T2,XL,structure_preserving,erp2024_full#6,table_cell,0,0,0
docling,erp2024_full,T2,XL,structure_preserving,erp2024_full#7,table_multi_row,0,0,0
docling,erp2024_full,T2,XL,structure_preserving,erp2024_full#8,lookup,0,0,0
docling,erp2024_full,T2,XL,structure_preserving,erp2024_full#9,lookup,0,0,0
docling,erp2024_full,T2,XL,structure_preserving,erp2024_full#10,table_cell,0,0,0
docling,erp2024_full,T2,XL,structure_preserving,erp2024_full#11,table_cell,0,0,0
docling,erp2024_table1,T2,S,structure_preserving,erp2024_table1#1,lookup,23,1,1
docling,erp2024_table1,T2,S,structure_preserving,erp2024_table1#2,table_cell,23,0,1
docling,erp2024_table1,T2,S,structure_preserving,erp2024_table1#3,table_cell,23,0,1
docling,erp2024_table1,T2,S,structure_preserving,erp2024_table1#4,table_cell,23,0,1
docling,erp2024_table1,T2,S,structure_preserving,erp2024_table1#5,table_cell,23,1,1
docling,erp2024_table1,T2,S,structure_preserving,erp2024_table1#6,table_cell,23,1,1
docling,erp2024_table1,T2,S,structure_preserving,erp2024_table1#7,table_cell,23,0,1
docling,erp2024_table1,T2,S,structure_preserving,erp2024_table1#8,lookup,23,0,0
docling,erp2024_table1,T2,S,structure_preserving,erp2024_table1#9,lookup,23,1,1
docling,erp2024_table3,T2,S,structure_preserving,erp2024_table3#1,lookup,50,1,1
docling,erp2024_table3,T2,S,structure_preserving,erp2024_table3#2,lookup,50,0,0
docling,erp2024_table3,T2,S,structure_preserving,erp2024_table3#3,table_cell,50,0,0
docling,erp2024_table3,T2,S,structure_preserving,erp2024_table3#4,table_cell,50,0,0
docling,erp2024_table3,T2,S,structure_preserving,erp2024_table3#5,table_cell,50,0,0
docling,erp2024_table3,T2,S,structure_preserving,erp2024_table3#6,table_cell,50,0,0
docling,erp2024_table3,T2,S,structure_preserving,erp2024_table3#7,table_multi_row,50,0,0
docling,erp2024_table3,T2,S,structure_preserving,erp2024_table3#8,table_cell,50,1,1
docling,erp2024_table3,T2,S,structure_preserving,erp2024_table3#9,table_cell,50,0,0
docling,erp2024_table3,T2,S,structure_preserving,erp2024_table3#10,table_cell,50,0,0
docling,gen_t2_long,T2,S,structure_preserving,gen_t2_long#1,table_cell,9,1,1
docling,gen_t2_long,T2,S,structure_preserving,gen_t2_long#2,table_cell,9,1,1
docling,gen_t2_long,T2,S,structure_preserving,gen_t2_long#3,table_cell,9,1,1
docling,gen_t2_long,T2,S,structure_preserving,gen_t2_long#4,table_cell,9,1,1
docling,gen_t2_merged,T2,S,structure_preserving,gen_t2_merged#1,table_cell,3,1,1
docling,gen_t2_rotated,T2,S,structure_preserving,gen_t2_rotated#1,table_cell,3,1,1
docling,gen_t2_rotated,T2,S,structure_preserving,gen_t2_rotated#2,table_cell,3,1,1
docling,gen_t2_simple,T2,S,structure_preserving,gen_t2_simple#1,table_cell,3,1,1
docling,gen_t2_simple,T2,S,structure_preserving,gen_t2_simple#2,table_cell,3,1,1
docling,gen_t2_simple,T2,S,structure_preserving,gen_t2_simple#3,table_cell,3,1,1
docling,gen_t4_bar,T4,S,structure_preserving,gen_t4_bar#1,figure,1,0,0
docling,gen_t4_flow,T4,S,structure_preserving,gen_t4_flow#1,figure,1,0,0
docling,gen_t4_line,T4,S,structure_preserving,gen_t4_line#1,figure,1,0,0
docling,gen_t4_mixed,T4,S,structure_preserving,gen_t4_mixed#1,table_cell,3,1,1
docling,nasa_se_handbook,T4,XL,structure_preserving,nasa_se_handbook#1,lookup,0,0,0
docling,nasa_se_handbook,T4,XL,structure_preserving,nasa_se_handbook#2,lookup,0,0,0
docling,nasa_se_handbook,T4,XL,structure_preserving,nasa_se_handbook#3,figure,0,0,0
docling,nasa_se_handbook,T4,XL,structure_preserving,nasa_se_handbook#4,lookup,0,0,0
docling,nasa_se_handbook,T4,XL,structure_preserving,nasa_se_handbook#5,lookup,0,0,0
docling,nasa_se_handbook,T4,XL,structure_preserving,nasa_se_handbook#6,table_multi_row,0,0,0
docling,nasa_se_handbook,T4,XL,structure_preserving,nasa_se_handbook#7,lookup,0,0,0
docling,nasa_se_handbook,T4,XL,structure_preserving,nasa_se_handbook#8,lookup,0,0,0
docling,nasa_se_handbook,T4,XL,structure_preserving,nasa_se_handbook#9,lookup,0,0,0
docling,nasa_se_handbook,T4,XL,structure_preserving,nasa_se_handbook#10,lookup,0,0,0
docling,nasa_se_handbook,T4,XL,structure_preserving,nasa_se_handbook#11,lookup,0,0,0
docling,nasa_se_handbook,T4,XL,structure_preserving,nasa_se_handbook#12,lookup,0,0,0
docling,nasa_tm100396,T4,L,structure_preserving,nasa_tm100396#1,lookup,0,0,0
docling,nasa_tm100396,T4,L,structure_preserving,nasa_tm100396#2,lookup,0,0,0
docling,nasa_tm100396,T4,L,structure_preserving,nasa_tm100396#3,lookup,0,0,0
docling,nasa_tm100396,T4,L,structure_preserving,nasa_tm100396#4,lookup,0,0,0
docling,nasa_tm100396,T4,L,structure_preserving,nasa_tm100396#5,lookup,0,0,0
docling,nasa_tm100396,T4,L,structure_preserving,nasa_tm100396#6,lookup,0,0,0
docling,nasa_tm100396,T4,L,structure_preserving,nasa_tm100396#7,lookup,0,0,0
docling,nasa_tm100396,T4,L,structure_preserving,nasa_tm100396#8,lookup,0,0,0
docling,nasa_tm100396,T4,L,structure_preserving,nasa_tm100396#9,lookup,0,0,0
docling,nasa_tm100396,T4,L,structure_preserving,nasa_tm100396#10,cross_page,0,0,0
docling,nasa_tm100396,T4,L,structure_preserving,nasa_tm100396#11,lookup,0,0,0
docling,nasa_tm100396,T4,L,structure_preserving,nasa_tm100396#12,table_cell,0,0,0
docling,nasa_tm104114,T4,XL,structure_preserving,nasa_tm104114#1,lookup,0,0,0
docling,nasa_tm104114,T4,XL,structure_preserving,nasa_tm104114#2,lookup,0,0,0
docling,nasa_tm104114,T4,XL,structure_preserving,nasa_tm104114#3,lookup,0,0,0
docling,nasa_tm104114,T4,XL,structure_preserving,nasa_tm104114#4,table_cell,0,0,0
docling,nasa_tm104114,T4,XL,structure_preserving,nasa_tm104114#5,table_cell,0,0,0
docling,nasa_tm104114,T4,XL,structure_preserving,nasa_tm104114#6,table_cell,0,0,0
docling,nasa_tm104114,T4,XL,structure_preserving,nasa_tm104114#7,table_cell,0,0,0
docling,nasa_tm104114,T4,XL,structure_preserving,nasa_tm104114#8,lookup,0,0,0
docling,nasa_tm104114,T4,XL,structure_preserving,nasa_tm104114#9,lookup,0,0,0
docling,nasa_tm104114,T4,XL,structure_preserving,nasa_tm104114#10,lookup,0,0,0
docling,nasa_tm104114,T4,XL,structure_preserving,nasa_tm104114#11,lookup,0,0,0
docling,nasa_tm_x9471,T4,M,structure_preserving,nasa_tm_x9471#1,lookup,7,1,1
docling,nasa_tm_x9471,T4,M,structure_preserving,nasa_tm_x9471#2,lookup,7,1,1
docling,nasa_tm_x9471,T4,M,structure_preserving,nasa_tm_x9471#3,lookup,7,1,1
docling,nasa_tm_x9471,T4,M,structure_preserving,nasa_tm_x9471#4,lookup,7,1,1
docling,nasa_tm_x9471,T4,M,structure_preserving,nasa_tm_x9471#5,lookup,7,1,1
docling,nasa_tm_x9471,T4,M,structure_preserving,nasa_tm_x9471#6,lookup,7,1,1
docling,nasa_tm_x9471,T4,M,structure_preserving,nasa_tm_x9471#7,lookup,7,1,1
docling,nasa_tm_x9471,T4,M,structure_preserving,nasa_tm_x9471#8,lookup,7,1,1
docling,nasa_tm_x9471,T4,M,structure_preserving,nasa_tm_x9471#9,lookup,7,1,1
docling,nasa_tm_x9471,T4,M,structure_preserving,nasa_tm_x9471#10,figure,7,0,0
docling,nasa_tm_x9471,T4,M,structure_preserving,nasa_tm_x9471#11,figure,7,0,0
docling,nasa_tm_x9471,T4,M,structure_preserving,nasa_tm_x9471#12,figure,7,0,0
docling,nasa_webb_factsheet,T4,S,structure_preserving,nasa_webb_factsheet#1,lookup,2,1,1
docling,nasa_webb_factsheet,T4,S,structure_preserving,nasa_webb_factsheet#2,lookup,2,1,1
docling,nasa_webb_factsheet,T4,S,structure_preserving,nasa_webb_factsheet#3,lookup,2,1,1
docling,nasa_webb_factsheet,T4,S,structure_preserving,nasa_webb_factsheet#4,lookup,2,1,1
docling,nasa_webb_factsheet,T4,S,structure_preserving,nasa_webb_factsheet#5,lookup,2,1,1
docling,nasa_webb_factsheet,T4,S,structure_preserving,nasa_webb_factsheet#6,lookup,2,1,1
docling,nasa_webb_factsheet,T4,S,structure_preserving,nasa_webb_factsheet#7,lookup,2,1,1
docling,nasa_webb_factsheet,T4,S,structure_preserving,nasa_webb_factsheet#8,table_multi_row,2,1,1
docling,nasa_webb_factsheet,T4,S,structure_preserving,nasa_webb_factsheet#9,figure,2,0,0
docling,nasa_webb_factsheet,T4,S,structure_preserving,nasa_webb_factsheet#10,figure,2,0,0
docling,nasa_webb_factsheet,T4,S,structure_preserving,nasa_webb_factsheet#11,figure,2,0,0
docling,nasa_webb_factsheet,T4,S,structure_preserving,nasa_webb_factsheet#12,figure,2,0,0
docling,p60_282,T2,L,structure_preserving,p60_282#1,lookup,0,0,0
docling,p60_282,T2,L,structure_preserving,p60_282#2,lookup,0,0,0
docling,p60_282,T2,L,structure_preserving,p60_282#3,lookup,0,0,0
docling,p60_282,T2,L,structure_preserving,p60_282#4,table_cell,0,0,0
docling,p60_282,T2,L,structure_preserving,p60_282#5,table_cell,0,0,0
docling,p60_282,T2,L,structure_preserving,p60_282#6,table_cell,0,0,0
docling,p60_282,T2,L,structure_preserving,p60_282#7,table_cell,0,0,0
docling,p60_282,T2,L,structure_preserving,p60_282#8,lookup,0,0,0
docling,p60_282,T2,L,structure_preserving,p60_282#9,lookup,0,0,0
docling,p60_282,T2,L,structure_preserving,p60_282#10,table_cell,0,0,0
docling,p60_282,T2,L,structure_preserving,p60_282#11,table_cell,0,0,0
docling,p60_282,T2,L,structure_preserving,p60_282#12,table_cell,0,0,0
docling,p60_282,T2,L,structure_preserving,p60_282#13,table_multi_row,0,0,0
docling,rfc9110,T1,XL,structure_preserving,rfc9110#1,lookup,0,0,0
docling,rfc9110,T1,XL,structure_preserving,rfc9110#2,lookup,0,0,0
docling,rfc9110,T1,XL,structure_preserving,rfc9110#3,lookup,0,0,0
docling,rfc9110,T1,XL,structure_preserving,rfc9110#4,table_cell,0,0,0
docling,rfc9110,T1,XL,structure_preserving,rfc9110#5,table_cell,0,0,0
docling,rfc9110,T1,XL,structure_preserving,rfc9110#6,table_multi_row,0,0,0
docling,rfc9110,T1,XL,structure_preserving,rfc9110#7,lookup,0,0,0
docling,rfc9110,T1,XL,structure_preserving,rfc9110#8,lookup,0,0,0
docling,rfc9110,T1,XL,structure_preserving,rfc9110#9,lookup,0,0,0
docling,rfc9110,T1,XL,structure_preserving,rfc9110#10,lookup,0,0,0
docling,rfc9110,T1,XL,structure_preserving,rfc9110#11,lookup,0,0,0
docling,rfc9110,T1,XL,structure_preserving,rfc9110#12,lookup,0,0,0
docling,rfc9112,T1,L,structure_preserving,rfc9112#1,lookup,66,1,1
docling,rfc9112,T1,L,structure_preserving,rfc9112#2,lookup,66,1,1
docling,rfc9112,T1,L,structure_preserving,rfc9112#3,lookup,66,1,1
docling,rfc9112,T1,L,structure_preserving,rfc9112#4,lookup,66,1,1
docling,rfc9112,T1,L,structure_preserving,rfc9112#5,lookup,66,1,1
docling,rfc9112,T1,L,structure_preserving,rfc9112#6,cross_page,66,1,1
docling,rfc9112,T1,L,structure_preserving,rfc9112#7,lookup,66,1,1
docling,rfc9112,T1,L,structure_preserving,rfc9112#8,lookup,66,1,1
docling,rfc9112,T1,L,structure_preserving,rfc9112#9,lookup,66,1,1
docling,rfc9112,T1,L,structure_preserving,rfc9112#10,lookup,66,1,1
docling,rfc9112,T1,L,structure_preserving,rfc9112#11,lookup,66,1,1
docling,rfc9112,T1,L,structure_preserving,rfc9112#12,lookup,66,1,1
docling,rfc9112,T1,L,structure_preserving,rfc9112#13,lookup,66,1,1
docling,rfc9112,T1,L,structure_preserving,rfc9112#14,lookup,66,1,1
docling,rfc9112,T1,L,structure_preserving,rfc9112#15,lookup,66,0,0
docling,rfc9112,T1,L,structure_preserving,rfc9112#16,lookup,66,1,1
docling,rfc9158,T1,S,structure_preserving,rfc9158#1,lookup,6,1,1
docling,rfc9158,T1,S,structure_preserving,rfc9158#2,lookup,6,1,1
docling,rfc9158,T1,S,structure_preserving,rfc9158#3,lookup,6,1,1
docling,rfc9158,T1,S,structure_preserving,rfc9158#4,lookup,6,1,1
docling,rfc9158,T1,S,structure_preserving,rfc9158#5,table_multi_row,6,1,1
docling,rfc9158,T1,S,structure_preserving,rfc9158#6,table_cell,6,1,1
docling,rfc9158,T1,S,structure_preserving,rfc9158#7,lookup,6,1,1
docling,rfc9158,T1,S,structure_preserving,rfc9158#8,lookup,6,1,1
docling,rfc9158,T1,S,structure_preserving,rfc9158#9,cross_page,6,0,0
docling,rfc9457,T1,M,structure_preserving,rfc9457#1,lookup,25,1,1
docling,rfc9457,T1,M,structure_preserving,rfc9457#2,lookup,25,1,1
docling,rfc9457,T1,M,structure_preserving,rfc9457#3,lookup,25,1,1
docling,rfc9457,T1,M,structure_preserving,rfc9457#4,lookup,25,1,1
docling,rfc9457,T1,M,structure_preserving,rfc9457#5,lookup,25,1,1
docling,rfc9457,T1,M,structure_preserving,rfc9457#6,lookup,25,1,1
docling,rfc9457,T1,M,structure_preserving,rfc9457#7,lookup,25,1,1
docling,rfc9457,T1,M,structure_preserving,rfc9457#8,lookup,25,1,1
docling,rfc9457,T1,M,structure_preserving,rfc9457#9,lookup,25,1,1
docling,rfc9457,T1,M,structure_preserving,rfc9457#10,lookup,25,1,1
docling,rfc9457,T1,M,structure_preserving,rfc9457#11,lookup,25,1,1
docling,scan_acsbr_023,T3,M,structure_preserving,scan_acsbr_023#1,lookup,41,1,1
docling,scan_acsbr_023,T3,M,structure_preserving,scan_acsbr_023#2,lookup,41,1,1
docling,scan_acsbr_023,T3,M,structure_preserving,scan_acsbr_023#3,lookup,41,1,1
docling,scan_acsbr_023,T3,M,structure_preserving,scan_acsbr_023#4,lookup,41,1,1
docling,scan_acsbr_023,T3,M,structure_preserving,scan_acsbr_023#5,lookup,41,1,1
docling,scan_acsbr_023,T3,M,structure_preserving,scan_acsbr_023#6,lookup,41,1,1
docling,scan_acsbr_023,T3,M,structure_preserving,scan_acsbr_023#7,table_cell,41,1,1
docling,scan_acsbr_023,T3,M,structure_preserving,scan_acsbr_023#8,table_cell,41,1,1
docling,scan_acsbr_023,T3,M,structure_preserving,scan_acsbr_023#9,table_cell,41,1,1
docling,scan_acsbr_023,T3,M,structure_preserving,scan_acsbr_023#10,table_cell,41,1,1
docling,scan_acsbr_023,T3,M,structure_preserving,scan_acsbr_023#11,table_multi_row,41,1,1
docling,scan_acsbr_023,T3,M,structure_preserving,scan_acsbr_023#12,table_cell,41,1,1
docling,scan_p60_282,T3,L,structure_preserving,scan_p60_282#1,lookup,0,0,0
docling,scan_p60_282,T3,L,structure_preserving,scan_p60_282#2,lookup,0,0,0
docling,scan_p60_282,T3,L,structure_preserving,scan_p60_282#3,lookup,0,0,0
docling,scan_p60_282,T3,L,structure_preserving,scan_p60_282#4,table_cell,0,0,0
docling,scan_p60_282,T3,L,structure_preserving,scan_p60_282#5,table_cell,0,0,0
docling,scan_p60_282,T3,L,structure_preserving,scan_p60_282#6,table_cell,0,0,0
docling,scan_p60_282,T3,L,structure_preserving,scan_p60_282#7,table_cell,0,0,0
docling,scan_p60_282,T3,L,structure_preserving,scan_p60_282#8,lookup,0,0,0
docling,scan_p60_282,T3,L,structure_preserving,scan_p60_282#9,lookup,0,0,0
docling,scan_p60_282,T3,L,structure_preserving,scan_p60_282#10,table_cell,0,0,0
docling,scan_p60_282,T3,L,structure_preserving,scan_p60_282#11,table_cell,0,0,0
docling,scan_p60_282,T3,L,structure_preserving,scan_p60_282#12,table_cell,0,0,0
docling,scan_p60_282,T3,L,structure_preserving,scan_p60_282#13,table_multi_row,0,0,0
docling,scan_rfc9110,T3,XL,structure_preserving,scan_rfc9110#1,lookup,0,0,0
docling,scan_rfc9110,T3,XL,structure_preserving,scan_rfc9110#2,lookup,0,0,0
docling,scan_rfc9110,T3,XL,structure_preserving,scan_rfc9110#3,lookup,0,0,0
docling,scan_rfc9110,T3,XL,structure_preserving,scan_rfc9110#4,table_cell,0,0,0
docling,scan_rfc9110,T3,XL,structure_preserving,scan_rfc9110#5,table_cell,0,0,0
docling,scan_rfc9110,T3,XL,structure_preserving,scan_rfc9110#6,table_multi_row,0,0,0
docling,scan_rfc9110,T3,XL,structure_preserving,scan_rfc9110#7,lookup,0,0,0
docling,scan_rfc9110,T3,XL,structure_preserving,scan_rfc9110#8,lookup,0,0,0
docling,scan_rfc9110,T3,XL,structure_preserving,scan_rfc9110#9,lookup,0,0,0
docling,scan_rfc9110,T3,XL,structure_preserving,scan_rfc9110#10,lookup,0,0,0
docling,scan_rfc9110,T3,XL,structure_preserving,scan_rfc9110#11,lookup,0,0,0
docling,scan_rfc9110,T3,XL,structure_preserving,scan_rfc9110#12,lookup,0,0,0
docling,scan_rfc9158,T3,S,structure_preserving,scan_rfc9158#1,lookup,6,1,1
docling,scan_rfc9158,T3,S,structure_preserving,scan_rfc9158#2,lookup,6,1,1
docling,scan_rfc9158,T3,S,structure_preserving,scan_rfc9158#3,lookup,6,1,1
docling,scan_rfc9158,T3,S,structure_preserving,scan_rfc9158#4,lookup,6,1,1
docling,scan_rfc9158,T3,S,structure_preserving,scan_rfc9158#5,table_multi_row,6,0,1
docling,scan_rfc9158,T3,S,structure_preserving,scan_rfc9158#6,table_cell,6,1,1
docling,scan_rfc9158,T3,S,structure_preserving,scan_rfc9158#7,lookup,6,1,1
docling,scan_rfc9158,T3,S,structure_preserving,scan_rfc9158#8,lookup,6,1,1
docling,scan_rfc9158,T3,S,structure_preserving,scan_rfc9158#9,cross_page,6,0,0
docling,scan_rfc9457,T3,M,structure_preserving,scan_rfc9457#1,lookup,20,1,1
docling,scan_rfc9457,T3,M,structure_preserving,scan_rfc9457#2,lookup,20,1,1
docling,scan_rfc9457,T3,M,structure_preserving,scan_rfc9457#3,lookup,20,1,1
docling,scan_rfc9457,T3,M,structure_preserving,scan_rfc9457#4,lookup,20,1,1
docling,scan_rfc9457,T3,M,structure_preserving,scan_rfc9457#5,lookup,20,1,1
docling,scan_rfc9457,T3,M,structure_preserving,scan_rfc9457#6,lookup,20,1,1
docling,scan_rfc9457,T3,M,structure_preserving,scan_rfc9457#7,lookup,20,1,1
docling,scan_rfc9457,T3,M,structure_preserving,scan_rfc9457#8,lookup,20,1,1
docling,scan_rfc9457,T3,M,structure_preserving,scan_rfc9457#9,lookup,20,1,1
docling,scan_rfc9457,T3,M,structure_preserving,scan_rfc9457#10,lookup,20,1,1
docling,scan_rfc9457,T3,M,structure_preserving,scan_rfc9457#11,lookup,20,0,0
easyocr,acsbr_023,T2,M,structure_preserving,acsbr_023#1,lookup,30,1,1
easyocr,acsbr_023,T2,M,structure_preserving,acsbr_023#2,lookup,30,1,1
easyocr,acsbr_023,T2,M,structure_preserving,acsbr_023#3,lookup,30,0,1
easyocr,acsbr_023,T2,M,structure_preserving,acsbr_023#4,lookup,30,0,1
easyocr,acsbr_023,T2,M,structure_preserving,acsbr_023#5,lookup,30,0,1
easyocr,acsbr_023,T2,M,structure_preserving,acsbr_023#6,lookup,30,1,1
easyocr,acsbr_023,T2,M,structure_preserving,acsbr_023#7,table_cell,30,1,1
easyocr,acsbr_023,T2,M,structure_preserving,acsbr_023#8,table_cell,30,1,1
easyocr,acsbr_023,T2,M,structure_preserving,acsbr_023#9,table_cell,30,0,0
easyocr,acsbr_023,T2,M,structure_preserving,acsbr_023#10,table_cell,30,0,1
easyocr,acsbr_023,T2,M,structure_preserving,acsbr_023#11,table_multi_row,30,1,1
easyocr,acsbr_023,T2,M,structure_preserving,acsbr_023#12,table_cell,30,0,1
easyocr,erp2024_full,T2,XL,structure_preserving,erp2024_full#1,lookup,0,0,0
easyocr,erp2024_full,T2,XL,structure_preserving,erp2024_full#2,table_cell,0,0,0
easyocr,erp2024_full,T2,XL,structure_preserving,erp2024_full#3,lookup,0,0,0
easyocr,erp2024_full,T2,XL,structure_preserving,erp2024_full#4,table_cell,0,0,0
easyocr,erp2024_full,T2,XL,structure_preserving,erp2024_full#5,table_cell,0,0,0
easyocr,erp2024_full,T2,XL,structure_preserving,erp2024_full#6,table_cell,0,0,0
easyocr,erp2024_full,T2,XL,structure_preserving,erp2024_full#7,table_multi_row,0,0,0
easyocr,erp2024_full,T2,XL,structure_preserving,erp2024_full#8,lookup,0,0,0
easyocr,erp2024_full,T2,XL,structure_preserving,erp2024_full#9,lookup,0,0,0
easyocr,erp2024_full,T2,XL,structure_preserving,erp2024_full#10,table_cell,0,0,0
easyocr,erp2024_full,T2,XL,structure_preserving,erp2024_full#11,table_cell,0,0,0
easyocr,erp2024_table1,T2,S,structure_preserving,erp2024_table1#1,lookup,9,1,1
easyocr,erp2024_table1,T2,S,structure_preserving,erp2024_table1#2,table_cell,9,1,1
easyocr,erp2024_table1,T2,S,structure_preserving,erp2024_table1#3,table_cell,9,0,0
easyocr,erp2024_table1,T2,S,structure_preserving,erp2024_table1#4,table_cell,9,0,0
easyocr,erp2024_table1,T2,S,structure_preserving,erp2024_table1#5,table_cell,9,0,0
easyocr,erp2024_table1,T2,S,structure_preserving,erp2024_table1#6,table_cell,9,0,0
easyocr,erp2024_table1,T2,S,structure_preserving,erp2024_table1#7,table_cell,9,0,0
easyocr,erp2024_table1,T2,S,structure_preserving,erp2024_table1#8,lookup,9,1,1
easyocr,erp2024_table1,T2,S,structure_preserving,erp2024_table1#9,lookup,9,1,1
easyocr,erp2024_table3,T2,S,structure_preserving,erp2024_table3#1,lookup,6,1,1
easyocr,erp2024_table3,T2,S,structure_preserving,erp2024_table3#2,lookup,6,1,1
easyocr,erp2024_table3,T2,S,structure_preserving,erp2024_table3#3,table_cell,6,0,0
easyocr,erp2024_table3,T2,S,structure_preserving,erp2024_table3#4,table_cell,6,0,0
easyocr,erp2024_table3,T2,S,structure_preserving,erp2024_table3#5,table_cell,6,0,0
easyocr,erp2024_table3,T2,S,structure_preserving,erp2024_table3#6,table_cell,6,0,0
easyocr,erp2024_table3,T2,S,structure_preserving,erp2024_table3#7,table_multi_row,6,0,0
easyocr,erp2024_table3,T2,S,structure_preserving,erp2024_table3#8,table_cell,6,0,0
easyocr,erp2024_table3,T2,S,structure_preserving,erp2024_table3#9,table_cell,6,0,0
easyocr,erp2024_table3,T2,S,structure_preserving,erp2024_table3#10,table_cell,6,0,0
easyocr,gen_t2_long,T2,S,structure_preserving,gen_t2_long#1,table_cell,4,1,1
easyocr,gen_t2_long,T2,S,structure_preserving,gen_t2_long#2,table_cell,4,1,1
easyocr,gen_t2_long,T2,S,structure_preserving,gen_t2_long#3,table_cell,4,1,1
easyocr,gen_t2_long,T2,S,structure_preserving,gen_t2_long#4,table_cell,4,1,1
easyocr,gen_t2_merged,T2,S,structure_preserving,gen_t2_merged#1,table_cell,1,1,1
easyocr,gen_t2_rotated,T2,S,structure_preserving,gen_t2_rotated#1,table_cell,1,0,0
easyocr,gen_t2_rotated,T2,S,structure_preserving,gen_t2_rotated#2,table_cell,1,0,0
easyocr,gen_t2_simple,T2,S,structure_preserving,gen_t2_simple#1,table_cell,1,1,1
easyocr,gen_t2_simple,T2,S,structure_preserving,gen_t2_simple#2,table_cell,1,1,1
easyocr,gen_t2_simple,T2,S,structure_preserving,gen_t2_simple#3,table_cell,1,1,1
easyocr,gen_t4_bar,T4,S,structure_preserving,gen_t4_bar#1,figure,1,1,1
easyocr,gen_t4_flow,T4,S,structure_preserving,gen_t4_flow#1,figure,1,1,1
easyocr,gen_t4_line,T4,S,structure_preserving,gen_t4_line#1,figure,1,1,1
easyocr,gen_t4_mixed,T4,S,structure_preserving,gen_t4_mixed#1,table_cell,1,1,1
easyocr,nasa_se_handbook,T4,XL,structure_preserving,nasa_se_handbook#1,lookup,0,0,0
easyocr,nasa_se_handbook,T4,XL,structure_preserving,nasa_se_handbook#2,lookup,0,0,0
easyocr,nasa_se_handbook,T4,XL,structure_preserving,nasa_se_handbook#3,figure,0,0,0
easyocr,nasa_se_handbook,T4,XL,structure_preserving,nasa_se_handbook#4,lookup,0,0,0
easyocr,nasa_se_handbook,T4,XL,structure_preserving,nasa_se_handbook#5,lookup,0,0,0
easyocr,nasa_se_handbook,T4,XL,structure_preserving,nasa_se_handbook#6,table_multi_row,0,0,0
easyocr,nasa_se_handbook,T4,XL,structure_preserving,nasa_se_handbook#7,lookup,0,0,0
easyocr,nasa_se_handbook,T4,XL,structure_preserving,nasa_se_handbook#8,lookup,0,0,0
easyocr,nasa_se_handbook,T4,XL,structure_preserving,nasa_se_handbook#9,lookup,0,0,0
easyocr,nasa_se_handbook,T4,XL,structure_preserving,nasa_se_handbook#10,lookup,0,0,0
easyocr,nasa_se_handbook,T4,XL,structure_preserving,nasa_se_handbook#11,lookup,0,0,0
easyocr,nasa_se_handbook,T4,XL,structure_preserving,nasa_se_handbook#12,lookup,0,0,0
easyocr,nasa_tm100396,T4,L,structure_preserving,nasa_tm100396#1,lookup,98,1,1
easyocr,nasa_tm100396,T4,L,structure_preserving,nasa_tm100396#2,lookup,98,1,1
easyocr,nasa_tm100396,T4,L,structure_preserving,nasa_tm100396#3,lookup,98,1,1
easyocr,nasa_tm100396,T4,L,structure_preserving,nasa_tm100396#4,lookup,98,1,1
easyocr,nasa_tm100396,T4,L,structure_preserving,nasa_tm100396#5,lookup,98,1,1
easyocr,nasa_tm100396,T4,L,structure_preserving,nasa_tm100396#6,lookup,98,1,1
easyocr,nasa_tm100396,T4,L,structure_preserving,nasa_tm100396#7,lookup,98,1,1
easyocr,nasa_tm100396,T4,L,structure_preserving,nasa_tm100396#8,lookup,98,1,1
easyocr,nasa_tm100396,T4,L,structure_preserving,nasa_tm100396#9,lookup,98,1,1
easyocr,nasa_tm100396,T4,L,structure_preserving,nasa_tm100396#10,cross_page,98,0,0
easyocr,nasa_tm100396,T4,L,structure_preserving,nasa_tm100396#11,lookup,98,1,1
easyocr,nasa_tm100396,T4,L,structure_preserving,nasa_tm100396#12,table_cell,98,0,1
easyocr,nasa_tm104114,T4,XL,structure_preserving,nasa_tm104114#1,lookup,0,0,0
easyocr,nasa_tm104114,T4,XL,structure_preserving,nasa_tm104114#2,lookup,0,0,0
easyocr,nasa_tm104114,T4,XL,structure_preserving,nasa_tm104114#3,lookup,0,0,0
easyocr,nasa_tm104114,T4,XL,structure_preserving,nasa_tm104114#4,table_cell,0,0,0
easyocr,nasa_tm104114,T4,XL,structure_preserving,nasa_tm104114#5,table_cell,0,0,0
easyocr,nasa_tm104114,T4,XL,structure_preserving,nasa_tm104114#6,table_cell,0,0,0
easyocr,nasa_tm104114,T4,XL,structure_preserving,nasa_tm104114#7,table_cell,0,0,0
easyocr,nasa_tm104114,T4,XL,structure_preserving,nasa_tm104114#8,lookup,0,0,0
easyocr,nasa_tm104114,T4,XL,structure_preserving,nasa_tm104114#9,lookup,0,0,0
easyocr,nasa_tm104114,T4,XL,structure_preserving,nasa_tm104114#10,lookup,0,0,0
easyocr,nasa_tm104114,T4,XL,structure_preserving,nasa_tm104114#11,lookup,0,0,0
easyocr,nasa_tm_x9471,T4,M,structure_preserving,nasa_tm_x9471#1,lookup,9,1,1
easyocr,nasa_tm_x9471,T4,M,structure_preserving,nasa_tm_x9471#2,lookup,9,1,1
easyocr,nasa_tm_x9471,T4,M,structure_preserving,nasa_tm_x9471#3,lookup,9,1,1
easyocr,nasa_tm_x9471,T4,M,structure_preserving,nasa_tm_x9471#4,lookup,9,0,0
easyocr,nasa_tm_x9471,T4,M,structure_preserving,nasa_tm_x9471#5,lookup,9,1,1
easyocr,nasa_tm_x9471,T4,M,structure_preserving,nasa_tm_x9471#6,lookup,9,1,1
easyocr,nasa_tm_x9471,T4,M,structure_preserving,nasa_tm_x9471#7,lookup,9,1,1
easyocr,nasa_tm_x9471,T4,M,structure_preserving,nasa_tm_x9471#8,lookup,9,1,1
easyocr,nasa_tm_x9471,T4,M,structure_preserving,nasa_tm_x9471#9,lookup,9,1,1
easyocr,nasa_tm_x9471,T4,M,structure_preserving,nasa_tm_x9471#10,figure,9,1,1
easyocr,nasa_tm_x9471,T4,M,structure_preserving,nasa_tm_x9471#11,figure,9,1,1
easyocr,nasa_tm_x9471,T4,M,structure_preserving,nasa_tm_x9471#12,figure,9,1,1
easyocr,nasa_webb_factsheet,T4,S,structure_preserving,nasa_webb_factsheet#1,lookup,3,1,1
easyocr,nasa_webb_factsheet,T4,S,structure_preserving,nasa_webb_factsheet#2,lookup,3,1,1
easyocr,nasa_webb_factsheet,T4,S,structure_preserving,nasa_webb_factsheet#3,lookup,3,1,1
easyocr,nasa_webb_factsheet,T4,S,structure_preserving,nasa_webb_factsheet#4,lookup,3,1,1
easyocr,nasa_webb_factsheet,T4,S,structure_preserving,nasa_webb_factsheet#5,lookup,3,1,1
easyocr,nasa_webb_factsheet,T4,S,structure_preserving,nasa_webb_factsheet#6,lookup,3,1,1
easyocr,nasa_webb_factsheet,T4,S,structure_preserving,nasa_webb_factsheet#7,lookup,3,1,1
easyocr,nasa_webb_factsheet,T4,S,structure_preserving,nasa_webb_factsheet#8,table_multi_row,3,0,0
easyocr,nasa_webb_factsheet,T4,S,structure_preserving,nasa_webb_factsheet#9,figure,3,1,1
easyocr,nasa_webb_factsheet,T4,S,structure_preserving,nasa_webb_factsheet#10,figure,3,1,1
easyocr,nasa_webb_factsheet,T4,S,structure_preserving,nasa_webb_factsheet#11,figure,3,1,1
easyocr,nasa_webb_factsheet,T4,S,structure_preserving,nasa_webb_factsheet#12,figure,3,1,1
easyocr,p60_282,T2,L,structure_preserving,p60_282#1,lookup,0,0,0
easyocr,p60_282,T2,L,structure_preserving,p60_282#2,lookup,0,0,0
easyocr,p60_282,T2,L,structure_preserving,p60_282#3,lookup,0,0,0
easyocr,p60_282,T2,L,structure_preserving,p60_282#4,table_cell,0,0,0
easyocr,p60_282,T2,L,structure_preserving,p60_282#5,table_cell,0,0,0
easyocr,p60_282,T2,L,structure_preserving,p60_282#6,table_cell,0,0,0
easyocr,p60_282,T2,L,structure_preserving,p60_282#7,table_cell,0,0,0
easyocr,p60_282,T2,L,structure_preserving,p60_282#8,lookup,0,0,0
easyocr,p60_282,T2,L,structure_preserving,p60_282#9,lookup,0,0,0
easyocr,p60_282,T2,L,structure_preserving,p60_282#10,table_cell,0,0,0
easyocr,p60_282,T2,L,structure_preserving,p60_282#11,table_cell,0,0,0
easyocr,p60_282,T2,L,structure_preserving,p60_282#12,table_cell,0,0,0
easyocr,p60_282,T2,L,structure_preserving,p60_282#13,table_multi_row,0,0,0
easyocr,rfc9110,T1,XL,structure_preserving,rfc9110#1,lookup,0,0,0
easyocr,rfc9110,T1,XL,structure_preserving,rfc9110#2,lookup,0,0,0
easyocr,rfc9110,T1,XL,structure_preserving,rfc9110#3,lookup,0,0,0
easyocr,rfc9110,T1,XL,structure_preserving,rfc9110#4,table_cell,0,0,0
easyocr,rfc9110,T1,XL,structure_preserving,rfc9110#5,table_cell,0,0,0
easyocr,rfc9110,T1,XL,structure_preserving,rfc9110#6,table_multi_row,0,0,0
easyocr,rfc9110,T1,XL,structure_preserving,rfc9110#7,lookup,0,0,0
easyocr,rfc9110,T1,XL,structure_preserving,rfc9110#8,lookup,0,0,0
easyocr,rfc9110,T1,XL,structure_preserving,rfc9110#9,lookup,0,0,0
easyocr,rfc9110,T1,XL,structure_preserving,rfc9110#10,lookup,0,0,0
easyocr,rfc9110,T1,XL,structure_preserving,rfc9110#11,lookup,0,0,0
easyocr,rfc9110,T1,XL,structure_preserving,rfc9110#12,lookup,0,0,0
easyocr,rfc9112,T1,L,structure_preserving,rfc9112#1,lookup,79,1,1
easyocr,rfc9112,T1,L,structure_preserving,rfc9112#2,lookup,79,1,1
easyocr,rfc9112,T1,L,structure_preserving,rfc9112#3,lookup,79,1,1
easyocr,rfc9112,T1,L,structure_preserving,rfc9112#4,lookup,79,1,1
easyocr,rfc9112,T1,L,structure_preserving,rfc9112#5,lookup,79,1,1
easyocr,rfc9112,T1,L,structure_preserving,rfc9112#6,cross_page,79,1,1
easyocr,rfc9112,T1,L,structure_preserving,rfc9112#7,lookup,79,0,0
easyocr,rfc9112,T1,L,structure_preserving,rfc9112#8,lookup,79,1,1
easyocr,rfc9112,T1,L,structure_preserving,rfc9112#9,lookup,79,1,1
easyocr,rfc9112,T1,L,structure_preserving,rfc9112#10,lookup,79,1,1
easyocr,rfc9112,T1,L,structure_preserving,rfc9112#11,lookup,79,1,1
easyocr,rfc9112,T1,L,structure_preserving,rfc9112#12,lookup,79,1,1
easyocr,rfc9112,T1,L,structure_preserving,rfc9112#13,lookup,79,1,1
easyocr,rfc9112,T1,L,structure_preserving,rfc9112#14,lookup,79,1,1
easyocr,rfc9112,T1,L,structure_preserving,rfc9112#15,lookup,79,1,1
easyocr,rfc9112,T1,L,structure_preserving,rfc9112#16,lookup,79,1,1
easyocr,rfc9158,T1,S,structure_preserving,rfc9158#1,lookup,5,1,1
easyocr,rfc9158,T1,S,structure_preserving,rfc9158#2,lookup,5,1,1
easyocr,rfc9158,T1,S,structure_preserving,rfc9158#3,lookup,5,1,1
easyocr,rfc9158,T1,S,structure_preserving,rfc9158#4,lookup,5,1,1
easyocr,rfc9158,T1,S,structure_preserving,rfc9158#5,table_multi_row,5,1,1
easyocr,rfc9158,T1,S,structure_preserving,rfc9158#6,table_cell,5,1,1
easyocr,rfc9158,T1,S,structure_preserving,rfc9158#7,lookup,5,1,1
easyocr,rfc9158,T1,S,structure_preserving,rfc9158#8,lookup,5,1,1
easyocr,rfc9158,T1,S,structure_preserving,rfc9158#9,cross_page,5,0,0
easyocr,rfc9457,T1,M,structure_preserving,rfc9457#1,lookup,26,1,1
easyocr,rfc9457,T1,M,structure_preserving,rfc9457#2,lookup,26,1,1
easyocr,rfc9457,T1,M,structure_preserving,rfc9457#3,lookup,26,1,1
easyocr,rfc9457,T1,M,structure_preserving,rfc9457#4,lookup,26,0,0
easyocr,rfc9457,T1,M,structure_preserving,rfc9457#5,lookup,26,1,1
easyocr,rfc9457,T1,M,structure_preserving,rfc9457#6,lookup,26,1,1
easyocr,rfc9457,T1,M,structure_preserving,rfc9457#7,lookup,26,1,1
easyocr,rfc9457,T1,M,structure_preserving,rfc9457#8,lookup,26,1,1
easyocr,rfc9457,T1,M,structure_preserving,rfc9457#9,lookup,26,1,1
easyocr,rfc9457,T1,M,structure_preserving,rfc9457#10,lookup,26,1,1
easyocr,rfc9457,T1,M,structure_preserving,rfc9457#11,lookup,26,1,1
easyocr,scan_acsbr_023,T3,M,structure_preserving,scan_acsbr_023#1,lookup,29,1,1
easyocr,scan_acsbr_023,T3,M,structure_preserving,scan_acsbr_023#2,lookup,29,1,1
easyocr,scan_acsbr_023,T3,M,structure_preserving,scan_acsbr_023#3,lookup,29,0,1
easyocr,scan_acsbr_023,T3,M,structure_preserving,scan_acsbr_023#4,lookup,29,0,1
easyocr,scan_acsbr_023,T3,M,structure_preserving,scan_acsbr_023#5,lookup,29,0,1
easyocr,scan_acsbr_023,T3,M,structure_preserving,scan_acsbr_023#6,lookup,29,1,1
easyocr,scan_acsbr_023,T3,M,structure_preserving,scan_acsbr_023#7,table_cell,29,1,1
easyocr,scan_acsbr_023,T3,M,structure_preserving,scan_acsbr_023#8,table_cell,29,1,1
easyocr,scan_acsbr_023,T3,M,structure_preserving,scan_acsbr_023#9,table_cell,29,0,0
easyocr,scan_acsbr_023,T3,M,structure_preserving,scan_acsbr_023#10,table_cell,29,0,1
easyocr,scan_acsbr_023,T3,M,structure_preserving,scan_acsbr_023#11,table_multi_row,29,0,1
easyocr,scan_acsbr_023,T3,M,structure_preserving,scan_acsbr_023#12,table_cell,29,0,1
easyocr,scan_p60_282,T3,L,structure_preserving,scan_p60_282#1,lookup,0,0,0
easyocr,scan_p60_282,T3,L,structure_preserving,scan_p60_282#2,lookup,0,0,0
easyocr,scan_p60_282,T3,L,structure_preserving,scan_p60_282#3,lookup,0,0,0
easyocr,scan_p60_282,T3,L,structure_preserving,scan_p60_282#4,table_cell,0,0,0
easyocr,scan_p60_282,T3,L,structure_preserving,scan_p60_282#5,table_cell,0,0,0
easyocr,scan_p60_282,T3,L,structure_preserving,scan_p60_282#6,table_cell,0,0,0
easyocr,scan_p60_282,T3,L,structure_preserving,scan_p60_282#7,table_cell,0,0,0
easyocr,scan_p60_282,T3,L,structure_preserving,scan_p60_282#8,lookup,0,0,0
easyocr,scan_p60_282,T3,L,structure_preserving,scan_p60_282#9,lookup,0,0,0
easyocr,scan_p60_282,T3,L,structure_preserving,scan_p60_282#10,table_cell,0,0,0
easyocr,scan_p60_282,T3,L,structure_preserving,scan_p60_282#11,table_cell,0,0,0
easyocr,scan_p60_282,T3,L,structure_preserving,scan_p60_282#12,table_cell,0,0,0
easyocr,scan_p60_282,T3,L,structure_preserving,scan_p60_282#13,table_multi_row,0,0,0
easyocr,scan_rfc9110,T3,XL,structure_preserving,scan_rfc9110#1,lookup,0,0,0
easyocr,scan_rfc9110,T3,XL,structure_preserving,scan_rfc9110#2,lookup,0,0,0
easyocr,scan_rfc9110,T3,XL,structure_preserving,scan_rfc9110#3,lookup,0,0,0
easyocr,scan_rfc9110,T3,XL,structure_preserving,scan_rfc9110#4,table_cell,0,0,0
easyocr,scan_rfc9110,T3,XL,structure_preserving,scan_rfc9110#5,table_cell,0,0,0
easyocr,scan_rfc9110,T3,XL,structure_preserving,scan_rfc9110#6,table_multi_row,0,0,0
easyocr,scan_rfc9110,T3,XL,structure_preserving,scan_rfc9110#7,lookup,0,0,0
easyocr,scan_rfc9110,T3,XL,structure_preserving,scan_rfc9110#8,lookup,0,0,0
easyocr,scan_rfc9110,T3,XL,structure_preserving,scan_rfc9110#9,lookup,0,0,0
easyocr,scan_rfc9110,T3,XL,structure_preserving,scan_rfc9110#10,lookup,0,0,0
easyocr,scan_rfc9110,T3,XL,structure_preserving,scan_rfc9110#11,lookup,0,0,0
easyocr,scan_rfc9110,T3,XL,structure_preserving,scan_rfc9110#12,lookup,0,0,0
easyocr,scan_rfc9158,T3,S,structure_preserving,scan_rfc9158#1,lookup,5,1,1
easyocr,scan_rfc9158,T3,S,structure_preserving,scan_rfc9158#2,lookup,5,1,1
easyocr,scan_rfc9158,T3,S,structure_preserving,scan_rfc9158#3,lookup,5,1,1
easyocr,scan_rfc9158,T3,S,structure_preserving,scan_rfc9158#4,lookup,5,1,1
easyocr,scan_rfc9158,T3,S,structure_preserving,scan_rfc9158#5,table_multi_row,5,1,1
easyocr,scan_rfc9158,T3,S,structure_preserving,scan_rfc9158#6,table_cell,5,1,1
easyocr,scan_rfc9158,T3,S,structure_preserving,scan_rfc9158#7,lookup,5,1,1
easyocr,scan_rfc9158,T3,S,structure_preserving,scan_rfc9158#8,lookup,5,1,1
easyocr,scan_rfc9158,T3,S,structure_preserving,scan_rfc9158#9,cross_page,5,0,0
easyocr,scan_rfc9457,T3,M,structure_preserving,scan_rfc9457#1,lookup,26,1,1
easyocr,scan_rfc9457,T3,M,structure_preserving,scan_rfc9457#2,lookup,26,1,1
easyocr,scan_rfc9457,T3,M,structure_preserving,scan_rfc9457#3,lookup,26,1,1
easyocr,scan_rfc9457,T3,M,structure_preserving,scan_rfc9457#4,lookup,26,1,1
easyocr,scan_rfc9457,T3,M,structure_preserving,scan_rfc9457#5,lookup,26,1,1
easyocr,scan_rfc9457,T3,M,structure_preserving,scan_rfc9457#6,lookup,26,1,1
easyocr,scan_rfc9457,T3,M,structure_preserving,scan_rfc9457#7,lookup,26,1,1
easyocr,scan_rfc9457,T3,M,structure_preserving,scan_rfc9457#8,lookup,26,1,1
easyocr,scan_rfc9457,T3,M,structure_preserving,scan_rfc9457#9,lookup,26,1,1
easyocr,scan_rfc9457,T3,M,structure_preserving,scan_rfc9457#10,lookup,26,1,1
easyocr,scan_rfc9457,T3,M,structure_preserving,scan_rfc9457#11,lookup,26,0,0
marker_noocr,acsbr_023,T2,M,structure_preserving,acsbr_023#1,lookup,39,1,1
marker_noocr,acsbr_023,T2,M,structure_preserving,acsbr_023#2,lookup,39,1,1
marker_noocr,acsbr_023,T2,M,structure_preserving,acsbr_023#3,lookup,39,1,1
marker_noocr,acsbr_023,T2,M,structure_preserving,acsbr_023#4,lookup,39,1,1
marker_noocr,acsbr_023,T2,M,structure_preserving,acsbr_023#5,lookup,39,1,1
marker_noocr,acsbr_023,T2,M,structure_preserving,acsbr_023#6,lookup,39,1,1
marker_noocr,acsbr_023,T2,M,structure_preserving,acsbr_023#7,table_cell,39,1,1
marker_noocr,acsbr_023,T2,M,structure_preserving,acsbr_023#8,table_cell,39,1,1
marker_noocr,acsbr_023,T2,M,structure_preserving,acsbr_023#9,table_cell,39,1,1
marker_noocr,acsbr_023,T2,M,structure_preserving,acsbr_023#10,table_cell,39,1,1
marker_noocr,acsbr_023,T2,M,structure_preserving,acsbr_023#11,table_multi_row,39,0,1
marker_noocr,acsbr_023,T2,M,structure_preserving,acsbr_023#12,table_cell,39,1,1
marker_noocr,erp2024_full,T2,XL,structure_preserving,erp2024_full#1,lookup,0,0,0
marker_noocr,erp2024_full,T2,XL,structure_preserving,erp2024_full#2,table_cell,0,0,0
marker_noocr,erp2024_full,T2,XL,structure_preserving,erp2024_full#3,lookup,0,0,0
marker_noocr,erp2024_full,T2,XL,structure_preserving,erp2024_full#4,table_cell,0,0,0
marker_noocr,erp2024_full,T2,XL,structure_preserving,erp2024_full#5,table_cell,0,0,0
marker_noocr,erp2024_full,T2,XL,structure_preserving,erp2024_full#6,table_cell,0,0,0
marker_noocr,erp2024_full,T2,XL,structure_preserving,erp2024_full#7,table_multi_row,0,0,0
marker_noocr,erp2024_full,T2,XL,structure_preserving,erp2024_full#8,lookup,0,0,0
marker_noocr,erp2024_full,T2,XL,structure_preserving,erp2024_full#9,lookup,0,0,0
marker_noocr,erp2024_full,T2,XL,structure_preserving,erp2024_full#10,table_cell,0,0,0
marker_noocr,erp2024_full,T2,XL,structure_preserving,erp2024_full#11,table_cell,0,0,0
marker_noocr,erp2024_table1,T2,S,structure_preserving,erp2024_table1#1,lookup,0,0,0
marker_noocr,erp2024_table1,T2,S,structure_preserving,erp2024_table1#2,table_cell,0,0,0
marker_noocr,erp2024_table1,T2,S,structure_preserving,erp2024_table1#3,table_cell,0,0,0
marker_noocr,erp2024_table1,T2,S,structure_preserving,erp2024_table1#4,table_cell,0,0,0
marker_noocr,erp2024_table1,T2,S,structure_preserving,erp2024_table1#5,table_cell,0,0,0
marker_noocr,erp2024_table1,T2,S,structure_preserving,erp2024_table1#6,table_cell,0,0,0
marker_noocr,erp2024_table1,T2,S,structure_preserving,erp2024_table1#7,table_cell,0,0,0
marker_noocr,erp2024_table1,T2,S,structure_preserving,erp2024_table1#8,lookup,0,0,0
marker_noocr,erp2024_table1,T2,S,structure_preserving,erp2024_table1#9,lookup,0,0,0
marker_noocr,erp2024_table3,T2,S,structure_preserving,erp2024_table3#1,lookup,0,0,0
marker_noocr,erp2024_table3,T2,S,structure_preserving,erp2024_table3#2,lookup,0,0,0
marker_noocr,erp2024_table3,T2,S,structure_preserving,erp2024_table3#3,table_cell,0,0,0
marker_noocr,erp2024_table3,T2,S,structure_preserving,erp2024_table3#4,table_cell,0,0,0
marker_noocr,erp2024_table3,T2,S,structure_preserving,erp2024_table3#5,table_cell,0,0,0
marker_noocr,erp2024_table3,T2,S,structure_preserving,erp2024_table3#6,table_cell,0,0,0
marker_noocr,erp2024_table3,T2,S,structure_preserving,erp2024_table3#7,table_multi_row,0,0,0
marker_noocr,erp2024_table3,T2,S,structure_preserving,erp2024_table3#8,table_cell,0,0,0
marker_noocr,erp2024_table3,T2,S,structure_preserving,erp2024_table3#9,table_cell,0,0,0
marker_noocr,erp2024_table3,T2,S,structure_preserving,erp2024_table3#10,table_cell,0,0,0
marker_noocr,gen_t2_long,T2,S,structure_preserving,gen_t2_long#1,table_cell,9,1,1
marker_noocr,gen_t2_long,T2,S,structure_preserving,gen_t2_long#2,table_cell,9,1,1
marker_noocr,gen_t2_long,T2,S,structure_preserving,gen_t2_long#3,table_cell,9,1,1
marker_noocr,gen_t2_long,T2,S,structure_preserving,gen_t2_long#4,table_cell,9,1,1
marker_noocr,gen_t2_merged,T2,S,structure_preserving,gen_t2_merged#1,table_cell,3,1,1
marker_noocr,gen_t2_rotated,T2,S,structure_preserving,gen_t2_rotated#1,table_cell,1,0,0
marker_noocr,gen_t2_rotated,T2,S,structure_preserving,gen_t2_rotated#2,table_cell,1,0,0
marker_noocr,gen_t2_simple,T2,S,structure_preserving,gen_t2_simple#1,table_cell,3,1,1
marker_noocr,gen_t2_simple,T2,S,structure_preserving,gen_t2_simple#2,table_cell,3,1,1
marker_noocr,gen_t2_simple,T2,S,structure_preserving,gen_t2_simple#3,table_cell,3,1,1
marker_noocr,gen_t4_bar,T4,S,structure_preserving,gen_t4_bar#1,figure,1,0,0
marker_noocr,gen_t4_flow,T4,S,structure_preserving,gen_t4_flow#1,figure,1,0,0
marker_noocr,gen_t4_line,T4,S,structure_preserving,gen_t4_line#1,figure,1,0,0
marker_noocr,gen_t4_mixed,T4,S,structure_preserving,gen_t4_mixed#1,table_cell,3,1,1
marker_noocr,nasa_se_handbook,T4,XL,structure_preserving,nasa_se_handbook#1,lookup,407,1,1
marker_noocr,nasa_se_handbook,T4,XL,structure_preserving,nasa_se_handbook#2,lookup,407,1,1
marker_noocr,nasa_se_handbook,T4,XL,structure_preserving,nasa_se_handbook#3,figure,407,0,0
marker_noocr,nasa_se_handbook,T4,XL,structure_preserving,nasa_se_handbook#4,lookup,407,1,1
marker_noocr,nasa_se_handbook,T4,XL,structure_preserving,nasa_se_handbook#5,lookup,407,1,1
marker_noocr,nasa_se_handbook,T4,XL,structure_preserving,nasa_se_handbook#6,table_multi_row,407,1,1
marker_noocr,nasa_se_handbook,T4,XL,structure_preserving,nasa_se_handbook#7,lookup,407,1,1
marker_noocr,nasa_se_handbook,T4,XL,structure_preserving,nasa_se_handbook#8,lookup,407,1,1
marker_noocr,nasa_se_handbook,T4,XL,structure_preserving,nasa_se_handbook#9,lookup,407,1,1
marker_noocr,nasa_se_handbook,T4,XL,structure_preserving,nasa_se_handbook#10,lookup,407,1,1
marker_noocr,nasa_se_handbook,T4,XL,structure_preserving,nasa_se_handbook#11,lookup,407,1,1
marker_noocr,nasa_se_handbook,T4,XL,structure_preserving,nasa_se_handbook#12,lookup,407,1,1
marker_noocr,nasa_tm100396,T4,L,structure_preserving,nasa_tm100396#1,lookup,264,1,1
marker_noocr,nasa_tm100396,T4,L,structure_preserving,nasa_tm100396#2,lookup,264,1,1
marker_noocr,nasa_tm100396,T4,L,structure_preserving,nasa_tm100396#3,lookup,264,1,1
marker_noocr,nasa_tm100396,T4,L,structure_preserving,nasa_tm100396#4,lookup,264,1,1
marker_noocr,nasa_tm100396,T4,L,structure_preserving,nasa_tm100396#5,lookup,264,1,1
marker_noocr,nasa_tm100396,T4,L,structure_preserving,nasa_tm100396#6,lookup,264,1,1
marker_noocr,nasa_tm100396,T4,L,structure_preserving,nasa_tm100396#7,lookup,264,1,1
marker_noocr,nasa_tm100396,T4,L,structure_preserving,nasa_tm100396#8,lookup,264,1,1
marker_noocr,nasa_tm100396,T4,L,structure_preserving,nasa_tm100396#9,lookup,264,1,1
marker_noocr,nasa_tm100396,T4,L,structure_preserving,nasa_tm100396#10,cross_page,264,0,0
marker_noocr,nasa_tm100396,T4,L,structure_preserving,nasa_tm100396#11,lookup,264,1,1
marker_noocr,nasa_tm100396,T4,L,structure_preserving,nasa_tm100396#12,table_cell,264,0,1
marker_noocr,nasa_tm104114,T4,XL,structure_preserving,nasa_tm104114#1,lookup,100,1,1
marker_noocr,nasa_tm104114,T4,XL,structure_preserving,nasa_tm104114#2,lookup,100,1,1
marker_noocr,nasa_tm104114,T4,XL,structure_preserving,nasa_tm104114#3,lookup,100,0,0
marker_noocr,nasa_tm104114,T4,XL,structure_preserving,nasa_tm104114#4,table_cell,100,0,0
marker_noocr,nasa_tm104114,T4,XL,structure_preserving,nasa_tm104114#5,table_cell,100,0,0
marker_noocr,nasa_tm104114,T4,XL,structure_preserving,nasa_tm104114#6,table_cell,100,0,0
marker_noocr,nasa_tm104114,T4,XL,structure_preserving,nasa_tm104114#7,table_cell,100,0,0
marker_noocr,nasa_tm104114,T4,XL,structure_preserving,nasa_tm104114#8,lookup,100,1,1
marker_noocr,nasa_tm104114,T4,XL,structure_preserving,nasa_tm104114#9,lookup,100,0,0
marker_noocr,nasa_tm104114,T4,XL,structure_preserving,nasa_tm104114#10,lookup,100,0,0
marker_noocr,nasa_tm104114,T4,XL,structure_preserving,nasa_tm104114#11,lookup,100,0,0
marker_noocr,nasa_tm_x9471,T4,M,structure_preserving,nasa_tm_x9471#1,lookup,7,1,1
marker_noocr,nasa_tm_x9471,T4,M,structure_preserving,nasa_tm_x9471#2,lookup,7,1,1
marker_noocr,nasa_tm_x9471,T4,M,structure_preserving,nasa_tm_x9471#3,lookup,7,1,1
marker_noocr,nasa_tm_x9471,T4,M,structure_preserving,nasa_tm_x9471#4,lookup,7,1,1
marker_noocr,nasa_tm_x9471,T4,M,structure_preserving,nasa_tm_x9471#5,lookup,7,1,1
marker_noocr,nasa_tm_x9471,T4,M,structure_preserving,nasa_tm_x9471#6,lookup,7,1,1
marker_noocr,nasa_tm_x9471,T4,M,structure_preserving,nasa_tm_x9471#7,lookup,7,1,1
marker_noocr,nasa_tm_x9471,T4,M,structure_preserving,nasa_tm_x9471#8,lookup,7,1,1
marker_noocr,nasa_tm_x9471,T4,M,structure_preserving,nasa_tm_x9471#9,lookup,7,1,1
marker_noocr,nasa_tm_x9471,T4,M,structure_preserving,nasa_tm_x9471#10,figure,7,0,0
marker_noocr,nasa_tm_x9471,T4,M,structure_preserving,nasa_tm_x9471#11,figure,7,0,0
marker_noocr,nasa_tm_x9471,T4,M,structure_preserving,nasa_tm_x9471#12,figure,7,0,0
marker_noocr,nasa_webb_factsheet,T4,S,structure_preserving,nasa_webb_factsheet#1,lookup,2,1,1
marker_noocr,nasa_webb_factsheet,T4,S,structure_preserving,nasa_webb_factsheet#2,lookup,2,1,1
marker_noocr,nasa_webb_factsheet,T4,S,structure_preserving,nasa_webb_factsheet#3,lookup,2,1,1
marker_noocr,nasa_webb_factsheet,T4,S,structure_preserving,nasa_webb_factsheet#4,lookup,2,1,1
marker_noocr,nasa_webb_factsheet,T4,S,structure_preserving,nasa_webb_factsheet#5,lookup,2,1,1
marker_noocr,nasa_webb_factsheet,T4,S,structure_preserving,nasa_webb_factsheet#6,lookup,2,1,1
marker_noocr,nasa_webb_factsheet,T4,S,structure_preserving,nasa_webb_factsheet#7,lookup,2,1,1
marker_noocr,nasa_webb_factsheet,T4,S,structure_preserving,nasa_webb_factsheet#8,table_multi_row,2,1,1
marker_noocr,nasa_webb_factsheet,T4,S,structure_preserving,nasa_webb_factsheet#9,figure,2,0,0
marker_noocr,nasa_webb_factsheet,T4,S,structure_preserving,nasa_webb_factsheet#10,figure,2,0,0
marker_noocr,nasa_webb_factsheet,T4,S,structure_preserving,nasa_webb_factsheet#11,figure,2,0,0
marker_noocr,nasa_webb_factsheet,T4,S,structure_preserving,nasa_webb_factsheet#12,figure,2,0,0
marker_noocr,p60_282,T2,L,structure_preserving,p60_282#1,lookup,311,1,1
marker_noocr,p60_282,T2,L,structure_preserving,p60_282#2,lookup,311,1,1
marker_noocr,p60_282,T2,L,structure_preserving,p60_282#3,lookup,311,1,1
marker_noocr,p60_282,T2,L,structure_preserving,p60_282#4,table_cell,311,1,1
marker_noocr,p60_282,T2,L,structure_preserving,p60_282#5,table_cell,311,1,1
marker_noocr,p60_282,T2,L,structure_preserving,p60_282#6,table_cell,311,1,1
marker_noocr,p60_282,T2,L,structure_preserving,p60_282#7,table_cell,311,0,0
marker_noocr,p60_282,T2,L,structure_preserving,p60_282#8,lookup,311,1,1
marker_noocr,p60_282,T2,L,structure_preserving,p60_282#9,lookup,311,1,1
marker_noocr,p60_282,T2,L,structure_preserving,p60_282#10,table_cell,311,1,1
marker_noocr,p60_282,T2,L,structure_preserving,p60_282#11,table_cell,311,1,1
marker_noocr,p60_282,T2,L,structure_preserving,p60_282#12,table_cell,311,1,1
marker_noocr,p60_282,T2,L,structure_preserving,p60_282#13,table_multi_row,311,1,1
marker_noocr,rfc9110,T1,XL,structure_preserving,rfc9110#1,lookup,360,1,1
marker_noocr,rfc9110,T1,XL,structure_preserving,rfc9110#2,lookup,360,1,1
marker_noocr,rfc9110,T1,XL,structure_preserving,rfc9110#3,lookup,360,1,1
marker_noocr,rfc9110,T1,XL,structure_preserving,rfc9110#4,table_cell,360,0,1
marker_noocr,rfc9110,T1,XL,structure_preserving,rfc9110#5,table_cell,360,1,1
marker_noocr,rfc9110,T1,XL,structure_preserving,rfc9110#6,table_multi_row,360,1,1
marker_noocr,rfc9110,T1,XL,structure_preserving,rfc9110#7,lookup,360,1,1
marker_noocr,rfc9110,T1,XL,structure_preserving,rfc9110#8,lookup,360,1,1
marker_noocr,rfc9110,T1,XL,structure_preserving,rfc9110#9,lookup,360,0,0
marker_noocr,rfc9110,T1,XL,structure_preserving,rfc9110#10,lookup,360,0,0
marker_noocr,rfc9110,T1,XL,structure_preserving,rfc9110#11,lookup,360,1,1
marker_noocr,rfc9110,T1,XL,structure_preserving,rfc9110#12,lookup,360,1,1
marker_noocr,rfc9112,T1,L,structure_preserving,rfc9112#1,lookup,79,1,1
marker_noocr,rfc9112,T1,L,structure_preserving,rfc9112#2,lookup,79,1,1
marker_noocr,rfc9112,T1,L,structure_preserving,rfc9112#3,lookup,79,1,1
marker_noocr,rfc9112,T1,L,structure_preserving,rfc9112#4,lookup,79,1,1
marker_noocr,rfc9112,T1,L,structure_preserving,rfc9112#5,lookup,79,1,1
marker_noocr,rfc9112,T1,L,structure_preserving,rfc9112#6,cross_page,79,1,1
marker_noocr,rfc9112,T1,L,structure_preserving,rfc9112#7,lookup,79,1,1
marker_noocr,rfc9112,T1,L,structure_preserving,rfc9112#8,lookup,79,1,1
marker_noocr,rfc9112,T1,L,structure_preserving,rfc9112#9,lookup,79,1,1
marker_noocr,rfc9112,T1,L,structure_preserving,rfc9112#10,lookup,79,1,1
marker_noocr,rfc9112,T1,L,structure_preserving,rfc9112#11,lookup,79,1,1
marker_noocr,rfc9112,T1,L,structure_preserving,rfc9112#12,lookup,79,1,1
marker_noocr,rfc9112,T1,L,structure_preserving,rfc9112#13,lookup,79,1,1
marker_noocr,rfc9112,T1,L,structure_preserving,rfc9112#14,lookup,79,0,0
marker_noocr,rfc9112,T1,L,structure_preserving,rfc9112#15,lookup,79,1,1
marker_noocr,rfc9112,T1,L,structure_preserving,rfc9112#16,lookup,79,1,1
marker_noocr,rfc9158,T1,S,structure_preserving,rfc9158#1,lookup,8,1,1
marker_noocr,rfc9158,T1,S,structure_preserving,rfc9158#2,lookup,8,1,1
marker_noocr,rfc9158,T1,S,structure_preserving,rfc9158#3,lookup,8,1,1
marker_noocr,rfc9158,T1,S,structure_preserving,rfc9158#4,lookup,8,1,1
marker_noocr,rfc9158,T1,S,structure_preserving,rfc9158#5,table_multi_row,8,1,1
marker_noocr,rfc9158,T1,S,structure_preserving,rfc9158#6,table_cell,8,1,1
marker_noocr,rfc9158,T1,S,structure_preserving,rfc9158#7,lookup,8,1,1
marker_noocr,rfc9158,T1,S,structure_preserving,rfc9158#8,lookup,8,1,1
marker_noocr,rfc9158,T1,S,structure_preserving,rfc9158#9,cross_page,8,0,0
marker_noocr,rfc9457,T1,M,structure_preserving,rfc9457#1,lookup,25,1,1
marker_noocr,rfc9457,T1,M,structure_preserving,rfc9457#2,lookup,25,1,1
marker_noocr,rfc9457,T1,M,structure_preserving,rfc9457#3,lookup,25,1,1
marker_noocr,rfc9457,T1,M,structure_preserving,rfc9457#4,lookup,25,1,1
marker_noocr,rfc9457,T1,M,structure_preserving,rfc9457#5,lookup,25,1,1
marker_noocr,rfc9457,T1,M,structure_preserving,rfc9457#6,lookup,25,1,1
marker_noocr,rfc9457,T1,M,structure_preserving,rfc9457#7,lookup,25,1,1
marker_noocr,rfc9457,T1,M,structure_preserving,rfc9457#8,lookup,25,1,1
marker_noocr,rfc9457,T1,M,structure_preserving,rfc9457#9,lookup,25,1,1
marker_noocr,rfc9457,T1,M,structure_preserving,rfc9457#10,lookup,25,1,1
marker_noocr,rfc9457,T1,M,structure_preserving,rfc9457#11,lookup,25,1,1
marker_noocr,scan_acsbr_023,T3,M,structure_preserving,scan_acsbr_023#1,lookup,1,0,0
marker_noocr,scan_acsbr_023,T3,M,structure_preserving,scan_acsbr_023#2,lookup,1,0,0
marker_noocr,scan_acsbr_023,T3,M,structure_preserving,scan_acsbr_023#3,lookup,1,0,0
marker_noocr,scan_acsbr_023,T3,M,structure_preserving,scan_acsbr_023#4,lookup,1,0,0
marker_noocr,scan_acsbr_023,T3,M,structure_preserving,scan_acsbr_023#5,lookup,1,0,0
marker_noocr,scan_acsbr_023,T3,M,structure_preserving,scan_acsbr_023#6,lookup,1,0,0
marker_noocr,scan_acsbr_023,T3,M,structure_preserving,scan_acsbr_023#7,table_cell,1,0,0
marker_noocr,scan_acsbr_023,T3,M,structure_preserving,scan_acsbr_023#8,table_cell,1,0,0
marker_noocr,scan_acsbr_023,T3,M,structure_preserving,scan_acsbr_023#9,table_cell,1,0,0
marker_noocr,scan_acsbr_023,T3,M,structure_preserving,scan_acsbr_023#10,table_cell,1,0,0
marker_noocr,scan_acsbr_023,T3,M,structure_preserving,scan_acsbr_023#11,table_multi_row,1,0,0
marker_noocr,scan_acsbr_023,T3,M,structure_preserving,scan_acsbr_023#12,table_cell,1,0,0
marker_noocr,scan_p60_282,T3,L,structure_preserving,scan_p60_282#1,lookup,1,0,0
marker_noocr,scan_p60_282,T3,L,structure_preserving,scan_p60_282#2,lookup,1,0,0
marker_noocr,scan_p60_282,T3,L,structure_preserving,scan_p60_282#3,lookup,1,0,0
marker_noocr,scan_p60_282,T3,L,structure_preserving,scan_p60_282#4,table_cell,1,0,0
marker_noocr,scan_p60_282,T3,L,structure_preserving,scan_p60_282#5,table_cell,1,0,0
marker_noocr,scan_p60_282,T3,L,structure_preserving,scan_p60_282#6,table_cell,1,0,0
marker_noocr,scan_p60_282,T3,L,structure_preserving,scan_p60_282#7,table_cell,1,0,0
marker_noocr,scan_p60_282,T3,L,structure_preserving,scan_p60_282#8,lookup,1,0,0
marker_noocr,scan_p60_282,T3,L,structure_preserving,scan_p60_282#9,lookup,1,0,0
marker_noocr,scan_p60_282,T3,L,structure_preserving,scan_p60_282#10,table_cell,1,0,0
marker_noocr,scan_p60_282,T3,L,structure_preserving,scan_p60_282#11,table_cell,1,0,0
marker_noocr,scan_p60_282,T3,L,structure_preserving,scan_p60_282#12,table_cell,1,0,0
marker_noocr,scan_p60_282,T3,L,structure_preserving,scan_p60_282#13,table_multi_row,1,0,0
marker_noocr,scan_rfc9110,T3,XL,structure_preserving,scan_rfc9110#1,lookup,0,0,0
marker_noocr,scan_rfc9110,T3,XL,structure_preserving,scan_rfc9110#2,lookup,0,0,0
marker_noocr,scan_rfc9110,T3,XL,structure_preserving,scan_rfc9110#3,lookup,0,0,0
marker_noocr,scan_rfc9110,T3,XL,structure_preserving,scan_rfc9110#4,table_cell,0,0,0
marker_noocr,scan_rfc9110,T3,XL,structure_preserving,scan_rfc9110#5,table_cell,0,0,0
marker_noocr,scan_rfc9110,T3,XL,structure_preserving,scan_rfc9110#6,table_multi_row,0,0,0
marker_noocr,scan_rfc9110,T3,XL,structure_preserving,scan_rfc9110#7,lookup,0,0,0
marker_noocr,scan_rfc9110,T3,XL,structure_preserving,scan_rfc9110#8,lookup,0,0,0
marker_noocr,scan_rfc9110,T3,XL,structure_preserving,scan_rfc9110#9,lookup,0,0,0
marker_noocr,scan_rfc9110,T3,XL,structure_preserving,scan_rfc9110#10,lookup,0,0,0
marker_noocr,scan_rfc9110,T3,XL,structure_preserving,scan_rfc9110#11,lookup,0,0,0
marker_noocr,scan_rfc9110,T3,XL,structure_preserving,scan_rfc9110#12,lookup,0,0,0
marker_noocr,scan_rfc9158,T3,S,structure_preserving,scan_rfc9158#1,lookup,0,0,0
marker_noocr,scan_rfc9158,T3,S,structure_preserving,scan_rfc9158#2,lookup,0,0,0
marker_noocr,scan_rfc9158,T3,S,structure_preserving,scan_rfc9158#3,lookup,0,0,0
marker_noocr,scan_rfc9158,T3,S,structure_preserving,scan_rfc9158#4,lookup,0,0,0
marker_noocr,scan_rfc9158,T3,S,structure_preserving,scan_rfc9158#5,table_multi_row,0,0,0
marker_noocr,scan_rfc9158,T3,S,structure_preserving,scan_rfc9158#6,table_cell,0,0,0
marker_noocr,scan_rfc9158,T3,S,structure_preserving,scan_rfc9158#7,lookup,0,0,0
marker_noocr,scan_rfc9158,T3,S,structure_preserving,scan_rfc9158#8,lookup,0,0,0
marker_noocr,scan_rfc9158,T3,S,structure_preserving,scan_rfc9158#9,cross_page,0,0,0
marker_noocr,scan_rfc9457,T3,M,structure_preserving,scan_rfc9457#1,lookup,0,0,0
marker_noocr,scan_rfc9457,T3,M,structure_preserving,scan_rfc9457#2,lookup,0,0,0
marker_noocr,scan_rfc9457,T3,M,structure_preserving,scan_rfc9457#3,lookup,0,0,0
marker_noocr,scan_rfc9457,T3,M,structure_preserving,scan_rfc9457#4,lookup,0,0,0
marker_noocr,scan_rfc9457,T3,M,structure_preserving,scan_rfc9457#5,lookup,0,0,0
marker_noocr,scan_rfc9457,T3,M,structure_preserving,scan_rfc9457#6,lookup,0,0,0
marker_noocr,scan_rfc9457,T3,M,structure_preserving,scan_rfc9457#7,lookup,0,0,0
marker_noocr,scan_rfc9457,T3,M,structure_preserving,scan_rfc9457#8,lookup,0,0,0
marker_noocr,scan_rfc9457,T3,M,structure_preserving,scan_rfc9457#9,lookup,0,0,0
marker_noocr,scan_rfc9457,T3,M,structure_preserving,scan_rfc9457#10,lookup,0,0,0
marker_noocr,scan_rfc9457,T3,M,structure_preserving,scan_rfc9457#11,lookup,0,0,0
mineru,acsbr_023,T2,M,structure_preserving,acsbr_023#1,lookup,73,1,1
mineru,acsbr_023,T2,M,structure_preserving,acsbr_023#2,lookup,73,1,1
mineru,acsbr_023,T2,M,structure_preserving,acsbr_023#3,lookup,73,1,1
mineru,acsbr_023,T2,M,structure_preserving,acsbr_023#4,lookup,73,1,1
mineru,acsbr_023,T2,M,structure_preserving,acsbr_023#5,lookup,73,1,1
mineru,acsbr_023,T2,M,structure_preserving,acsbr_023#6,lookup,73,1,1
mineru,acsbr_023,T2,M,structure_preserving,acsbr_023#7,table_cell,73,1,1
mineru,acsbr_023,T2,M,structure_preserving,acsbr_023#8,table_cell,73,0,0
mineru,acsbr_023,T2,M,structure_preserving,acsbr_023#9,table_cell,73,0,0
mineru,acsbr_023,T2,M,structure_preserving,acsbr_023#10,table_cell,73,1,1
mineru,acsbr_023,T2,M,structure_preserving,acsbr_023#11,table_multi_row,73,1,1
mineru,acsbr_023,T2,M,structure_preserving,acsbr_023#12,table_cell,73,1,1
mineru,erp2024_full,T2,XL,structure_preserving,erp2024_full#1,lookup,0,0,0
mineru,erp2024_full,T2,XL,structure_preserving,erp2024_full#2,table_cell,0,0,0
mineru,erp2024_full,T2,XL,structure_preserving,erp2024_full#3,lookup,0,0,0
mineru,erp2024_full,T2,XL,structure_preserving,erp2024_full#4,table_cell,0,0,0
mineru,erp2024_full,T2,XL,structure_preserving,erp2024_full#5,table_cell,0,0,0
mineru,erp2024_full,T2,XL,structure_preserving,erp2024_full#6,table_cell,0,0,0
mineru,erp2024_full,T2,XL,structure_preserving,erp2024_full#7,table_multi_row,0,0,0
mineru,erp2024_full,T2,XL,structure_preserving,erp2024_full#8,lookup,0,0,0
mineru,erp2024_full,T2,XL,structure_preserving,erp2024_full#9,lookup,0,0,0
mineru,erp2024_full,T2,XL,structure_preserving,erp2024_full#10,table_cell,0,0,0
mineru,erp2024_full,T2,XL,structure_preserving,erp2024_full#11,table_cell,0,0,0
mineru,erp2024_table1,T2,S,structure_preserving,erp2024_table1#1,lookup,20,1,1
mineru,erp2024_table1,T2,S,structure_preserving,erp2024_table1#2,table_cell,20,1,1
mineru,erp2024_table1,T2,S,structure_preserving,erp2024_table1#3,table_cell,20,0,1
mineru,erp2024_table1,T2,S,structure_preserving,erp2024_table1#4,table_cell,20,0,0
mineru,erp2024_table1,T2,S,structure_preserving,erp2024_table1#5,table_cell,20,1,1
mineru,erp2024_table1,T2,S,structure_preserving,erp2024_table1#6,table_cell,20,0,0
mineru,erp2024_table1,T2,S,structure_preserving,erp2024_table1#7,table_cell,20,0,0
mineru,erp2024_table1,T2,S,structure_preserving,erp2024_table1#8,lookup,20,0,1
mineru,erp2024_table1,T2,S,structure_preserving,erp2024_table1#9,lookup,20,1,1
mineru,erp2024_table3,T2,S,structure_preserving,erp2024_table3#1,lookup,51,0,1
mineru,erp2024_table3,T2,S,structure_preserving,erp2024_table3#2,lookup,51,0,0
mineru,erp2024_table3,T2,S,structure_preserving,erp2024_table3#3,table_cell,51,0,0
mineru,erp2024_table3,T2,S,structure_preserving,erp2024_table3#4,table_cell,51,0,0
mineru,erp2024_table3,T2,S,structure_preserving,erp2024_table3#5,table_cell,51,0,0
mineru,erp2024_table3,T2,S,structure_preserving,erp2024_table3#6,table_cell,51,0,0
mineru,erp2024_table3,T2,S,structure_preserving,erp2024_table3#7,table_multi_row,51,0,0
mineru,erp2024_table3,T2,S,structure_preserving,erp2024_table3#8,table_cell,51,0,0
mineru,erp2024_table3,T2,S,structure_preserving,erp2024_table3#9,table_cell,51,0,0
mineru,erp2024_table3,T2,S,structure_preserving,erp2024_table3#10,table_cell,51,0,0
mineru,gen_t2_long,T2,S,structure_preserving,gen_t2_long#1,table_cell,16,1,1
mineru,gen_t2_long,T2,S,structure_preserving,gen_t2_long#2,table_cell,16,1,1
mineru,gen_t2_long,T2,S,structure_preserving,gen_t2_long#3,table_cell,16,1,1
mineru,gen_t2_long,T2,S,structure_preserving,gen_t2_long#4,table_cell,16,1,1
mineru,gen_t2_merged,T2,S,structure_preserving,gen_t2_merged#1,table_cell,3,1,1
mineru,gen_t2_rotated,T2,S,structure_preserving,gen_t2_rotated#1,table_cell,3,1,1
mineru,gen_t2_rotated,T2,S,structure_preserving,gen_t2_rotated#2,table_cell,3,1,1
mineru,gen_t2_simple,T2,S,structure_preserving,gen_t2_simple#1,table_cell,3,1,1
mineru,gen_t2_simple,T2,S,structure_preserving,gen_t2_simple#2,table_cell,3,1,1
mineru,gen_t2_simple,T2,S,structure_preserving,gen_t2_simple#3,table_cell,3,1,1
mineru,gen_t4_bar,T4,S,structure_preserving,gen_t4_bar#1,figure,1,0,0
mineru,gen_t4_flow,T4,S,structure_preserving,gen_t4_flow#1,figure,1,0,0
mineru,gen_t4_line,T4,S,structure_preserving,gen_t4_line#1,figure,1,0,0
mineru,gen_t4_mixed,T4,S,structure_preserving,gen_t4_mixed#1,table_cell,3,1,1
mineru,nasa_se_handbook,T4,XL,structure_preserving,nasa_se_handbook#1,lookup,0,0,0
mineru,nasa_se_handbook,T4,XL,structure_preserving,nasa_se_handbook#2,lookup,0,0,0
mineru,nasa_se_handbook,T4,XL,structure_preserving,nasa_se_handbook#3,figure,0,0,0
mineru,nasa_se_handbook,T4,XL,structure_preserving,nasa_se_handbook#4,lookup,0,0,0
mineru,nasa_se_handbook,T4,XL,structure_preserving,nasa_se_handbook#5,lookup,0,0,0
mineru,nasa_se_handbook,T4,XL,structure_preserving,nasa_se_handbook#6,table_multi_row,0,0,0
mineru,nasa_se_handbook,T4,XL,structure_preserving,nasa_se_handbook#7,lookup,0,0,0
mineru,nasa_se_handbook,T4,XL,structure_preserving,nasa_se_handbook#8,lookup,0,0,0
mineru,nasa_se_handbook,T4,XL,structure_preserving,nasa_se_handbook#9,lookup,0,0,0
mineru,nasa_se_handbook,T4,XL,structure_preserving,nasa_se_handbook#10,lookup,0,0,0
mineru,nasa_se_handbook,T4,XL,structure_preserving,nasa_se_handbook#11,lookup,0,0,0
mineru,nasa_se_handbook,T4,XL,structure_preserving,nasa_se_handbook#12,lookup,0,0,0
mineru,nasa_tm100396,T4,L,structure_preserving,nasa_tm100396#1,lookup,0,0,0
mineru,nasa_tm100396,T4,L,structure_preserving,nasa_tm100396#2,lookup,0,0,0
mineru,nasa_tm100396,T4,L,structure_preserving,nasa_tm100396#3,lookup,0,0,0
mineru,nasa_tm100396,T4,L,structure_preserving,nasa_tm100396#4,lookup,0,0,0
mineru,nasa_tm100396,T4,L,structure_preserving,nasa_tm100396#5,lookup,0,0,0
mineru,nasa_tm100396,T4,L,structure_preserving,nasa_tm100396#6,lookup,0,0,0
mineru,nasa_tm100396,T4,L,structure_preserving,nasa_tm100396#7,lookup,0,0,0
mineru,nasa_tm100396,T4,L,structure_preserving,nasa_tm100396#8,lookup,0,0,0
mineru,nasa_tm100396,T4,L,structure_preserving,nasa_tm100396#9,lookup,0,0,0
mineru,nasa_tm100396,T4,L,structure_preserving,nasa_tm100396#10,cross_page,0,0,0
mineru,nasa_tm100396,T4,L,structure_preserving,nasa_tm100396#11,lookup,0,0,0
mineru,nasa_tm100396,T4,L,structure_preserving,nasa_tm100396#12,table_cell,0,0,0
mineru,nasa_tm104114,T4,XL,structure_preserving,nasa_tm104114#1,lookup,0,0,0
mineru,nasa_tm104114,T4,XL,structure_preserving,nasa_tm104114#2,lookup,0,0,0
mineru,nasa_tm104114,T4,XL,structure_preserving,nasa_tm104114#3,lookup,0,0,0
mineru,nasa_tm104114,T4,XL,structure_preserving,nasa_tm104114#4,table_cell,0,0,0
mineru,nasa_tm104114,T4,XL,structure_preserving,nasa_tm104114#5,table_cell,0,0,0
mineru,nasa_tm104114,T4,XL,structure_preserving,nasa_tm104114#6,table_cell,0,0,0
mineru,nasa_tm104114,T4,XL,structure_preserving,nasa_tm104114#7,table_cell,0,0,0
mineru,nasa_tm104114,T4,XL,structure_preserving,nasa_tm104114#8,lookup,0,0,0
mineru,nasa_tm104114,T4,XL,structure_preserving,nasa_tm104114#9,lookup,0,0,0
mineru,nasa_tm104114,T4,XL,structure_preserving,nasa_tm104114#10,lookup,0,0,0
mineru,nasa_tm104114,T4,XL,structure_preserving,nasa_tm104114#11,lookup,0,0,0
mineru,nasa_tm_x9471,T4,M,structure_preserving,nasa_tm_x9471#1,lookup,7,1,1
mineru,nasa_tm_x9471,T4,M,structure_preserving,nasa_tm_x9471#2,lookup,7,1,1
mineru,nasa_tm_x9471,T4,M,structure_preserving,nasa_tm_x9471#3,lookup,7,1,1
mineru,nasa_tm_x9471,T4,M,structure_preserving,nasa_tm_x9471#4,lookup,7,1,1
mineru,nasa_tm_x9471,T4,M,structure_preserving,nasa_tm_x9471#5,lookup,7,1,1
mineru,nasa_tm_x9471,T4,M,structure_preserving,nasa_tm_x9471#6,lookup,7,1,1
mineru,nasa_tm_x9471,T4,M,structure_preserving,nasa_tm_x9471#7,lookup,7,1,1
mineru,nasa_tm_x9471,T4,M,structure_preserving,nasa_tm_x9471#8,lookup,7,1,1
mineru,nasa_tm_x9471,T4,M,structure_preserving,nasa_tm_x9471#9,lookup,7,1,1
mineru,nasa_tm_x9471,T4,M,structure_preserving,nasa_tm_x9471#10,figure,7,0,0
mineru,nasa_tm_x9471,T4,M,structure_preserving,nasa_tm_x9471#11,figure,7,0,0
mineru,nasa_tm_x9471,T4,M,structure_preserving,nasa_tm_x9471#12,figure,7,0,0
mineru,nasa_webb_factsheet,T4,S,structure_preserving,nasa_webb_factsheet#1,lookup,2,1,1
mineru,nasa_webb_factsheet,T4,S,structure_preserving,nasa_webb_factsheet#2,lookup,2,1,1
mineru,nasa_webb_factsheet,T4,S,structure_preserving,nasa_webb_factsheet#3,lookup,2,1,1
mineru,nasa_webb_factsheet,T4,S,structure_preserving,nasa_webb_factsheet#4,lookup,2,1,1
mineru,nasa_webb_factsheet,T4,S,structure_preserving,nasa_webb_factsheet#5,lookup,2,1,1
mineru,nasa_webb_factsheet,T4,S,structure_preserving,nasa_webb_factsheet#6,lookup,2,1,1
mineru,nasa_webb_factsheet,T4,S,structure_preserving,nasa_webb_factsheet#7,lookup,2,1,1
mineru,nasa_webb_factsheet,T4,S,structure_preserving,nasa_webb_factsheet#8,table_multi_row,2,1,1
mineru,nasa_webb_factsheet,T4,S,structure_preserving,nasa_webb_factsheet#9,figure,2,1,1
mineru,nasa_webb_factsheet,T4,S,structure_preserving,nasa_webb_factsheet#10,figure,2,1,1
mineru,nasa_webb_factsheet,T4,S,structure_preserving,nasa_webb_factsheet#11,figure,2,1,1
mineru,nasa_webb_factsheet,T4,S,structure_preserving,nasa_webb_factsheet#12,figure,2,1,1
mineru,p60_282,T2,L,structure_preserving,p60_282#1,lookup,0,0,0
mineru,p60_282,T2,L,structure_preserving,p60_282#2,lookup,0,0,0
mineru,p60_282,T2,L,structure_preserving,p60_282#3,lookup,0,0,0
mineru,p60_282,T2,L,structure_preserving,p60_282#4,table_cell,0,0,0
mineru,p60_282,T2,L,structure_preserving,p60_282#5,table_cell,0,0,0
mineru,p60_282,T2,L,structure_preserving,p60_282#6,table_cell,0,0,0
mineru,p60_282,T2,L,structure_preserving,p60_282#7,table_cell,0,0,0
mineru,p60_282,T2,L,structure_preserving,p60_282#8,lookup,0,0,0
mineru,p60_282,T2,L,structure_preserving,p60_282#9,lookup,0,0,0
mineru,p60_282,T2,L,structure_preserving,p60_282#10,table_cell,0,0,0
mineru,p60_282,T2,L,structure_preserving,p60_282#11,table_cell,0,0,0
mineru,p60_282,T2,L,structure_preserving,p60_282#12,table_cell,0,0,0
mineru,p60_282,T2,L,structure_preserving,p60_282#13,table_multi_row,0,0,0
mineru,rfc9110,T1,XL,structure_preserving,rfc9110#1,lookup,0,0,0
mineru,rfc9110,T1,XL,structure_preserving,rfc9110#2,lookup,0,0,0
mineru,rfc9110,T1,XL,structure_preserving,rfc9110#3,lookup,0,0,0
mineru,rfc9110,T1,XL,structure_preserving,rfc9110#4,table_cell,0,0,0
mineru,rfc9110,T1,XL,structure_preserving,rfc9110#5,table_cell,0,0,0
mineru,rfc9110,T1,XL,structure_preserving,rfc9110#6,table_multi_row,0,0,0
mineru,rfc9110,T1,XL,structure_preserving,rfc9110#7,lookup,0,0,0
mineru,rfc9110,T1,XL,structure_preserving,rfc9110#8,lookup,0,0,0
mineru,rfc9110,T1,XL,structure_preserving,rfc9110#9,lookup,0,0,0
mineru,rfc9110,T1,XL,structure_preserving,rfc9110#10,lookup,0,0,0
mineru,rfc9110,T1,XL,structure_preserving,rfc9110#11,lookup,0,0,0
mineru,rfc9110,T1,XL,structure_preserving,rfc9110#12,lookup,0,0,0
mineru,rfc9112,T1,L,structure_preserving,rfc9112#1,lookup,0,0,0
mineru,rfc9112,T1,L,structure_preserving,rfc9112#2,lookup,0,0,0
mineru,rfc9112,T1,L,structure_preserving,rfc9112#3,lookup,0,0,0
mineru,rfc9112,T1,L,structure_preserving,rfc9112#4,lookup,0,0,0
mineru,rfc9112,T1,L,structure_preserving,rfc9112#5,lookup,0,0,0
mineru,rfc9112,T1,L,structure_preserving,rfc9112#6,cross_page,0,0,0
mineru,rfc9112,T1,L,structure_preserving,rfc9112#7,lookup,0,0,0
mineru,rfc9112,T1,L,structure_preserving,rfc9112#8,lookup,0,0,0
mineru,rfc9112,T1,L,structure_preserving,rfc9112#9,lookup,0,0,0
mineru,rfc9112,T1,L,structure_preserving,rfc9112#10,lookup,0,0,0
mineru,rfc9112,T1,L,structure_preserving,rfc9112#11,lookup,0,0,0
mineru,rfc9112,T1,L,structure_preserving,rfc9112#12,lookup,0,0,0
mineru,rfc9112,T1,L,structure_preserving,rfc9112#13,lookup,0,0,0
mineru,rfc9112,T1,L,structure_preserving,rfc9112#14,lookup,0,0,0
mineru,rfc9112,T1,L,structure_preserving,rfc9112#15,lookup,0,0,0
mineru,rfc9112,T1,L,structure_preserving,rfc9112#16,lookup,0,0,0
mineru,rfc9158,T1,S,structure_preserving,rfc9158#1,lookup,5,1,1
mineru,rfc9158,T1,S,structure_preserving,rfc9158#2,lookup,5,1,1
mineru,rfc9158,T1,S,structure_preserving,rfc9158#3,lookup,5,1,1
mineru,rfc9158,T1,S,structure_preserving,rfc9158#4,lookup,5,1,1
mineru,rfc9158,T1,S,structure_preserving,rfc9158#5,table_multi_row,5,1,1
mineru,rfc9158,T1,S,structure_preserving,rfc9158#6,table_cell,5,1,1
mineru,rfc9158,T1,S,structure_preserving,rfc9158#7,lookup,5,1,1
mineru,rfc9158,T1,S,structure_preserving,rfc9158#8,lookup,5,1,1
mineru,rfc9158,T1,S,structure_preserving,rfc9158#9,cross_page,5,0,0
mineru,rfc9457,T1,M,structure_preserving,rfc9457#1,lookup,19,1,1
mineru,rfc9457,T1,M,structure_preserving,rfc9457#2,lookup,19,1,1
mineru,rfc9457,T1,M,structure_preserving,rfc9457#3,lookup,19,1,1
mineru,rfc9457,T1,M,structure_preserving,rfc9457#4,lookup,19,1,1
mineru,rfc9457,T1,M,structure_preserving,rfc9457#5,lookup,19,1,1
mineru,rfc9457,T1,M,structure_preserving,rfc9457#6,lookup,19,1,1
mineru,rfc9457,T1,M,structure_preserving,rfc9457#7,lookup,19,1,1
mineru,rfc9457,T1,M,structure_preserving,rfc9457#8,lookup,19,1,1
mineru,rfc9457,T1,M,structure_preserving,rfc9457#9,lookup,19,1,1
mineru,rfc9457,T1,M,structure_preserving,rfc9457#10,lookup,19,1,1
mineru,rfc9457,T1,M,structure_preserving,rfc9457#11,lookup,19,1,1
mineru,scan_acsbr_023,T3,M,structure_preserving,scan_acsbr_023#1,lookup,73,1,1
mineru,scan_acsbr_023,T3,M,structure_preserving,scan_acsbr_023#2,lookup,73,1,1
mineru,scan_acsbr_023,T3,M,structure_preserving,scan_acsbr_023#3,lookup,73,1,1
mineru,scan_acsbr_023,T3,M,structure_preserving,scan_acsbr_023#4,lookup,73,1,1
mineru,scan_acsbr_023,T3,M,structure_preserving,scan_acsbr_023#5,lookup,73,1,1
mineru,scan_acsbr_023,T3,M,structure_preserving,scan_acsbr_023#6,lookup,73,1,1
mineru,scan_acsbr_023,T3,M,structure_preserving,scan_acsbr_023#7,table_cell,73,1,1
mineru,scan_acsbr_023,T3,M,structure_preserving,scan_acsbr_023#8,table_cell,73,0,0
mineru,scan_acsbr_023,T3,M,structure_preserving,scan_acsbr_023#9,table_cell,73,0,0
mineru,scan_acsbr_023,T3,M,structure_preserving,scan_acsbr_023#10,table_cell,73,1,1
mineru,scan_acsbr_023,T3,M,structure_preserving,scan_acsbr_023#11,table_multi_row,73,1,1
mineru,scan_acsbr_023,T3,M,structure_preserving,scan_acsbr_023#12,table_cell,73,1,1
mineru,scan_p60_282,T3,L,structure_preserving,scan_p60_282#1,lookup,0,0,0
mineru,scan_p60_282,T3,L,structure_preserving,scan_p60_282#2,lookup,0,0,0
mineru,scan_p60_282,T3,L,structure_preserving,scan_p60_282#3,lookup,0,0,0
mineru,scan_p60_282,T3,L,structure_preserving,scan_p60_282#4,table_cell,0,0,0
mineru,scan_p60_282,T3,L,structure_preserving,scan_p60_282#5,table_cell,0,0,0
mineru,scan_p60_282,T3,L,structure_preserving,scan_p60_282#6,table_cell,0,0,0
mineru,scan_p60_282,T3,L,structure_preserving,scan_p60_282#7,table_cell,0,0,0
mineru,scan_p60_282,T3,L,structure_preserving,scan_p60_282#8,lookup,0,0,0
mineru,scan_p60_282,T3,L,structure_preserving,scan_p60_282#9,lookup,0,0,0
mineru,scan_p60_282,T3,L,structure_preserving,scan_p60_282#10,table_cell,0,0,0
mineru,scan_p60_282,T3,L,structure_preserving,scan_p60_282#11,table_cell,0,0,0
mineru,scan_p60_282,T3,L,structure_preserving,scan_p60_282#12,table_cell,0,0,0
mineru,scan_p60_282,T3,L,structure_preserving,scan_p60_282#13,table_multi_row,0,0,0
mineru,scan_rfc9110,T3,XL,structure_preserving,scan_rfc9110#1,lookup,0,0,0
mineru,scan_rfc9110,T3,XL,structure_preserving,scan_rfc9110#2,lookup,0,0,0
mineru,scan_rfc9110,T3,XL,structure_preserving,scan_rfc9110#3,lookup,0,0,0
mineru,scan_rfc9110,T3,XL,structure_preserving,scan_rfc9110#4,table_cell,0,0,0
mineru,scan_rfc9110,T3,XL,structure_preserving,scan_rfc9110#5,table_cell,0,0,0
mineru,scan_rfc9110,T3,XL,structure_preserving,scan_rfc9110#6,table_multi_row,0,0,0
mineru,scan_rfc9110,T3,XL,structure_preserving,scan_rfc9110#7,lookup,0,0,0
mineru,scan_rfc9110,T3,XL,structure_preserving,scan_rfc9110#8,lookup,0,0,0
mineru,scan_rfc9110,T3,XL,structure_preserving,scan_rfc9110#9,lookup,0,0,0
mineru,scan_rfc9110,T3,XL,structure_preserving,scan_rfc9110#10,lookup,0,0,0
mineru,scan_rfc9110,T3,XL,structure_preserving,scan_rfc9110#11,lookup,0,0,0
mineru,scan_rfc9110,T3,XL,structure_preserving,scan_rfc9110#12,lookup,0,0,0
mineru,scan_rfc9158,T3,S,structure_preserving,scan_rfc9158#1,lookup,5,1,1
mineru,scan_rfc9158,T3,S,structure_preserving,scan_rfc9158#2,lookup,5,1,1
mineru,scan_rfc9158,T3,S,structure_preserving,scan_rfc9158#3,lookup,5,1,1
mineru,scan_rfc9158,T3,S,structure_preserving,scan_rfc9158#4,lookup,5,1,1
mineru,scan_rfc9158,T3,S,structure_preserving,scan_rfc9158#5,table_multi_row,5,1,1
mineru,scan_rfc9158,T3,S,structure_preserving,scan_rfc9158#6,table_cell,5,1,1
mineru,scan_rfc9158,T3,S,structure_preserving,scan_rfc9158#7,lookup,5,1,1
mineru,scan_rfc9158,T3,S,structure_preserving,scan_rfc9158#8,lookup,5,1,1
mineru,scan_rfc9158,T3,S,structure_preserving,scan_rfc9158#9,cross_page,5,0,0
mineru,scan_rfc9457,T3,M,structure_preserving,scan_rfc9457#1,lookup,18,1,1
mineru,scan_rfc9457,T3,M,structure_preserving,scan_rfc9457#2,lookup,18,1,1
mineru,scan_rfc9457,T3,M,structure_preserving,scan_rfc9457#3,lookup,18,1,1
mineru,scan_rfc9457,T3,M,structure_preserving,scan_rfc9457#4,lookup,18,1,1
mineru,scan_rfc9457,T3,M,structure_preserving,scan_rfc9457#5,lookup,18,1,1
mineru,scan_rfc9457,T3,M,structure_preserving,scan_rfc9457#6,lookup,18,1,1
mineru,scan_rfc9457,T3,M,structure_preserving,scan_rfc9457#7,lookup,18,1,1
mineru,scan_rfc9457,T3,M,structure_preserving,scan_rfc9457#8,lookup,18,1,1
mineru,scan_rfc9457,T3,M,structure_preserving,scan_rfc9457#9,lookup,18,1,1
mineru,scan_rfc9457,T3,M,structure_preserving,scan_rfc9457#10,lookup,18,1,1
mineru,scan_rfc9457,T3,M,structure_preserving,scan_rfc9457#11,lookup,18,1,1
pdfplumber,acsbr_023,T2,M,structure_preserving,acsbr_023#1,lookup,29,1,1
pdfplumber,acsbr_023,T2,M,structure_preserving,acsbr_023#2,lookup,29,1,1
pdfplumber,acsbr_023,T2,M,structure_preserving,acsbr_023#3,lookup,29,1,1
pdfplumber,acsbr_023,T2,M,structure_preserving,acsbr_023#4,lookup,29,1,1
pdfplumber,acsbr_023,T2,M,structure_preserving,acsbr_023#5,lookup,29,1,1
pdfplumber,acsbr_023,T2,M,structure_preserving,acsbr_023#6,lookup,29,1,1
pdfplumber,acsbr_023,T2,M,structure_preserving,acsbr_023#7,table_cell,29,0,0
pdfplumber,acsbr_023,T2,M,structure_preserving,acsbr_023#8,table_cell,29,0,0
pdfplumber,acsbr_023,T2,M,structure_preserving,acsbr_023#9,table_cell,29,0,0
pdfplumber,acsbr_023,T2,M,structure_preserving,acsbr_023#10,table_cell,29,1,1
pdfplumber,acsbr_023,T2,M,structure_preserving,acsbr_023#11,table_multi_row,29,0,0
pdfplumber,acsbr_023,T2,M,structure_preserving,acsbr_023#12,table_cell,29,1,1
pdfplumber,erp2024_full,T2,XL,structure_preserving,erp2024_full#1,lookup,1300,1,1
pdfplumber,erp2024_full,T2,XL,structure_preserving,erp2024_full#2,table_cell,1300,1,1
pdfplumber,erp2024_full,T2,XL,structure_preserving,erp2024_full#3,lookup,1300,0,0
pdfplumber,erp2024_full,T2,XL,structure_preserving,erp2024_full#4,table_cell,1300,1,1
pdfplumber,erp2024_full,T2,XL,structure_preserving,erp2024_full#5,table_cell,1300,1,1
pdfplumber,erp2024_full,T2,XL,structure_preserving,erp2024_full#6,table_cell,1300,1,1
pdfplumber,erp2024_full,T2,XL,structure_preserving,erp2024_full#7,table_multi_row,1300,1,1
pdfplumber,erp2024_full,T2,XL,structure_preserving,erp2024_full#8,lookup,1300,0,1
pdfplumber,erp2024_full,T2,XL,structure_preserving,erp2024_full#9,lookup,1300,1,1
pdfplumber,erp2024_full,T2,XL,structure_preserving,erp2024_full#10,table_cell,1300,1,1
pdfplumber,erp2024_full,T2,XL,structure_preserving,erp2024_full#11,table_cell,1300,0,1
pdfplumber,erp2024_table1,T2,S,structure_preserving,erp2024_table1#1,lookup,11,1,1
pdfplumber,erp2024_table1,T2,S,structure_preserving,erp2024_table1#2,table_cell,11,1,1
pdfplumber,erp2024_table1,T2,S,structure_preserving,erp2024_table1#3,table_cell,11,0,0
pdfplumber,erp2024_table1,T2,S,structure_preserving,erp2024_table1#4,table_cell,11,0,0
pdfplumber,erp2024_table1,T2,S,structure_preserving,erp2024_table1#5,table_cell,11,0,0
pdfplumber,erp2024_table1,T2,S,structure_preserving,erp2024_table1#6,table_cell,11,0,0
pdfplumber,erp2024_table1,T2,S,structure_preserving,erp2024_table1#7,table_cell,11,0,0
pdfplumber,erp2024_table1,T2,S,structure_preserving,erp2024_table1#8,lookup,11,1,1
pdfplumber,erp2024_table1,T2,S,structure_preserving,erp2024_table1#9,lookup,11,1,1
pdfplumber,erp2024_table3,T2,S,structure_preserving,erp2024_table3#1,lookup,9,1,1
pdfplumber,erp2024_table3,T2,S,structure_preserving,erp2024_table3#2,lookup,9,1,1
pdfplumber,erp2024_table3,T2,S,structure_preserving,erp2024_table3#3,table_cell,9,0,0
pdfplumber,erp2024_table3,T2,S,structure_preserving,erp2024_table3#4,table_cell,9,0,0
pdfplumber,erp2024_table3,T2,S,structure_preserving,erp2024_table3#5,table_cell,9,0,0
pdfplumber,erp2024_table3,T2,S,structure_preserving,erp2024_table3#6,table_cell,9,0,0
pdfplumber,erp2024_table3,T2,S,structure_preserving,erp2024_table3#7,table_multi_row,9,0,0
pdfplumber,erp2024_table3,T2,S,structure_preserving,erp2024_table3#8,table_cell,9,0,0
pdfplumber,erp2024_table3,T2,S,structure_preserving,erp2024_table3#9,table_cell,9,0,0
pdfplumber,erp2024_table3,T2,S,structure_preserving,erp2024_table3#10,table_cell,9,0,0
pdfplumber,gen_t2_long,T2,S,structure_preserving,gen_t2_long#1,table_cell,8,1,1
pdfplumber,gen_t2_long,T2,S,structure_preserving,gen_t2_long#2,table_cell,8,1,1
pdfplumber,gen_t2_long,T2,S,structure_preserving,gen_t2_long#3,table_cell,8,1,1
pdfplumber,gen_t2_long,T2,S,structure_preserving,gen_t2_long#4,table_cell,8,1,1
pdfplumber,gen_t2_merged,T2,S,structure_preserving,gen_t2_merged#1,table_cell,2,1,1
pdfplumber,gen_t2_rotated,T2,S,structure_preserving,gen_t2_rotated#1,table_cell,2,1,1
pdfplumber,gen_t2_rotated,T2,S,structure_preserving,gen_t2_rotated#2,table_cell,2,1,1
pdfplumber,gen_t2_simple,T2,S,structure_preserving,gen_t2_simple#1,table_cell,2,1,1
pdfplumber,gen_t2_simple,T2,S,structure_preserving,gen_t2_simple#2,table_cell,2,1,1
pdfplumber,gen_t2_simple,T2,S,structure_preserving,gen_t2_simple#3,table_cell,2,1,1
pdfplumber,gen_t4_bar,T4,S,structure_preserving,gen_t4_bar#1,figure,1,0,0
pdfplumber,gen_t4_flow,T4,S,structure_preserving,gen_t4_flow#1,figure,1,0,0
pdfplumber,gen_t4_line,T4,S,structure_preserving,gen_t4_line#1,figure,1,0,0
pdfplumber,gen_t4_mixed,T4,S,structure_preserving,gen_t4_mixed#1,table_cell,2,1,1
pdfplumber,nasa_se_handbook,T4,XL,structure_preserving,nasa_se_handbook#1,lookup,1181,1,1
pdfplumber,nasa_se_handbook,T4,XL,structure_preserving,nasa_se_handbook#2,lookup,1181,1,1
pdfplumber,nasa_se_handbook,T4,XL,structure_preserving,nasa_se_handbook#3,figure,1181,1,1
pdfplumber,nasa_se_handbook,T4,XL,structure_preserving,nasa_se_handbook#4,lookup,1181,0,0
pdfplumber,nasa_se_handbook,T4,XL,structure_preserving,nasa_se_handbook#5,lookup,1181,1,1
pdfplumber,nasa_se_handbook,T4,XL,structure_preserving,nasa_se_handbook#6,table_multi_row,1181,1,1
pdfplumber,nasa_se_handbook,T4,XL,structure_preserving,nasa_se_handbook#7,lookup,1181,1,1
pdfplumber,nasa_se_handbook,T4,XL,structure_preserving,nasa_se_handbook#8,lookup,1181,1,1
pdfplumber,nasa_se_handbook,T4,XL,structure_preserving,nasa_se_handbook#9,lookup,1181,1,1
pdfplumber,nasa_se_handbook,T4,XL,structure_preserving,nasa_se_handbook#10,lookup,1181,1,1
pdfplumber,nasa_se_handbook,T4,XL,structure_preserving,nasa_se_handbook#11,lookup,1181,1,1
pdfplumber,nasa_se_handbook,T4,XL,structure_preserving,nasa_se_handbook#12,lookup,1181,1,1
pdfplumber,nasa_tm100396,T4,L,structure_preserving,nasa_tm100396#1,lookup,143,1,1
pdfplumber,nasa_tm100396,T4,L,structure_preserving,nasa_tm100396#2,lookup,143,1,1
pdfplumber,nasa_tm100396,T4,L,structure_preserving,nasa_tm100396#3,lookup,143,1,1
pdfplumber,nasa_tm100396,T4,L,structure_preserving,nasa_tm100396#4,lookup,143,1,1
pdfplumber,nasa_tm100396,T4,L,structure_preserving,nasa_tm100396#5,lookup,143,1,1
pdfplumber,nasa_tm100396,T4,L,structure_preserving,nasa_tm100396#6,lookup,143,1,1
pdfplumber,nasa_tm100396,T4,L,structure_preserving,nasa_tm100396#7,lookup,143,1,1
pdfplumber,nasa_tm100396,T4,L,structure_preserving,nasa_tm100396#8,lookup,143,1,1
pdfplumber,nasa_tm100396,T4,L,structure_preserving,nasa_tm100396#9,lookup,143,1,1
pdfplumber,nasa_tm100396,T4,L,structure_preserving,nasa_tm100396#10,cross_page,143,0,0
pdfplumber,nasa_tm100396,T4,L,structure_preserving,nasa_tm100396#11,lookup,143,1,1
pdfplumber,nasa_tm100396,T4,L,structure_preserving,nasa_tm100396#12,table_cell,143,1,1
pdfplumber,nasa_tm104114,T4,XL,structure_preserving,nasa_tm104114#1,lookup,118,1,1
pdfplumber,nasa_tm104114,T4,XL,structure_preserving,nasa_tm104114#2,lookup,118,1,1
pdfplumber,nasa_tm104114,T4,XL,structure_preserving,nasa_tm104114#3,lookup,118,1,1
pdfplumber,nasa_tm104114,T4,XL,structure_preserving,nasa_tm104114#4,table_cell,118,1,1
pdfplumber,nasa_tm104114,T4,XL,structure_preserving,nasa_tm104114#5,table_cell,118,1,1
pdfplumber,nasa_tm104114,T4,XL,structure_preserving,nasa_tm104114#6,table_cell,118,1,1
pdfplumber,nasa_tm104114,T4,XL,structure_preserving,nasa_tm104114#7,table_cell,118,1,1
pdfplumber,nasa_tm104114,T4,XL,structure_preserving,nasa_tm104114#8,lookup,118,1,1
pdfplumber,nasa_tm104114,T4,XL,structure_preserving,nasa_tm104114#9,lookup,118,1,1
pdfplumber,nasa_tm104114,T4,XL,structure_preserving,nasa_tm104114#10,lookup,118,1,1
pdfplumber,nasa_tm104114,T4,XL,structure_preserving,nasa_tm104114#11,lookup,118,1,1
pdfplumber,nasa_tm_x9471,T4,M,structure_preserving,nasa_tm_x9471#1,lookup,9,1,1
pdfplumber,nasa_tm_x9471,T4,M,structure_preserving,nasa_tm_x9471#2,lookup,9,1,1
pdfplumber,nasa_tm_x9471,T4,M,structure_preserving,nasa_tm_x9471#3,lookup,9,1,1
pdfplumber,nasa_tm_x9471,T4,M,structure_preserving,nasa_tm_x9471#4,lookup,9,1,1
pdfplumber,nasa_tm_x9471,T4,M,structure_preserving,nasa_tm_x9471#5,lookup,9,1,1
pdfplumber,nasa_tm_x9471,T4,M,structure_preserving,nasa_tm_x9471#6,lookup,9,1,1
pdfplumber,nasa_tm_x9471,T4,M,structure_preserving,nasa_tm_x9471#7,lookup,9,1,1
pdfplumber,nasa_tm_x9471,T4,M,structure_preserving,nasa_tm_x9471#8,lookup,9,1,1
pdfplumber,nasa_tm_x9471,T4,M,structure_preserving,nasa_tm_x9471#9,lookup,9,1,1
pdfplumber,nasa_tm_x9471,T4,M,structure_preserving,nasa_tm_x9471#10,figure,9,0,0
pdfplumber,nasa_tm_x9471,T4,M,structure_preserving,nasa_tm_x9471#11,figure,9,0,0
pdfplumber,nasa_tm_x9471,T4,M,structure_preserving,nasa_tm_x9471#12,figure,9,0,0
pdfplumber,nasa_webb_factsheet,T4,S,structure_preserving,nasa_webb_factsheet#1,lookup,2,1,1
pdfplumber,nasa_webb_factsheet,T4,S,structure_preserving,nasa_webb_factsheet#2,lookup,2,1,1
pdfplumber,nasa_webb_factsheet,T4,S,structure_preserving,nasa_webb_factsheet#3,lookup,2,1,1
pdfplumber,nasa_webb_factsheet,T4,S,structure_preserving,nasa_webb_factsheet#4,lookup,2,1,1
pdfplumber,nasa_webb_factsheet,T4,S,structure_preserving,nasa_webb_factsheet#5,lookup,2,1,1
pdfplumber,nasa_webb_factsheet,T4,S,structure_preserving,nasa_webb_factsheet#6,lookup,2,1,1
pdfplumber,nasa_webb_factsheet,T4,S,structure_preserving,nasa_webb_factsheet#7,lookup,2,1,1
pdfplumber,nasa_webb_factsheet,T4,S,structure_preserving,nasa_webb_factsheet#8,table_multi_row,2,1,1
pdfplumber,nasa_webb_factsheet,T4,S,structure_preserving,nasa_webb_factsheet#9,figure,2,0,0
pdfplumber,nasa_webb_factsheet,T4,S,structure_preserving,nasa_webb_factsheet#10,figure,2,0,0
pdfplumber,nasa_webb_factsheet,T4,S,structure_preserving,nasa_webb_factsheet#11,figure,2,0,0
pdfplumber,nasa_webb_factsheet,T4,S,structure_preserving,nasa_webb_factsheet#12,figure,2,0,0
pdfplumber,p60_282,T2,L,structure_preserving,p60_282#1,lookup,334,1,1
pdfplumber,p60_282,T2,L,structure_preserving,p60_282#2,lookup,334,1,1
pdfplumber,p60_282,T2,L,structure_preserving,p60_282#3,lookup,334,0,0
pdfplumber,p60_282,T2,L,structure_preserving,p60_282#4,table_cell,334,1,1
pdfplumber,p60_282,T2,L,structure_preserving,p60_282#5,table_cell,334,1,1
pdfplumber,p60_282,T2,L,structure_preserving,p60_282#6,table_cell,334,1,1
pdfplumber,p60_282,T2,L,structure_preserving,p60_282#7,table_cell,334,0,0
pdfplumber,p60_282,T2,L,structure_preserving,p60_282#8,lookup,334,1,1
pdfplumber,p60_282,T2,L,structure_preserving,p60_282#9,lookup,334,1,1
pdfplumber,p60_282,T2,L,structure_preserving,p60_282#10,table_cell,334,0,0
pdfplumber,p60_282,T2,L,structure_preserving,p60_282#11,table_cell,334,0,0
pdfplumber,p60_282,T2,L,structure_preserving,p60_282#12,table_cell,334,0,0
pdfplumber,p60_282,T2,L,structure_preserving,p60_282#13,table_multi_row,334,0,0
pdfplumber,rfc9110,T1,XL,structure_preserving,rfc9110#1,lookup,368,1,1
pdfplumber,rfc9110,T1,XL,structure_preserving,rfc9110#2,lookup,368,1,1
pdfplumber,rfc9110,T1,XL,structure_preserving,rfc9110#3,lookup,368,1,1
pdfplumber,rfc9110,T1,XL,structure_preserving,rfc9110#4,table_cell,368,0,1
pdfplumber,rfc9110,T1,XL,structure_preserving,rfc9110#5,table_cell,368,1,1
pdfplumber,rfc9110,T1,XL,structure_preserving,rfc9110#6,table_multi_row,368,1,1
pdfplumber,rfc9110,T1,XL,structure_preserving,rfc9110#7,lookup,368,1,1
pdfplumber,rfc9110,T1,XL,structure_preserving,rfc9110#8,lookup,368,1,1
pdfplumber,rfc9110,T1,XL,structure_preserving,rfc9110#9,lookup,368,1,1
pdfplumber,rfc9110,T1,XL,structure_preserving,rfc9110#10,lookup,368,1,1
pdfplumber,rfc9110,T1,XL,structure_preserving,rfc9110#11,lookup,368,1,1
pdfplumber,rfc9110,T1,XL,structure_preserving,rfc9110#12,lookup,368,0,0
pdfplumber,rfc9112,T1,L,structure_preserving,rfc9112#1,lookup,83,1,1
pdfplumber,rfc9112,T1,L,structure_preserving,rfc9112#2,lookup,83,1,1
pdfplumber,rfc9112,T1,L,structure_preserving,rfc9112#3,lookup,83,1,1
pdfplumber,rfc9112,T1,L,structure_preserving,rfc9112#4,lookup,83,1,1
pdfplumber,rfc9112,T1,L,structure_preserving,rfc9112#5,lookup,83,1,1
pdfplumber,rfc9112,T1,L,structure_preserving,rfc9112#6,cross_page,83,1,1
pdfplumber,rfc9112,T1,L,structure_preserving,rfc9112#7,lookup,83,1,1
pdfplumber,rfc9112,T1,L,structure_preserving,rfc9112#8,lookup,83,1,1
pdfplumber,rfc9112,T1,L,structure_preserving,rfc9112#9,lookup,83,1,1
pdfplumber,rfc9112,T1,L,structure_preserving,rfc9112#10,lookup,83,1,1
pdfplumber,rfc9112,T1,L,structure_preserving,rfc9112#11,lookup,83,1,1
pdfplumber,rfc9112,T1,L,structure_preserving,rfc9112#12,lookup,83,1,1
pdfplumber,rfc9112,T1,L,structure_preserving,rfc9112#13,lookup,83,1,1
pdfplumber,rfc9112,T1,L,structure_preserving,rfc9112#14,lookup,83,1,1
pdfplumber,rfc9112,T1,L,structure_preserving,rfc9112#15,lookup,83,1,1
pdfplumber,rfc9112,T1,L,structure_preserving,rfc9112#16,lookup,83,1,1
pdfplumber,rfc9158,T1,S,structure_preserving,rfc9158#1,lookup,6,1,1
pdfplumber,rfc9158,T1,S,structure_preserving,rfc9158#2,lookup,6,1,1
pdfplumber,rfc9158,T1,S,structure_preserving,rfc9158#3,lookup,6,1,1
pdfplumber,rfc9158,T1,S,structure_preserving,rfc9158#4,lookup,6,1,1
pdfplumber,rfc9158,T1,S,structure_preserving,rfc9158#5,table_multi_row,6,0,1
pdfplumber,rfc9158,T1,S,structure_preserving,rfc9158#6,table_cell,6,1,1
pdfplumber,rfc9158,T1,S,structure_preserving,rfc9158#7,lookup,6,1,1
pdfplumber,rfc9158,T1,S,structure_preserving,rfc9158#8,lookup,6,1,1
pdfplumber,rfc9158,T1,S,structure_preserving,rfc9158#9,cross_page,6,0,0
pdfplumber,rfc9457,T1,M,structure_preserving,rfc9457#1,lookup,26,1,1
pdfplumber,rfc9457,T1,M,structure_preserving,rfc9457#2,lookup,26,1,1
pdfplumber,rfc9457,T1,M,structure_preserving,rfc9457#3,lookup,26,1,1
pdfplumber,rfc9457,T1,M,structure_preserving,rfc9457#4,lookup,26,1,1
pdfplumber,rfc9457,T1,M,structure_preserving,rfc9457#5,lookup,26,1,1
pdfplumber,rfc9457,T1,M,structure_preserving,rfc9457#6,lookup,26,1,1
pdfplumber,rfc9457,T1,M,structure_preserving,rfc9457#7,lookup,26,1,1
pdfplumber,rfc9457,T1,M,structure_preserving,rfc9457#8,lookup,26,1,1
pdfplumber,rfc9457,T1,M,structure_preserving,rfc9457#9,lookup,26,1,1
pdfplumber,rfc9457,T1,M,structure_preserving,rfc9457#10,lookup,26,1,1
pdfplumber,rfc9457,T1,M,structure_preserving,rfc9457#11,lookup,26,1,1
pdfplumber,scan_acsbr_023,T3,M,structure_preserving,scan_acsbr_023#1,lookup,0,0,0
pdfplumber,scan_acsbr_023,T3,M,structure_preserving,scan_acsbr_023#2,lookup,0,0,0
pdfplumber,scan_acsbr_023,T3,M,structure_preserving,scan_acsbr_023#3,lookup,0,0,0
pdfplumber,scan_acsbr_023,T3,M,structure_preserving,scan_acsbr_023#4,lookup,0,0,0
pdfplumber,scan_acsbr_023,T3,M,structure_preserving,scan_acsbr_023#5,lookup,0,0,0
pdfplumber,scan_acsbr_023,T3,M,structure_preserving,scan_acsbr_023#6,lookup,0,0,0
pdfplumber,scan_acsbr_023,T3,M,structure_preserving,scan_acsbr_023#7,table_cell,0,0,0
pdfplumber,scan_acsbr_023,T3,M,structure_preserving,scan_acsbr_023#8,table_cell,0,0,0
pdfplumber,scan_acsbr_023,T3,M,structure_preserving,scan_acsbr_023#9,table_cell,0,0,0
pdfplumber,scan_acsbr_023,T3,M,structure_preserving,scan_acsbr_023#10,table_cell,0,0,0
pdfplumber,scan_acsbr_023,T3,M,structure_preserving,scan_acsbr_023#11,table_multi_row,0,0,0
pdfplumber,scan_acsbr_023,T3,M,structure_preserving,scan_acsbr_023#12,table_cell,0,0,0
pdfplumber,scan_p60_282,T3,L,structure_preserving,scan_p60_282#1,lookup,0,0,0
pdfplumber,scan_p60_282,T3,L,structure_preserving,scan_p60_282#2,lookup,0,0,0
pdfplumber,scan_p60_282,T3,L,structure_preserving,scan_p60_282#3,lookup,0,0,0
pdfplumber,scan_p60_282,T3,L,structure_preserving,scan_p60_282#4,table_cell,0,0,0
pdfplumber,scan_p60_282,T3,L,structure_preserving,scan_p60_282#5,table_cell,0,0,0
pdfplumber,scan_p60_282,T3,L,structure_preserving,scan_p60_282#6,table_cell,0,0,0
pdfplumber,scan_p60_282,T3,L,structure_preserving,scan_p60_282#7,table_cell,0,0,0
pdfplumber,scan_p60_282,T3,L,structure_preserving,scan_p60_282#8,lookup,0,0,0
pdfplumber,scan_p60_282,T3,L,structure_preserving,scan_p60_282#9,lookup,0,0,0
pdfplumber,scan_p60_282,T3,L,structure_preserving,scan_p60_282#10,table_cell,0,0,0
pdfplumber,scan_p60_282,T3,L,structure_preserving,scan_p60_282#11,table_cell,0,0,0
pdfplumber,scan_p60_282,T3,L,structure_preserving,scan_p60_282#12,table_cell,0,0,0
pdfplumber,scan_p60_282,T3,L,structure_preserving,scan_p60_282#13,table_multi_row,0,0,0
pdfplumber,scan_rfc9110,T3,XL,structure_preserving,scan_rfc9110#1,lookup,0,0,0
pdfplumber,scan_rfc9110,T3,XL,structure_preserving,scan_rfc9110#2,lookup,0,0,0
pdfplumber,scan_rfc9110,T3,XL,structure_preserving,scan_rfc9110#3,lookup,0,0,0
pdfplumber,scan_rfc9110,T3,XL,structure_preserving,scan_rfc9110#4,table_cell,0,0,0
pdfplumber,scan_rfc9110,T3,XL,structure_preserving,scan_rfc9110#5,table_cell,0,0,0
pdfplumber,scan_rfc9110,T3,XL,structure_preserving,scan_rfc9110#6,table_multi_row,0,0,0
pdfplumber,scan_rfc9110,T3,XL,structure_preserving,scan_rfc9110#7,lookup,0,0,0
pdfplumber,scan_rfc9110,T3,XL,structure_preserving,scan_rfc9110#8,lookup,0,0,0
pdfplumber,scan_rfc9110,T3,XL,structure_preserving,scan_rfc9110#9,lookup,0,0,0
pdfplumber,scan_rfc9110,T3,XL,structure_preserving,scan_rfc9110#10,lookup,0,0,0
pdfplumber,scan_rfc9110,T3,XL,structure_preserving,scan_rfc9110#11,lookup,0,0,0
pdfplumber,scan_rfc9110,T3,XL,structure_preserving,scan_rfc9110#12,lookup,0,0,0
pdfplumber,scan_rfc9158,T3,S,structure_preserving,scan_rfc9158#1,lookup,0,0,0
pdfplumber,scan_rfc9158,T3,S,structure_preserving,scan_rfc9158#2,lookup,0,0,0
pdfplumber,scan_rfc9158,T3,S,structure_preserving,scan_rfc9158#3,lookup,0,0,0
pdfplumber,scan_rfc9158,T3,S,structure_preserving,scan_rfc9158#4,lookup,0,0,0
pdfplumber,scan_rfc9158,T3,S,structure_preserving,scan_rfc9158#5,table_multi_row,0,0,0
pdfplumber,scan_rfc9158,T3,S,structure_preserving,scan_rfc9158#6,table_cell,0,0,0
pdfplumber,scan_rfc9158,T3,S,structure_preserving,scan_rfc9158#7,lookup,0,0,0
pdfplumber,scan_rfc9158,T3,S,structure_preserving,scan_rfc9158#8,lookup,0,0,0
pdfplumber,scan_rfc9158,T3,S,structure_preserving,scan_rfc9158#9,cross_page,0,0,0
pdfplumber,scan_rfc9457,T3,M,structure_preserving,scan_rfc9457#1,lookup,0,0,0
pdfplumber,scan_rfc9457,T3,M,structure_preserving,scan_rfc9457#2,lookup,0,0,0
pdfplumber,scan_rfc9457,T3,M,structure_preserving,scan_rfc9457#3,lookup,0,0,0
pdfplumber,scan_rfc9457,T3,M,structure_preserving,scan_rfc9457#4,lookup,0,0,0
pdfplumber,scan_rfc9457,T3,M,structure_preserving,scan_rfc9457#5,lookup,0,0,0
pdfplumber,scan_rfc9457,T3,M,structure_preserving,scan_rfc9457#6,lookup,0,0,0
pdfplumber,scan_rfc9457,T3,M,structure_preserving,scan_rfc9457#7,lookup,0,0,0
pdfplumber,scan_rfc9457,T3,M,structure_preserving,scan_rfc9457#8,lookup,0,0,0
pdfplumber,scan_rfc9457,T3,M,structure_preserving,scan_rfc9457#9,lookup,0,0,0
pdfplumber,scan_rfc9457,T3,M,structure_preserving,scan_rfc9457#10,lookup,0,0,0
pdfplumber,scan_rfc9457,T3,M,structure_preserving,scan_rfc9457#11,lookup,0,0,0
pymupdf,acsbr_023,T2,M,structure_preserving,acsbr_023#1,lookup,31,1,1
pymupdf,acsbr_023,T2,M,structure_preserving,acsbr_023#2,lookup,31,1,1
pymupdf,acsbr_023,T2,M,structure_preserving,acsbr_023#3,lookup,31,0,1
pymupdf,acsbr_023,T2,M,structure_preserving,acsbr_023#4,lookup,31,0,1
pymupdf,acsbr_023,T2,M,structure_preserving,acsbr_023#5,lookup,31,1,1
pymupdf,acsbr_023,T2,M,structure_preserving,acsbr_023#6,lookup,31,1,1
pymupdf,acsbr_023,T2,M,structure_preserving,acsbr_023#7,table_cell,31,1,1
pymupdf,acsbr_023,T2,M,structure_preserving,acsbr_023#8,table_cell,31,0,1
pymupdf,acsbr_023,T2,M,structure_preserving,acsbr_023#9,table_cell,31,1,1
pymupdf,acsbr_023,T2,M,structure_preserving,acsbr_023#10,table_cell,31,0,1
pymupdf,acsbr_023,T2,M,structure_preserving,acsbr_023#11,table_multi_row,31,0,1
pymupdf,acsbr_023,T2,M,structure_preserving,acsbr_023#12,table_cell,31,1,1
pymupdf,erp2024_full,T2,XL,structure_preserving,erp2024_full#1,lookup,1538,1,1
pymupdf,erp2024_full,T2,XL,structure_preserving,erp2024_full#2,table_cell,1538,1,1
pymupdf,erp2024_full,T2,XL,structure_preserving,erp2024_full#3,lookup,1538,0,0
pymupdf,erp2024_full,T2,XL,structure_preserving,erp2024_full#4,table_cell,1538,1,1
pymupdf,erp2024_full,T2,XL,structure_preserving,erp2024_full#5,table_cell,1538,1,1
pymupdf,erp2024_full,T2,XL,structure_preserving,erp2024_full#6,table_cell,1538,1,1
pymupdf,erp2024_full,T2,XL,structure_preserving,erp2024_full#7,table_multi_row,1538,1,1
pymupdf,erp2024_full,T2,XL,structure_preserving,erp2024_full#8,lookup,1538,1,1
pymupdf,erp2024_full,T2,XL,structure_preserving,erp2024_full#9,lookup,1538,1,1
pymupdf,erp2024_full,T2,XL,structure_preserving,erp2024_full#10,table_cell,1538,1,1
pymupdf,erp2024_full,T2,XL,structure_preserving,erp2024_full#11,table_cell,1538,0,1
pymupdf,erp2024_table1,T2,S,structure_preserving,erp2024_table1#1,lookup,20,1,1
pymupdf,erp2024_table1,T2,S,structure_preserving,erp2024_table1#2,table_cell,20,1,1
pymupdf,erp2024_table1,T2,S,structure_preserving,erp2024_table1#3,table_cell,20,1,1
pymupdf,erp2024_table1,T2,S,structure_preserving,erp2024_table1#4,table_cell,20,1,1
pymupdf,erp2024_table1,T2,S,structure_preserving,erp2024_table1#5,table_cell,20,0,0
pymupdf,erp2024_table1,T2,S,structure_preserving,erp2024_table1#6,table_cell,20,1,1
pymupdf,erp2024_table1,T2,S,structure_preserving,erp2024_table1#7,table_cell,20,1,1
pymupdf,erp2024_table1,T2,S,structure_preserving,erp2024_table1#8,lookup,20,0,1
pymupdf,erp2024_table1,T2,S,structure_preserving,erp2024_table1#9,lookup,20,1,1
pymupdf,erp2024_table3,T2,S,structure_preserving,erp2024_table3#1,lookup,28,1,1
pymupdf,erp2024_table3,T2,S,structure_preserving,erp2024_table3#2,lookup,28,1,1
pymupdf,erp2024_table3,T2,S,structure_preserving,erp2024_table3#3,table_cell,28,1,1
pymupdf,erp2024_table3,T2,S,structure_preserving,erp2024_table3#4,table_cell,28,1,1
pymupdf,erp2024_table3,T2,S,structure_preserving,erp2024_table3#5,table_cell,28,0,1
pymupdf,erp2024_table3,T2,S,structure_preserving,erp2024_table3#6,table_cell,28,0,0
pymupdf,erp2024_table3,T2,S,structure_preserving,erp2024_table3#7,table_multi_row,28,0,1
pymupdf,erp2024_table3,T2,S,structure_preserving,erp2024_table3#8,table_cell,28,1,1
pymupdf,erp2024_table3,T2,S,structure_preserving,erp2024_table3#9,table_cell,28,0,0
pymupdf,erp2024_table3,T2,S,structure_preserving,erp2024_table3#10,table_cell,28,0,1
pymupdf,gen_t2_long,T2,S,structure_preserving,gen_t2_long#1,table_cell,4,1,1
pymupdf,gen_t2_long,T2,S,structure_preserving,gen_t2_long#2,table_cell,4,1,1
pymupdf,gen_t2_long,T2,S,structure_preserving,gen_t2_long#3,table_cell,4,1,1
pymupdf,gen_t2_long,T2,S,structure_preserving,gen_t2_long#4,table_cell,4,1,1
pymupdf,gen_t2_merged,T2,S,structure_preserving,gen_t2_merged#1,table_cell,1,1,1
pymupdf,gen_t2_rotated,T2,S,structure_preserving,gen_t2_rotated#1,table_cell,1,1,1
pymupdf,gen_t2_rotated,T2,S,structure_preserving,gen_t2_rotated#2,table_cell,1,1,1
pymupdf,gen_t2_simple,T2,S,structure_preserving,gen_t2_simple#1,table_cell,1,1,1
pymupdf,gen_t2_simple,T2,S,structure_preserving,gen_t2_simple#2,table_cell,1,1,1
pymupdf,gen_t2_simple,T2,S,structure_preserving,gen_t2_simple#3,table_cell,1,1,1
pymupdf,gen_t4_bar,T4,S,structure_preserving,gen_t4_bar#1,figure,1,0,0
pymupdf,gen_t4_flow,T4,S,structure_preserving,gen_t4_flow#1,figure,1,0,0
pymupdf,gen_t4_line,T4,S,structure_preserving,gen_t4_line#1,figure,1,0,0
pymupdf,gen_t4_mixed,T4,S,structure_preserving,gen_t4_mixed#1,table_cell,1,1,1
pymupdf,nasa_se_handbook,T4,XL,structure_preserving,nasa_se_handbook#1,lookup,559,1,1
pymupdf,nasa_se_handbook,T4,XL,structure_preserving,nasa_se_handbook#2,lookup,559,1,1
pymupdf,nasa_se_handbook,T4,XL,structure_preserving,nasa_se_handbook#3,figure,559,1,1
pymupdf,nasa_se_handbook,T4,XL,structure_preserving,nasa_se_handbook#4,lookup,559,0,0
pymupdf,nasa_se_handbook,T4,XL,structure_preserving,nasa_se_handbook#5,lookup,559,1,1
pymupdf,nasa_se_handbook,T4,XL,structure_preserving,nasa_se_handbook#6,table_multi_row,559,1,1
pymupdf,nasa_se_handbook,T4,XL,structure_preserving,nasa_se_handbook#7,lookup,559,1,1
pymupdf,nasa_se_handbook,T4,XL,structure_preserving,nasa_se_handbook#8,lookup,559,1,1
pymupdf,nasa_se_handbook,T4,XL,structure_preserving,nasa_se_handbook#9,lookup,559,1,1
pymupdf,nasa_se_handbook,T4,XL,structure_preserving,nasa_se_handbook#10,lookup,559,1,1
pymupdf,nasa_se_handbook,T4,XL,structure_preserving,nasa_se_handbook#11,lookup,559,1,1
pymupdf,nasa_se_handbook,T4,XL,structure_preserving,nasa_se_handbook#12,lookup,559,1,1
pymupdf,nasa_tm100396,T4,L,structure_preserving,nasa_tm100396#1,lookup,136,1,1
pymupdf,nasa_tm100396,T4,L,structure_preserving,nasa_tm100396#2,lookup,136,1,1
pymupdf,nasa_tm100396,T4,L,structure_preserving,nasa_tm100396#3,lookup,136,1,1
pymupdf,nasa_tm100396,T4,L,structure_preserving,nasa_tm100396#4,lookup,136,1,1
pymupdf,nasa_tm100396,T4,L,structure_preserving,nasa_tm100396#5,lookup,136,1,1
pymupdf,nasa_tm100396,T4,L,structure_preserving,nasa_tm100396#6,lookup,136,1,1
pymupdf,nasa_tm100396,T4,L,structure_preserving,nasa_tm100396#7,lookup,136,1,1
pymupdf,nasa_tm100396,T4,L,structure_preserving,nasa_tm100396#8,lookup,136,1,1
pymupdf,nasa_tm100396,T4,L,structure_preserving,nasa_tm100396#9,lookup,136,1,1
pymupdf,nasa_tm100396,T4,L,structure_preserving,nasa_tm100396#10,cross_page,136,0,0
pymupdf,nasa_tm100396,T4,L,structure_preserving,nasa_tm100396#11,lookup,136,1,1
pymupdf,nasa_tm100396,T4,L,structure_preserving,nasa_tm100396#12,table_cell,136,1,1
pymupdf,nasa_tm104114,T4,XL,structure_preserving,nasa_tm104114#1,lookup,121,1,1
pymupdf,nasa_tm104114,T4,XL,structure_preserving,nasa_tm104114#2,lookup,121,1,1
pymupdf,nasa_tm104114,T4,XL,structure_preserving,nasa_tm104114#3,lookup,121,1,1
pymupdf,nasa_tm104114,T4,XL,structure_preserving,nasa_tm104114#4,table_cell,121,1,1
pymupdf,nasa_tm104114,T4,XL,structure_preserving,nasa_tm104114#5,table_cell,121,1,1
pymupdf,nasa_tm104114,T4,XL,structure_preserving,nasa_tm104114#6,table_cell,121,1,1
pymupdf,nasa_tm104114,T4,XL,structure_preserving,nasa_tm104114#7,table_cell,121,1,1
pymupdf,nasa_tm104114,T4,XL,structure_preserving,nasa_tm104114#8,lookup,121,1,1
pymupdf,nasa_tm104114,T4,XL,structure_preserving,nasa_tm104114#9,lookup,121,1,1
pymupdf,nasa_tm104114,T4,XL,structure_preserving,nasa_tm104114#10,lookup,121,1,1
pymupdf,nasa_tm104114,T4,XL,structure_preserving,nasa_tm104114#11,lookup,121,1,1
pymupdf,nasa_tm_x9471,T4,M,structure_preserving,nasa_tm_x9471#1,lookup,6,1,1
pymupdf,nasa_tm_x9471,T4,M,structure_preserving,nasa_tm_x9471#2,lookup,6,1,1
pymupdf,nasa_tm_x9471,T4,M,structure_preserving,nasa_tm_x9471#3,lookup,6,1,1
pymupdf,nasa_tm_x9471,T4,M,structure_preserving,nasa_tm_x9471#4,lookup,6,1,1
pymupdf,nasa_tm_x9471,T4,M,structure_preserving,nasa_tm_x9471#5,lookup,6,1,1
pymupdf,nasa_tm_x9471,T4,M,structure_preserving,nasa_tm_x9471#6,lookup,6,1,1
pymupdf,nasa_tm_x9471,T4,M,structure_preserving,nasa_tm_x9471#7,lookup,6,1,1
pymupdf,nasa_tm_x9471,T4,M,structure_preserving,nasa_tm_x9471#8,lookup,6,1,1
pymupdf,nasa_tm_x9471,T4,M,structure_preserving,nasa_tm_x9471#9,lookup,6,1,1
pymupdf,nasa_tm_x9471,T4,M,structure_preserving,nasa_tm_x9471#10,figure,6,0,0
pymupdf,nasa_tm_x9471,T4,M,structure_preserving,nasa_tm_x9471#11,figure,6,0,0
pymupdf,nasa_tm_x9471,T4,M,structure_preserving,nasa_tm_x9471#12,figure,6,0,0
pymupdf,nasa_webb_factsheet,T4,S,structure_preserving,nasa_webb_factsheet#1,lookup,2,1,1
pymupdf,nasa_webb_factsheet,T4,S,structure_preserving,nasa_webb_factsheet#2,lookup,2,1,1
pymupdf,nasa_webb_factsheet,T4,S,structure_preserving,nasa_webb_factsheet#3,lookup,2,1,1
pymupdf,nasa_webb_factsheet,T4,S,structure_preserving,nasa_webb_factsheet#4,lookup,2,1,1
pymupdf,nasa_webb_factsheet,T4,S,structure_preserving,nasa_webb_factsheet#5,lookup,2,1,1
pymupdf,nasa_webb_factsheet,T4,S,structure_preserving,nasa_webb_factsheet#6,lookup,2,1,1
pymupdf,nasa_webb_factsheet,T4,S,structure_preserving,nasa_webb_factsheet#7,lookup,2,1,1
pymupdf,nasa_webb_factsheet,T4,S,structure_preserving,nasa_webb_factsheet#8,table_multi_row,2,1,1
pymupdf,nasa_webb_factsheet,T4,S,structure_preserving,nasa_webb_factsheet#9,figure,2,0,0
pymupdf,nasa_webb_factsheet,T4,S,structure_preserving,nasa_webb_factsheet#10,figure,2,0,0
pymupdf,nasa_webb_factsheet,T4,S,structure_preserving,nasa_webb_factsheet#11,figure,2,0,0
pymupdf,nasa_webb_factsheet,T4,S,structure_preserving,nasa_webb_factsheet#12,figure,2,0,0
pymupdf,p60_282,T2,L,structure_preserving,p60_282#1,lookup,283,1,1
pymupdf,p60_282,T2,L,structure_preserving,p60_282#2,lookup,283,1,1
pymupdf,p60_282,T2,L,structure_preserving,p60_282#3,lookup,283,1,1
pymupdf,p60_282,T2,L,structure_preserving,p60_282#4,table_cell,283,1,1
pymupdf,p60_282,T2,L,structure_preserving,p60_282#5,table_cell,283,1,1
pymupdf,p60_282,T2,L,structure_preserving,p60_282#6,table_cell,283,1,1
pymupdf,p60_282,T2,L,structure_preserving,p60_282#7,table_cell,283,0,0
pymupdf,p60_282,T2,L,structure_preserving,p60_282#8,lookup,283,1,1
pymupdf,p60_282,T2,L,structure_preserving,p60_282#9,lookup,283,1,1
pymupdf,p60_282,T2,L,structure_preserving,p60_282#10,table_cell,283,0,0
pymupdf,p60_282,T2,L,structure_preserving,p60_282#11,table_cell,283,1,1
pymupdf,p60_282,T2,L,structure_preserving,p60_282#12,table_cell,283,1,1
pymupdf,p60_282,T2,L,structure_preserving,p60_282#13,table_multi_row,283,1,1
pymupdf,rfc9110,T1,XL,structure_preserving,rfc9110#1,lookup,368,1,1
pymupdf,rfc9110,T1,XL,structure_preserving,rfc9110#2,lookup,368,1,1
pymupdf,rfc9110,T1,XL,structure_preserving,rfc9110#3,lookup,368,1,1
pymupdf,rfc9110,T1,XL,structure_preserving,rfc9110#4,table_cell,368,1,1
pymupdf,rfc9110,T1,XL,structure_preserving,rfc9110#5,table_cell,368,1,1
pymupdf,rfc9110,T1,XL,structure_preserving,rfc9110#6,table_multi_row,368,1,1
pymupdf,rfc9110,T1,XL,structure_preserving,rfc9110#7,lookup,368,1,1
pymupdf,rfc9110,T1,XL,structure_preserving,rfc9110#8,lookup,368,1,1
pymupdf,rfc9110,T1,XL,structure_preserving,rfc9110#9,lookup,368,1,1
pymupdf,rfc9110,T1,XL,structure_preserving,rfc9110#10,lookup,368,1,1
pymupdf,rfc9110,T1,XL,structure_preserving,rfc9110#11,lookup,368,1,1
pymupdf,rfc9110,T1,XL,structure_preserving,rfc9110#12,lookup,368,1,1
pymupdf,rfc9112,T1,L,structure_preserving,rfc9112#1,lookup,81,1,1
pymupdf,rfc9112,T1,L,structure_preserving,rfc9112#2,lookup,81,1,1
pymupdf,rfc9112,T1,L,structure_preserving,rfc9112#3,lookup,81,1,1
pymupdf,rfc9112,T1,L,structure_preserving,rfc9112#4,lookup,81,1,1
pymupdf,rfc9112,T1,L,structure_preserving,rfc9112#5,lookup,81,1,1
pymupdf,rfc9112,T1,L,structure_preserving,rfc9112#6,cross_page,81,1,1
pymupdf,rfc9112,T1,L,structure_preserving,rfc9112#7,lookup,81,0,1
pymupdf,rfc9112,T1,L,structure_preserving,rfc9112#8,lookup,81,1,1
pymupdf,rfc9112,T1,L,structure_preserving,rfc9112#9,lookup,81,1,1
pymupdf,rfc9112,T1,L,structure_preserving,rfc9112#10,lookup,81,1,1
pymupdf,rfc9112,T1,L,structure_preserving,rfc9112#11,lookup,81,1,1
pymupdf,rfc9112,T1,L,structure_preserving,rfc9112#12,lookup,81,1,1
pymupdf,rfc9112,T1,L,structure_preserving,rfc9112#13,lookup,81,1,1
pymupdf,rfc9112,T1,L,structure_preserving,rfc9112#14,lookup,81,0,0
pymupdf,rfc9112,T1,L,structure_preserving,rfc9112#15,lookup,81,0,0
pymupdf,rfc9112,T1,L,structure_preserving,rfc9112#16,lookup,81,1,1
pymupdf,rfc9158,T1,S,structure_preserving,rfc9158#1,lookup,5,1,1
pymupdf,rfc9158,T1,S,structure_preserving,rfc9158#2,lookup,5,1,1
pymupdf,rfc9158,T1,S,structure_preserving,rfc9158#3,lookup,5,1,1
pymupdf,rfc9158,T1,S,structure_preserving,rfc9158#4,lookup,5,1,1
pymupdf,rfc9158,T1,S,structure_preserving,rfc9158#5,table_multi_row,5,1,1
pymupdf,rfc9158,T1,S,structure_preserving,rfc9158#6,table_cell,5,0,0
pymupdf,rfc9158,T1,S,structure_preserving,rfc9158#7,lookup,5,1,1
pymupdf,rfc9158,T1,S,structure_preserving,rfc9158#8,lookup,5,1,1
pymupdf,rfc9158,T1,S,structure_preserving,rfc9158#9,cross_page,5,0,0
pymupdf,rfc9457,T1,M,structure_preserving,rfc9457#1,lookup,26,1,1
pymupdf,rfc9457,T1,M,structure_preserving,rfc9457#2,lookup,26,1,1
pymupdf,rfc9457,T1,M,structure_preserving,rfc9457#3,lookup,26,1,1
pymupdf,rfc9457,T1,M,structure_preserving,rfc9457#4,lookup,26,1,1
pymupdf,rfc9457,T1,M,structure_preserving,rfc9457#5,lookup,26,1,1
pymupdf,rfc9457,T1,M,structure_preserving,rfc9457#6,lookup,26,1,1
pymupdf,rfc9457,T1,M,structure_preserving,rfc9457#7,lookup,26,1,1
pymupdf,rfc9457,T1,M,structure_preserving,rfc9457#8,lookup,26,1,1
pymupdf,rfc9457,T1,M,structure_preserving,rfc9457#9,lookup,26,1,1
pymupdf,rfc9457,T1,M,structure_preserving,rfc9457#10,lookup,26,1,1
pymupdf,rfc9457,T1,M,structure_preserving,rfc9457#11,lookup,26,1,1
pymupdf,scan_acsbr_023,T3,M,structure_preserving,scan_acsbr_023#1,lookup,0,0,0
pymupdf,scan_acsbr_023,T3,M,structure_preserving,scan_acsbr_023#2,lookup,0,0,0
pymupdf,scan_acsbr_023,T3,M,structure_preserving,scan_acsbr_023#3,lookup,0,0,0
pymupdf,scan_acsbr_023,T3,M,structure_preserving,scan_acsbr_023#4,lookup,0,0,0
pymupdf,scan_acsbr_023,T3,M,structure_preserving,scan_acsbr_023#5,lookup,0,0,0
pymupdf,scan_acsbr_023,T3,M,structure_preserving,scan_acsbr_023#6,lookup,0,0,0
pymupdf,scan_acsbr_023,T3,M,structure_preserving,scan_acsbr_023#7,table_cell,0,0,0
pymupdf,scan_acsbr_023,T3,M,structure_preserving,scan_acsbr_023#8,table_cell,0,0,0
pymupdf,scan_acsbr_023,T3,M,structure_preserving,scan_acsbr_023#9,table_cell,0,0,0
pymupdf,scan_acsbr_023,T3,M,structure_preserving,scan_acsbr_023#10,table_cell,0,0,0
pymupdf,scan_acsbr_023,T3,M,structure_preserving,scan_acsbr_023#11,table_multi_row,0,0,0
pymupdf,scan_acsbr_023,T3,M,structure_preserving,scan_acsbr_023#12,table_cell,0,0,0
pymupdf,scan_p60_282,T3,L,structure_preserving,scan_p60_282#1,lookup,0,0,0
pymupdf,scan_p60_282,T3,L,structure_preserving,scan_p60_282#2,lookup,0,0,0
pymupdf,scan_p60_282,T3,L,structure_preserving,scan_p60_282#3,lookup,0,0,0
pymupdf,scan_p60_282,T3,L,structure_preserving,scan_p60_282#4,table_cell,0,0,0
pymupdf,scan_p60_282,T3,L,structure_preserving,scan_p60_282#5,table_cell,0,0,0
pymupdf,scan_p60_282,T3,L,structure_preserving,scan_p60_282#6,table_cell,0,0,0
pymupdf,scan_p60_282,T3,L,structure_preserving,scan_p60_282#7,table_cell,0,0,0
pymupdf,scan_p60_282,T3,L,structure_preserving,scan_p60_282#8,lookup,0,0,0
pymupdf,scan_p60_282,T3,L,structure_preserving,scan_p60_282#9,lookup,0,0,0
pymupdf,scan_p60_282,T3,L,structure_preserving,scan_p60_282#10,table_cell,0,0,0
pymupdf,scan_p60_282,T3,L,structure_preserving,scan_p60_282#11,table_cell,0,0,0
pymupdf,scan_p60_282,T3,L,structure_preserving,scan_p60_282#12,table_cell,0,0,0
pymupdf,scan_p60_282,T3,L,structure_preserving,scan_p60_282#13,table_multi_row,0,0,0
pymupdf,scan_rfc9110,T3,XL,structure_preserving,scan_rfc9110#1,lookup,0,0,0
pymupdf,scan_rfc9110,T3,XL,structure_preserving,scan_rfc9110#2,lookup,0,0,0
pymupdf,scan_rfc9110,T3,XL,structure_preserving,scan_rfc9110#3,lookup,0,0,0
pymupdf,scan_rfc9110,T3,XL,structure_preserving,scan_rfc9110#4,table_cell,0,0,0
pymupdf,scan_rfc9110,T3,XL,structure_preserving,scan_rfc9110#5,table_cell,0,0,0
pymupdf,scan_rfc9110,T3,XL,structure_preserving,scan_rfc9110#6,table_multi_row,0,0,0
pymupdf,scan_rfc9110,T3,XL,structure_preserving,scan_rfc9110#7,lookup,0,0,0
pymupdf,scan_rfc9110,T3,XL,structure_preserving,scan_rfc9110#8,lookup,0,0,0
pymupdf,scan_rfc9110,T3,XL,structure_preserving,scan_rfc9110#9,lookup,0,0,0
pymupdf,scan_rfc9110,T3,XL,structure_preserving,scan_rfc9110#10,lookup,0,0,0
pymupdf,scan_rfc9110,T3,XL,structure_preserving,scan_rfc9110#11,lookup,0,0,0
pymupdf,scan_rfc9110,T3,XL,structure_preserving,scan_rfc9110#12,lookup,0,0,0
pymupdf,scan_rfc9158,T3,S,structure_preserving,scan_rfc9158#1,lookup,0,0,0
pymupdf,scan_rfc9158,T3,S,structure_preserving,scan_rfc9158#2,lookup,0,0,0
pymupdf,scan_rfc9158,T3,S,structure_preserving,scan_rfc9158#3,lookup,0,0,0
pymupdf,scan_rfc9158,T3,S,structure_preserving,scan_rfc9158#4,lookup,0,0,0
pymupdf,scan_rfc9158,T3,S,structure_preserving,scan_rfc9158#5,table_multi_row,0,0,0
pymupdf,scan_rfc9158,T3,S,structure_preserving,scan_rfc9158#6,table_cell,0,0,0
pymupdf,scan_rfc9158,T3,S,structure_preserving,scan_rfc9158#7,lookup,0,0,0
pymupdf,scan_rfc9158,T3,S,structure_preserving,scan_rfc9158#8,lookup,0,0,0
pymupdf,scan_rfc9158,T3,S,structure_preserving,scan_rfc9158#9,cross_page,0,0,0
pymupdf,scan_rfc9457,T3,M,structure_preserving,scan_rfc9457#1,lookup,0,0,0
pymupdf,scan_rfc9457,T3,M,structure_preserving,scan_rfc9457#2,lookup,0,0,0
pymupdf,scan_rfc9457,T3,M,structure_preserving,scan_rfc9457#3,lookup,0,0,0
pymupdf,scan_rfc9457,T3,M,structure_preserving,scan_rfc9457#4,lookup,0,0,0
pymupdf,scan_rfc9457,T3,M,structure_preserving,scan_rfc9457#5,lookup,0,0,0
pymupdf,scan_rfc9457,T3,M,structure_preserving,scan_rfc9457#6,lookup,0,0,0
pymupdf,scan_rfc9457,T3,M,structure_preserving,scan_rfc9457#7,lookup,0,0,0
pymupdf,scan_rfc9457,T3,M,structure_preserving,scan_rfc9457#8,lookup,0,0,0
pymupdf,scan_rfc9457,T3,M,structure_preserving,scan_rfc9457#9,lookup,0,0,0
pymupdf,scan_rfc9457,T3,M,structure_preserving,scan_rfc9457#10,lookup,0,0,0
pymupdf,scan_rfc9457,T3,M,structure_preserving,scan_rfc9457#11,lookup,0,0,0
pymupdf4llm,acsbr_023,T2,M,structure_preserving,acsbr_023#1,lookup,42,1,1
pymupdf4llm,acsbr_023,T2,M,structure_preserving,acsbr_023#2,lookup,42,1,1
pymupdf4llm,acsbr_023,T2,M,structure_preserving,acsbr_023#3,lookup,42,1,1
pymupdf4llm,acsbr_023,T2,M,structure_preserving,acsbr_023#4,lookup,42,1,1
pymupdf4llm,acsbr_023,T2,M,structure_preserving,acsbr_023#5,lookup,42,1,1
pymupdf4llm,acsbr_023,T2,M,structure_preserving,acsbr_023#6,lookup,42,1,1
pymupdf4llm,acsbr_023,T2,M,structure_preserving,acsbr_023#7,table_cell,42,1,1
pymupdf4llm,acsbr_023,T2,M,structure_preserving,acsbr_023#8,table_cell,42,0,1
pymupdf4llm,acsbr_023,T2,M,structure_preserving,acsbr_023#9,table_cell,42,1,1
pymupdf4llm,acsbr_023,T2,M,structure_preserving,acsbr_023#10,table_cell,42,1,1
pymupdf4llm,acsbr_023,T2,M,structure_preserving,acsbr_023#11,table_multi_row,42,0,1
pymupdf4llm,acsbr_023,T2,M,structure_preserving,acsbr_023#12,table_cell,42,1,1
pymupdf4llm,erp2024_full,T2,XL,structure_preserving,erp2024_full#1,lookup,2012,1,1
pymupdf4llm,erp2024_full,T2,XL,structure_preserving,erp2024_full#2,table_cell,2012,1,1
pymupdf4llm,erp2024_full,T2,XL,structure_preserving,erp2024_full#3,lookup,2012,1,1
pymupdf4llm,erp2024_full,T2,XL,structure_preserving,erp2024_full#4,table_cell,2012,1,1
pymupdf4llm,erp2024_full,T2,XL,structure_preserving,erp2024_full#5,table_cell,2012,1,1
pymupdf4llm,erp2024_full,T2,XL,structure_preserving,erp2024_full#6,table_cell,2012,1,1
pymupdf4llm,erp2024_full,T2,XL,structure_preserving,erp2024_full#7,table_multi_row,2012,1,1
pymupdf4llm,erp2024_full,T2,XL,structure_preserving,erp2024_full#8,lookup,2012,1,1
pymupdf4llm,erp2024_full,T2,XL,structure_preserving,erp2024_full#9,lookup,2012,1,1
pymupdf4llm,erp2024_full,T2,XL,structure_preserving,erp2024_full#10,table_cell,2012,1,1
pymupdf4llm,erp2024_full,T2,XL,structure_preserving,erp2024_full#11,table_cell,2012,0,1
pymupdf4llm,erp2024_table1,T2,S,structure_preserving,erp2024_table1#1,lookup,40,1,1
pymupdf4llm,erp2024_table1,T2,S,structure_preserving,erp2024_table1#2,table_cell,40,1,1
pymupdf4llm,erp2024_table1,T2,S,structure_preserving,erp2024_table1#3,table_cell,40,0,0
pymupdf4llm,erp2024_table1,T2,S,structure_preserving,erp2024_table1#4,table_cell,40,0,0
pymupdf4llm,erp2024_table1,T2,S,structure_preserving,erp2024_table1#5,table_cell,40,0,0
pymupdf4llm,erp2024_table1,T2,S,structure_preserving,erp2024_table1#6,table_cell,40,0,0
pymupdf4llm,erp2024_table1,T2,S,structure_preserving,erp2024_table1#7,table_cell,40,0,0
pymupdf4llm,erp2024_table1,T2,S,structure_preserving,erp2024_table1#8,lookup,40,0,1
pymupdf4llm,erp2024_table1,T2,S,structure_preserving,erp2024_table1#9,lookup,40,1,1
pymupdf4llm,erp2024_table3,T2,S,structure_preserving,erp2024_table3#1,lookup,40,1,1
pymupdf4llm,erp2024_table3,T2,S,structure_preserving,erp2024_table3#2,lookup,40,0,0
pymupdf4llm,erp2024_table3,T2,S,structure_preserving,erp2024_table3#3,table_cell,40,1,1
pymupdf4llm,erp2024_table3,T2,S,structure_preserving,erp2024_table3#4,table_cell,40,0,0
pymupdf4llm,erp2024_table3,T2,S,structure_preserving,erp2024_table3#5,table_cell,40,0,0
pymupdf4llm,erp2024_table3,T2,S,structure_preserving,erp2024_table3#6,table_cell,40,0,0
pymupdf4llm,erp2024_table3,T2,S,structure_preserving,erp2024_table3#7,table_multi_row,40,0,0
pymupdf4llm,erp2024_table3,T2,S,structure_preserving,erp2024_table3#8,table_cell,40,0,0
pymupdf4llm,erp2024_table3,T2,S,structure_preserving,erp2024_table3#9,table_cell,40,0,0
pymupdf4llm,erp2024_table3,T2,S,structure_preserving,erp2024_table3#10,table_cell,40,0,0
pymupdf4llm,gen_t2_long,T2,S,structure_preserving,gen_t2_long#1,table_cell,6,1,1
pymupdf4llm,gen_t2_long,T2,S,structure_preserving,gen_t2_long#2,table_cell,6,1,1
pymupdf4llm,gen_t2_long,T2,S,structure_preserving,gen_t2_long#3,table_cell,6,1,1
pymupdf4llm,gen_t2_long,T2,S,structure_preserving,gen_t2_long#4,table_cell,6,1,1
pymupdf4llm,gen_t2_merged,T2,S,structure_preserving,gen_t2_merged#1,table_cell,3,1,1
pymupdf4llm,gen_t2_rotated,T2,S,structure_preserving,gen_t2_rotated#1,table_cell,1,1,1
pymupdf4llm,gen_t2_rotated,T2,S,structure_preserving,gen_t2_rotated#2,table_cell,1,1,1
pymupdf4llm,gen_t2_simple,T2,S,structure_preserving,gen_t2_simple#1,table_cell,3,1,1
pymupdf4llm,gen_t2_simple,T2,S,structure_preserving,gen_t2_simple#2,table_cell,3,1,1
pymupdf4llm,gen_t2_simple,T2,S,structure_preserving,gen_t2_simple#3,table_cell,3,1,1
pymupdf4llm,gen_t4_bar,T4,S,structure_preserving,gen_t4_bar#1,figure,1,0,0
pymupdf4llm,gen_t4_flow,T4,S,structure_preserving,gen_t4_flow#1,figure,1,0,0
pymupdf4llm,gen_t4_line,T4,S,structure_preserving,gen_t4_line#1,figure,1,1,1
pymupdf4llm,gen_t4_mixed,T4,S,structure_preserving,gen_t4_mixed#1,table_cell,3,1,1
pymupdf4llm,nasa_se_handbook,T4,XL,structure_preserving,nasa_se_handbook#1,lookup,474,1,1
pymupdf4llm,nasa_se_handbook,T4,XL,structure_preserving,nasa_se_handbook#2,lookup,474,1,1
pymupdf4llm,nasa_se_handbook,T4,XL,structure_preserving,nasa_se_handbook#3,figure,474,1,1
pymupdf4llm,nasa_se_handbook,T4,XL,structure_preserving,nasa_se_handbook#4,lookup,474,0,0
pymupdf4llm,nasa_se_handbook,T4,XL,structure_preserving,nasa_se_handbook#5,lookup,474,1,1
pymupdf4llm,nasa_se_handbook,T4,XL,structure_preserving,nasa_se_handbook#6,table_multi_row,474,0,0
pymupdf4llm,nasa_se_handbook,T4,XL,structure_preserving,nasa_se_handbook#7,lookup,474,1,1
pymupdf4llm,nasa_se_handbook,T4,XL,structure_preserving,nasa_se_handbook#8,lookup,474,1,1
pymupdf4llm,nasa_se_handbook,T4,XL,structure_preserving,nasa_se_handbook#9,lookup,474,1,1
pymupdf4llm,nasa_se_handbook,T4,XL,structure_preserving,nasa_se_handbook#10,lookup,474,1,1
pymupdf4llm,nasa_se_handbook,T4,XL,structure_preserving,nasa_se_handbook#11,lookup,474,1,1
pymupdf4llm,nasa_se_handbook,T4,XL,structure_preserving,nasa_se_handbook#12,lookup,474,1,1
pymupdf4llm,nasa_tm100396,T4,L,structure_preserving,nasa_tm100396#1,lookup,207,1,1
pymupdf4llm,nasa_tm100396,T4,L,structure_preserving,nasa_tm100396#2,lookup,207,1,1
pymupdf4llm,nasa_tm100396,T4,L,structure_preserving,nasa_tm100396#3,lookup,207,1,1
pymupdf4llm,nasa_tm100396,T4,L,structure_preserving,nasa_tm100396#4,lookup,207,1,1
pymupdf4llm,nasa_tm100396,T4,L,structure_preserving,nasa_tm100396#5,lookup,207,1,1
pymupdf4llm,nasa_tm100396,T4,L,structure_preserving,nasa_tm100396#6,lookup,207,1,1
pymupdf4llm,nasa_tm100396,T4,L,structure_preserving,nasa_tm100396#7,lookup,207,1,1
pymupdf4llm,nasa_tm100396,T4,L,structure_preserving,nasa_tm100396#8,lookup,207,1,1
pymupdf4llm,nasa_tm100396,T4,L,structure_preserving,nasa_tm100396#9,lookup,207,1,1
pymupdf4llm,nasa_tm100396,T4,L,structure_preserving,nasa_tm100396#10,cross_page,207,0,0
pymupdf4llm,nasa_tm100396,T4,L,structure_preserving,nasa_tm100396#11,lookup,207,1,1
pymupdf4llm,nasa_tm100396,T4,L,structure_preserving,nasa_tm100396#12,table_cell,207,1,1
pymupdf4llm,nasa_tm104114,T4,XL,structure_preserving,nasa_tm104114#1,lookup,111,1,1
pymupdf4llm,nasa_tm104114,T4,XL,structure_preserving,nasa_tm104114#2,lookup,111,1,1
pymupdf4llm,nasa_tm104114,T4,XL,structure_preserving,nasa_tm104114#3,lookup,111,0,0
pymupdf4llm,nasa_tm104114,T4,XL,structure_preserving,nasa_tm104114#4,table_cell,111,0,0
pymupdf4llm,nasa_tm104114,T4,XL,structure_preserving,nasa_tm104114#5,table_cell,111,0,0
pymupdf4llm,nasa_tm104114,T4,XL,structure_preserving,nasa_tm104114#6,table_cell,111,0,0
pymupdf4llm,nasa_tm104114,T4,XL,structure_preserving,nasa_tm104114#7,table_cell,111,0,0
pymupdf4llm,nasa_tm104114,T4,XL,structure_preserving,nasa_tm104114#8,lookup,111,1,1
pymupdf4llm,nasa_tm104114,T4,XL,structure_preserving,nasa_tm104114#9,lookup,111,0,0
pymupdf4llm,nasa_tm104114,T4,XL,structure_preserving,nasa_tm104114#10,lookup,111,0,0
pymupdf4llm,nasa_tm104114,T4,XL,structure_preserving,nasa_tm104114#11,lookup,111,0,0
pymupdf4llm,nasa_tm_x9471,T4,M,structure_preserving,nasa_tm_x9471#1,lookup,7,1,1
pymupdf4llm,nasa_tm_x9471,T4,M,structure_preserving,nasa_tm_x9471#2,lookup,7,1,1
pymupdf4llm,nasa_tm_x9471,T4,M,structure_preserving,nasa_tm_x9471#3,lookup,7,1,1
pymupdf4llm,nasa_tm_x9471,T4,M,structure_preserving,nasa_tm_x9471#4,lookup,7,1,1
pymupdf4llm,nasa_tm_x9471,T4,M,structure_preserving,nasa_tm_x9471#5,lookup,7,1,1
pymupdf4llm,nasa_tm_x9471,T4,M,structure_preserving,nasa_tm_x9471#6,lookup,7,1,1
pymupdf4llm,nasa_tm_x9471,T4,M,structure_preserving,nasa_tm_x9471#7,lookup,7,1,1
pymupdf4llm,nasa_tm_x9471,T4,M,structure_preserving,nasa_tm_x9471#8,lookup,7,1,1
pymupdf4llm,nasa_tm_x9471,T4,M,structure_preserving,nasa_tm_x9471#9,lookup,7,1,1
pymupdf4llm,nasa_tm_x9471,T4,M,structure_preserving,nasa_tm_x9471#10,figure,7,1,1
pymupdf4llm,nasa_tm_x9471,T4,M,structure_preserving,nasa_tm_x9471#11,figure,7,0,0
pymupdf4llm,nasa_tm_x9471,T4,M,structure_preserving,nasa_tm_x9471#12,figure,7,1,1
pymupdf4llm,nasa_webb_factsheet,T4,S,structure_preserving,nasa_webb_factsheet#1,lookup,2,1,1
pymupdf4llm,nasa_webb_factsheet,T4,S,structure_preserving,nasa_webb_factsheet#2,lookup,2,1,1
pymupdf4llm,nasa_webb_factsheet,T4,S,structure_preserving,nasa_webb_factsheet#3,lookup,2,1,1
pymupdf4llm,nasa_webb_factsheet,T4,S,structure_preserving,nasa_webb_factsheet#4,lookup,2,1,1
pymupdf4llm,nasa_webb_factsheet,T4,S,structure_preserving,nasa_webb_factsheet#5,lookup,2,1,1
pymupdf4llm,nasa_webb_factsheet,T4,S,structure_preserving,nasa_webb_factsheet#6,lookup,2,1,1
pymupdf4llm,nasa_webb_factsheet,T4,S,structure_preserving,nasa_webb_factsheet#7,lookup,2,1,1
pymupdf4llm,nasa_webb_factsheet,T4,S,structure_preserving,nasa_webb_factsheet#8,table_multi_row,2,1,1
pymupdf4llm,nasa_webb_factsheet,T4,S,structure_preserving,nasa_webb_factsheet#9,figure,2,0,0
pymupdf4llm,nasa_webb_factsheet,T4,S,structure_preserving,nasa_webb_factsheet#10,figure,2,0,0
pymupdf4llm,nasa_webb_factsheet,T4,S,structure_preserving,nasa_webb_factsheet#11,figure,2,0,0
pymupdf4llm,nasa_webb_factsheet,T4,S,structure_preserving,nasa_webb_factsheet#12,figure,2,0,0
pymupdf4llm,p60_282,T2,L,structure_preserving,p60_282#1,lookup,469,1,1
pymupdf4llm,p60_282,T2,L,structure_preserving,p60_282#2,lookup,469,1,1
pymupdf4llm,p60_282,T2,L,structure_preserving,p60_282#3,lookup,469,1,1
pymupdf4llm,p60_282,T2,L,structure_preserving,p60_282#4,table_cell,469,1,1
pymupdf4llm,p60_282,T2,L,structure_preserving,p60_282#5,table_cell,469,1,1
pymupdf4llm,p60_282,T2,L,structure_preserving,p60_282#6,table_cell,469,1,1
pymupdf4llm,p60_282,T2,L,structure_preserving,p60_282#7,table_cell,469,1,1
pymupdf4llm,p60_282,T2,L,structure_preserving,p60_282#8,lookup,469,1,1
pymupdf4llm,p60_282,T2,L,structure_preserving,p60_282#9,lookup,469,1,1
pymupdf4llm,p60_282,T2,L,structure_preserving,p60_282#10,table_cell,469,0,1
pymupdf4llm,p60_282,T2,L,structure_preserving,p60_282#11,table_cell,469,1,1
pymupdf4llm,p60_282,T2,L,structure_preserving,p60_282#12,table_cell,469,1,1
pymupdf4llm,p60_282,T2,L,structure_preserving,p60_282#13,table_multi_row,469,1,1
pymupdf4llm,rfc9110,T1,XL,structure_preserving,rfc9110#1,lookup,292,1,1
pymupdf4llm,rfc9110,T1,XL,structure_preserving,rfc9110#2,lookup,292,1,1
pymupdf4llm,rfc9110,T1,XL,structure_preserving,rfc9110#3,lookup,292,1,1
pymupdf4llm,rfc9110,T1,XL,structure_preserving,rfc9110#4,table_cell,292,1,1
pymupdf4llm,rfc9110,T1,XL,structure_preserving,rfc9110#5,table_cell,292,1,1
pymupdf4llm,rfc9110,T1,XL,structure_preserving,rfc9110#6,table_multi_row,292,1,1
pymupdf4llm,rfc9110,T1,XL,structure_preserving,rfc9110#7,lookup,292,1,1
pymupdf4llm,rfc9110,T1,XL,structure_preserving,rfc9110#8,lookup,292,1,1
pymupdf4llm,rfc9110,T1,XL,structure_preserving,rfc9110#9,lookup,292,1,1
pymupdf4llm,rfc9110,T1,XL,structure_preserving,rfc9110#10,lookup,292,1,1
pymupdf4llm,rfc9110,T1,XL,structure_preserving,rfc9110#11,lookup,292,1,1
pymupdf4llm,rfc9110,T1,XL,structure_preserving,rfc9110#12,lookup,292,0,0
pymupdf4llm,rfc9112,T1,L,structure_preserving,rfc9112#1,lookup,65,1,1
pymupdf4llm,rfc9112,T1,L,structure_preserving,rfc9112#2,lookup,65,1,1
pymupdf4llm,rfc9112,T1,L,structure_preserving,rfc9112#3,lookup,65,1,1
pymupdf4llm,rfc9112,T1,L,structure_preserving,rfc9112#4,lookup,65,1,1
pymupdf4llm,rfc9112,T1,L,structure_preserving,rfc9112#5,lookup,65,1,1
pymupdf4llm,rfc9112,T1,L,structure_preserving,rfc9112#6,cross_page,65,1,1
pymupdf4llm,rfc9112,T1,L,structure_preserving,rfc9112#7,lookup,65,1,1
pymupdf4llm,rfc9112,T1,L,structure_preserving,rfc9112#8,lookup,65,1,1
pymupdf4llm,rfc9112,T1,L,structure_preserving,rfc9112#9,lookup,65,1,1
pymupdf4llm,rfc9112,T1,L,structure_preserving,rfc9112#10,lookup,65,1,1
pymupdf4llm,rfc9112,T1,L,structure_preserving,rfc9112#11,lookup,65,1,1
pymupdf4llm,rfc9112,T1,L,structure_preserving,rfc9112#12,lookup,65,1,1
pymupdf4llm,rfc9112,T1,L,structure_preserving,rfc9112#13,lookup,65,1,1
pymupdf4llm,rfc9112,T1,L,structure_preserving,rfc9112#14,lookup,65,1,1
pymupdf4llm,rfc9112,T1,L,structure_preserving,rfc9112#15,lookup,65,1,1
pymupdf4llm,rfc9112,T1,L,structure_preserving,rfc9112#16,lookup,65,1,1
pymupdf4llm,rfc9158,T1,S,structure_preserving,rfc9158#1,lookup,6,1,1
pymupdf4llm,rfc9158,T1,S,structure_preserving,rfc9158#2,lookup,6,1,1
pymupdf4llm,rfc9158,T1,S,structure_preserving,rfc9158#3,lookup,6,1,1
pymupdf4llm,rfc9158,T1,S,structure_preserving,rfc9158#4,lookup,6,1,1
pymupdf4llm,rfc9158,T1,S,structure_preserving,rfc9158#5,table_multi_row,6,1,1
pymupdf4llm,rfc9158,T1,S,structure_preserving,rfc9158#6,table_cell,6,1,1
pymupdf4llm,rfc9158,T1,S,structure_preserving,rfc9158#7,lookup,6,1,1
pymupdf4llm,rfc9158,T1,S,structure_preserving,rfc9158#8,lookup,6,1,1
pymupdf4llm,rfc9158,T1,S,structure_preserving,rfc9158#9,cross_page,6,0,0
pymupdf4llm,rfc9457,T1,M,structure_preserving,rfc9457#1,lookup,20,1,1
pymupdf4llm,rfc9457,T1,M,structure_preserving,rfc9457#2,lookup,20,1,1
pymupdf4llm,rfc9457,T1,M,structure_preserving,rfc9457#3,lookup,20,1,1
pymupdf4llm,rfc9457,T1,M,structure_preserving,rfc9457#4,lookup,20,1,1
pymupdf4llm,rfc9457,T1,M,structure_preserving,rfc9457#5,lookup,20,1,1
pymupdf4llm,rfc9457,T1,M,structure_preserving,rfc9457#6,lookup,20,1,1
pymupdf4llm,rfc9457,T1,M,structure_preserving,rfc9457#7,lookup,20,1,1
pymupdf4llm,rfc9457,T1,M,structure_preserving,rfc9457#8,lookup,20,1,1
pymupdf4llm,rfc9457,T1,M,structure_preserving,rfc9457#9,lookup,20,1,1
pymupdf4llm,rfc9457,T1,M,structure_preserving,rfc9457#10,lookup,20,1,1
pymupdf4llm,rfc9457,T1,M,structure_preserving,rfc9457#11,lookup,20,1,1
pymupdf4llm,scan_acsbr_023,T3,M,structure_preserving,scan_acsbr_023#1,lookup,36,1,1
pymupdf4llm,scan_acsbr_023,T3,M,structure_preserving,scan_acsbr_023#2,lookup,36,1,1
pymupdf4llm,scan_acsbr_023,T3,M,structure_preserving,scan_acsbr_023#3,lookup,36,1,1
pymupdf4llm,scan_acsbr_023,T3,M,structure_preserving,scan_acsbr_023#4,lookup,36,1,1
pymupdf4llm,scan_acsbr_023,T3,M,structure_preserving,scan_acsbr_023#5,lookup,36,1,1
pymupdf4llm,scan_acsbr_023,T3,M,structure_preserving,scan_acsbr_023#6,lookup,36,1,1
pymupdf4llm,scan_acsbr_023,T3,M,structure_preserving,scan_acsbr_023#7,table_cell,36,0,1
pymupdf4llm,scan_acsbr_023,T3,M,structure_preserving,scan_acsbr_023#8,table_cell,36,0,1
pymupdf4llm,scan_acsbr_023,T3,M,structure_preserving,scan_acsbr_023#9,table_cell,36,0,1
pymupdf4llm,scan_acsbr_023,T3,M,structure_preserving,scan_acsbr_023#10,table_cell,36,0,0
pymupdf4llm,scan_acsbr_023,T3,M,structure_preserving,scan_acsbr_023#11,table_multi_row,36,0,1
pymupdf4llm,scan_acsbr_023,T3,M,structure_preserving,scan_acsbr_023#12,table_cell,36,1,1
pymupdf4llm,scan_p60_282,T3,L,structure_preserving,scan_p60_282#1,lookup,353,1,1
pymupdf4llm,scan_p60_282,T3,L,structure_preserving,scan_p60_282#2,lookup,353,1,1
pymupdf4llm,scan_p60_282,T3,L,structure_preserving,scan_p60_282#3,lookup,353,1,1
pymupdf4llm,scan_p60_282,T3,L,structure_preserving,scan_p60_282#4,table_cell,353,1,1
pymupdf4llm,scan_p60_282,T3,L,structure_preserving,scan_p60_282#5,table_cell,353,1,1
pymupdf4llm,scan_p60_282,T3,L,structure_preserving,scan_p60_282#6,table_cell,353,1,1
pymupdf4llm,scan_p60_282,T3,L,structure_preserving,scan_p60_282#7,table_cell,353,1,1
pymupdf4llm,scan_p60_282,T3,L,structure_preserving,scan_p60_282#8,lookup,353,1,1
pymupdf4llm,scan_p60_282,T3,L,structure_preserving,scan_p60_282#9,lookup,353,1,1
pymupdf4llm,scan_p60_282,T3,L,structure_preserving,scan_p60_282#10,table_cell,353,1,1
pymupdf4llm,scan_p60_282,T3,L,structure_preserving,scan_p60_282#11,table_cell,353,1,1
pymupdf4llm,scan_p60_282,T3,L,structure_preserving,scan_p60_282#12,table_cell,353,0,0
pymupdf4llm,scan_p60_282,T3,L,structure_preserving,scan_p60_282#13,table_multi_row,353,0,0
pymupdf4llm,scan_rfc9110,T3,XL,structure_preserving,scan_rfc9110#1,lookup,275,1,1
pymupdf4llm,scan_rfc9110,T3,XL,structure_preserving,scan_rfc9110#2,lookup,275,1,1
pymupdf4llm,scan_rfc9110,T3,XL,structure_preserving,scan_rfc9110#3,lookup,275,1,1
pymupdf4llm,scan_rfc9110,T3,XL,structure_preserving,scan_rfc9110#4,table_cell,275,0,0
pymupdf4llm,scan_rfc9110,T3,XL,structure_preserving,scan_rfc9110#5,table_cell,275,1,1
pymupdf4llm,scan_rfc9110,T3,XL,structure_preserving,scan_rfc9110#6,table_multi_row,275,1,1
pymupdf4llm,scan_rfc9110,T3,XL,structure_preserving,scan_rfc9110#7,lookup,275,1,1
pymupdf4llm,scan_rfc9110,T3,XL,structure_preserving,scan_rfc9110#8,lookup,275,1,1
pymupdf4llm,scan_rfc9110,T3,XL,structure_preserving,scan_rfc9110#9,lookup,275,1,1
pymupdf4llm,scan_rfc9110,T3,XL,structure_preserving,scan_rfc9110#10,lookup,275,1,1
pymupdf4llm,scan_rfc9110,T3,XL,structure_preserving,scan_rfc9110#11,lookup,275,1,1
pymupdf4llm,scan_rfc9110,T3,XL,structure_preserving,scan_rfc9110#12,lookup,275,1,1
pymupdf4llm,scan_rfc9158,T3,S,structure_preserving,scan_rfc9158#1,lookup,5,1,1
pymupdf4llm,scan_rfc9158,T3,S,structure_preserving,scan_rfc9158#2,lookup,5,1,1
pymupdf4llm,scan_rfc9158,T3,S,structure_preserving,scan_rfc9158#3,lookup,5,1,1
pymupdf4llm,scan_rfc9158,T3,S,structure_preserving,scan_rfc9158#4,lookup,5,1,1
pymupdf4llm,scan_rfc9158,T3,S,structure_preserving,scan_rfc9158#5,table_multi_row,5,1,1
pymupdf4llm,scan_rfc9158,T3,S,structure_preserving,scan_rfc9158#6,table_cell,5,1,1
pymupdf4llm,scan_rfc9158,T3,S,structure_preserving,scan_rfc9158#7,lookup,5,1,1
pymupdf4llm,scan_rfc9158,T3,S,structure_preserving,scan_rfc9158#8,lookup,5,1,1
pymupdf4llm,scan_rfc9158,T3,S,structure_preserving,scan_rfc9158#9,cross_page,5,0,0
pymupdf4llm,scan_rfc9457,T3,M,structure_preserving,scan_rfc9457#1,lookup,20,1,1
pymupdf4llm,scan_rfc9457,T3,M,structure_preserving,scan_rfc9457#2,lookup,20,1,1
pymupdf4llm,scan_rfc9457,T3,M,structure_preserving,scan_rfc9457#3,lookup,20,1,1
pymupdf4llm,scan_rfc9457,T3,M,structure_preserving,scan_rfc9457#4,lookup,20,1,1
pymupdf4llm,scan_rfc9457,T3,M,structure_preserving,scan_rfc9457#5,lookup,20,1,1
pymupdf4llm,scan_rfc9457,T3,M,structure_preserving,scan_rfc9457#6,lookup,20,1,1
pymupdf4llm,scan_rfc9457,T3,M,structure_preserving,scan_rfc9457#7,lookup,20,1,1
pymupdf4llm,scan_rfc9457,T3,M,structure_preserving,scan_rfc9457#8,lookup,20,1,1
pymupdf4llm,scan_rfc9457,T3,M,structure_preserving,scan_rfc9457#9,lookup,20,1,1
pymupdf4llm,scan_rfc9457,T3,M,structure_preserving,scan_rfc9457#10,lookup,20,1,1
pymupdf4llm,scan_rfc9457,T3,M,structure_preserving,scan_rfc9457#11,lookup,20,1,1
tesseract,acsbr_023,T2,M,structure_preserving,acsbr_023#1,lookup,26,1,1
tesseract,acsbr_023,T2,M,structure_preserving,acsbr_023#2,lookup,26,1,1
tesseract,acsbr_023,T2,M,structure_preserving,acsbr_023#3,lookup,26,0,1
tesseract,acsbr_023,T2,M,structure_preserving,acsbr_023#4,lookup,26,1,1
tesseract,acsbr_023,T2,M,structure_preserving,acsbr_023#5,lookup,26,1,1
tesseract,acsbr_023,T2,M,structure_preserving,acsbr_023#6,lookup,26,1,1
tesseract,acsbr_023,T2,M,structure_preserving,acsbr_023#7,table_cell,26,0,1
tesseract,acsbr_023,T2,M,structure_preserving,acsbr_023#8,table_cell,26,0,1
tesseract,acsbr_023,T2,M,structure_preserving,acsbr_023#9,table_cell,26,0,1
tesseract,acsbr_023,T2,M,structure_preserving,acsbr_023#10,table_cell,26,0,1
tesseract,acsbr_023,T2,M,structure_preserving,acsbr_023#11,table_multi_row,26,0,1
tesseract,acsbr_023,T2,M,structure_preserving,acsbr_023#12,table_cell,26,1,1
tesseract,erp2024_full,T2,XL,structure_preserving,erp2024_full#1,lookup,1327,1,1
tesseract,erp2024_full,T2,XL,structure_preserving,erp2024_full#2,table_cell,1327,1,1
tesseract,erp2024_full,T2,XL,structure_preserving,erp2024_full#3,lookup,1327,0,0
tesseract,erp2024_full,T2,XL,structure_preserving,erp2024_full#4,table_cell,1327,0,1
tesseract,erp2024_full,T2,XL,structure_preserving,erp2024_full#5,table_cell,1327,1,1
tesseract,erp2024_full,T2,XL,structure_preserving,erp2024_full#6,table_cell,1327,1,1
tesseract,erp2024_full,T2,XL,structure_preserving,erp2024_full#7,table_multi_row,1327,0,0
tesseract,erp2024_full,T2,XL,structure_preserving,erp2024_full#8,lookup,1327,1,1
tesseract,erp2024_full,T2,XL,structure_preserving,erp2024_full#9,lookup,1327,1,1
tesseract,erp2024_full,T2,XL,structure_preserving,erp2024_full#10,table_cell,1327,1,1
tesseract,erp2024_full,T2,XL,structure_preserving,erp2024_full#11,table_cell,1327,1,1
tesseract,erp2024_table1,T2,S,structure_preserving,erp2024_table1#1,lookup,3,1,1
tesseract,erp2024_table1,T2,S,structure_preserving,erp2024_table1#2,table_cell,3,0,0
tesseract,erp2024_table1,T2,S,structure_preserving,erp2024_table1#3,table_cell,3,0,0
tesseract,erp2024_table1,T2,S,structure_preserving,erp2024_table1#4,table_cell,3,0,0
tesseract,erp2024_table1,T2,S,structure_preserving,erp2024_table1#5,table_cell,3,0,0
tesseract,erp2024_table1,T2,S,structure_preserving,erp2024_table1#6,table_cell,3,0,0
tesseract,erp2024_table1,T2,S,structure_preserving,erp2024_table1#7,table_cell,3,0,0
tesseract,erp2024_table1,T2,S,structure_preserving,erp2024_table1#8,lookup,3,1,1
tesseract,erp2024_table1,T2,S,structure_preserving,erp2024_table1#9,lookup,3,1,1
tesseract,erp2024_table3,T2,S,structure_preserving,erp2024_table3#1,lookup,32,1,1
tesseract,erp2024_table3,T2,S,structure_preserving,erp2024_table3#2,lookup,32,0,0
tesseract,erp2024_table3,T2,S,structure_preserving,erp2024_table3#3,table_cell,32,0,0
tesseract,erp2024_table3,T2,S,structure_preserving,erp2024_table3#4,table_cell,32,0,0
tesseract,erp2024_table3,T2,S,structure_preserving,erp2024_table3#5,table_cell,32,0,0
tesseract,erp2024_table3,T2,S,structure_preserving,erp2024_table3#6,table_cell,32,0,0
tesseract,erp2024_table3,T2,S,structure_preserving,erp2024_table3#7,table_multi_row,32,0,0
tesseract,erp2024_table3,T2,S,structure_preserving,erp2024_table3#8,table_cell,32,0,0
tesseract,erp2024_table3,T2,S,structure_preserving,erp2024_table3#9,table_cell,32,0,0
tesseract,erp2024_table3,T2,S,structure_preserving,erp2024_table3#10,table_cell,32,0,0
tesseract,gen_t2_long,T2,S,structure_preserving,gen_t2_long#1,table_cell,4,1,1
tesseract,gen_t2_long,T2,S,structure_preserving,gen_t2_long#2,table_cell,4,1,1
tesseract,gen_t2_long,T2,S,structure_preserving,gen_t2_long#3,table_cell,4,1,1
tesseract,gen_t2_long,T2,S,structure_preserving,gen_t2_long#4,table_cell,4,1,1
tesseract,gen_t2_merged,T2,S,structure_preserving,gen_t2_merged#1,table_cell,1,1,1
tesseract,gen_t2_rotated,T2,S,structure_preserving,gen_t2_rotated#1,table_cell,1,1,1
tesseract,gen_t2_rotated,T2,S,structure_preserving,gen_t2_rotated#2,table_cell,1,1,1
tesseract,gen_t2_simple,T2,S,structure_preserving,gen_t2_simple#1,table_cell,1,1,1
tesseract,gen_t2_simple,T2,S,structure_preserving,gen_t2_simple#2,table_cell,1,1,1
tesseract,gen_t2_simple,T2,S,structure_preserving,gen_t2_simple#3,table_cell,1,1,1
tesseract,gen_t4_bar,T4,S,structure_preserving,gen_t4_bar#1,figure,1,0,0
tesseract,gen_t4_flow,T4,S,structure_preserving,gen_t4_flow#1,figure,1,1,1
tesseract,gen_t4_line,T4,S,structure_preserving,gen_t4_line#1,figure,1,0,0
tesseract,gen_t4_mixed,T4,S,structure_preserving,gen_t4_mixed#1,table_cell,1,1,1
tesseract,nasa_se_handbook,T4,XL,structure_preserving,nasa_se_handbook#1,lookup,423,1,1
tesseract,nasa_se_handbook,T4,XL,structure_preserving,nasa_se_handbook#2,lookup,423,1,1
tesseract,nasa_se_handbook,T4,XL,structure_preserving,nasa_se_handbook#3,figure,423,0,0
tesseract,nasa_se_handbook,T4,XL,structure_preserving,nasa_se_handbook#4,lookup,423,0,0
tesseract,nasa_se_handbook,T4,XL,structure_preserving,nasa_se_handbook#5,lookup,423,1,1
tesseract,nasa_se_handbook,T4,XL,structure_preserving,nasa_se_handbook#6,table_multi_row,423,0,0
tesseract,nasa_se_handbook,T4,XL,structure_preserving,nasa_se_handbook#7,lookup,423,1,1
tesseract,nasa_se_handbook,T4,XL,structure_preserving,nasa_se_handbook#8,lookup,423,1,1
tesseract,nasa_se_handbook,T4,XL,structure_preserving,nasa_se_handbook#9,lookup,423,1,1
tesseract,nasa_se_handbook,T4,XL,structure_preserving,nasa_se_handbook#10,lookup,423,1,1
tesseract,nasa_se_handbook,T4,XL,structure_preserving,nasa_se_handbook#11,lookup,423,1,1
tesseract,nasa_se_handbook,T4,XL,structure_preserving,nasa_se_handbook#12,lookup,423,1,1
tesseract,nasa_tm100396,T4,L,structure_preserving,nasa_tm100396#1,lookup,122,1,1
tesseract,nasa_tm100396,T4,L,structure_preserving,nasa_tm100396#2,lookup,122,1,1
tesseract,nasa_tm100396,T4,L,structure_preserving,nasa_tm100396#3,lookup,122,1,1
tesseract,nasa_tm100396,T4,L,structure_preserving,nasa_tm100396#4,lookup,122,1,1
tesseract,nasa_tm100396,T4,L,structure_preserving,nasa_tm100396#5,lookup,122,1,1
tesseract,nasa_tm100396,T4,L,structure_preserving,nasa_tm100396#6,lookup,122,1,1
tesseract,nasa_tm100396,T4,L,structure_preserving,nasa_tm100396#7,lookup,122,1,1
tesseract,nasa_tm100396,T4,L,structure_preserving,nasa_tm100396#8,lookup,122,1,1
tesseract,nasa_tm100396,T4,L,structure_preserving,nasa_tm100396#9,lookup,122,1,1
tesseract,nasa_tm100396,T4,L,structure_preserving,nasa_tm100396#10,cross_page,122,0,0
tesseract,nasa_tm100396,T4,L,structure_preserving,nasa_tm100396#11,lookup,122,1,1
tesseract,nasa_tm100396,T4,L,structure_preserving,nasa_tm100396#12,table_cell,122,1,1
tesseract,nasa_tm104114,T4,XL,structure_preserving,nasa_tm104114#1,lookup,118,1,1
tesseract,nasa_tm104114,T4,XL,structure_preserving,nasa_tm104114#2,lookup,118,1,1
tesseract,nasa_tm104114,T4,XL,structure_preserving,nasa_tm104114#3,lookup,118,0,0
tesseract,nasa_tm104114,T4,XL,structure_preserving,nasa_tm104114#4,table_cell,118,1,1
tesseract,nasa_tm104114,T4,XL,structure_preserving,nasa_tm104114#5,table_cell,118,1,1
tesseract,nasa_tm104114,T4,XL,structure_preserving,nasa_tm104114#6,table_cell,118,1,1
tesseract,nasa_tm104114,T4,XL,structure_preserving,nasa_tm104114#7,table_cell,118,1,1
tesseract,nasa_tm104114,T4,XL,structure_preserving,nasa_tm104114#8,lookup,118,1,1
tesseract,nasa_tm104114,T4,XL,structure_preserving,nasa_tm104114#9,lookup,118,1,1
tesseract,nasa_tm104114,T4,XL,structure_preserving,nasa_tm104114#10,lookup,118,1,1
tesseract,nasa_tm104114,T4,XL,structure_preserving,nasa_tm104114#11,lookup,118,1,1
tesseract,nasa_tm_x9471,T4,M,structure_preserving,nasa_tm_x9471#1,lookup,7,1,1
tesseract,nasa_tm_x9471,T4,M,structure_preserving,nasa_tm_x9471#2,lookup,7,1,1
tesseract,nasa_tm_x9471,T4,M,structure_preserving,nasa_tm_x9471#3,lookup,7,1,1
tesseract,nasa_tm_x9471,T4,M,structure_preserving,nasa_tm_x9471#4,lookup,7,1,1
tesseract,nasa_tm_x9471,T4,M,structure_preserving,nasa_tm_x9471#5,lookup,7,1,1
tesseract,nasa_tm_x9471,T4,M,structure_preserving,nasa_tm_x9471#6,lookup,7,1,1
tesseract,nasa_tm_x9471,T4,M,structure_preserving,nasa_tm_x9471#7,lookup,7,1,1
tesseract,nasa_tm_x9471,T4,M,structure_preserving,nasa_tm_x9471#8,lookup,7,1,1
tesseract,nasa_tm_x9471,T4,M,structure_preserving,nasa_tm_x9471#9,lookup,7,1,1
tesseract,nasa_tm_x9471,T4,M,structure_preserving,nasa_tm_x9471#10,figure,7,0,0
tesseract,nasa_tm_x9471,T4,M,structure_preserving,nasa_tm_x9471#11,figure,7,1,1
tesseract,nasa_tm_x9471,T4,M,structure_preserving,nasa_tm_x9471#12,figure,7,0,0
tesseract,nasa_webb_factsheet,T4,S,structure_preserving,nasa_webb_factsheet#1,lookup,2,1,1
tesseract,nasa_webb_factsheet,T4,S,structure_preserving,nasa_webb_factsheet#2,lookup,2,1,1
tesseract,nasa_webb_factsheet,T4,S,structure_preserving,nasa_webb_factsheet#3,lookup,2,0,0
tesseract,nasa_webb_factsheet,T4,S,structure_preserving,nasa_webb_factsheet#4,lookup,2,1,1
tesseract,nasa_webb_factsheet,T4,S,structure_preserving,nasa_webb_factsheet#5,lookup,2,1,1
tesseract,nasa_webb_factsheet,T4,S,structure_preserving,nasa_webb_factsheet#6,lookup,2,1,1
tesseract,nasa_webb_factsheet,T4,S,structure_preserving,nasa_webb_factsheet#7,lookup,2,1,1
tesseract,nasa_webb_factsheet,T4,S,structure_preserving,nasa_webb_factsheet#8,table_multi_row,2,1,1
tesseract,nasa_webb_factsheet,T4,S,structure_preserving,nasa_webb_factsheet#9,figure,2,1,1
tesseract,nasa_webb_factsheet,T4,S,structure_preserving,nasa_webb_factsheet#10,figure,2,1,1
tesseract,nasa_webb_factsheet,T4,S,structure_preserving,nasa_webb_factsheet#11,figure,2,1,1
tesseract,nasa_webb_factsheet,T4,S,structure_preserving,nasa_webb_factsheet#12,figure,2,1,1
tesseract,p60_282,T2,L,structure_preserving,p60_282#1,lookup,268,1,1
tesseract,p60_282,T2,L,structure_preserving,p60_282#2,lookup,268,1,1
tesseract,p60_282,T2,L,structure_preserving,p60_282#3,lookup,268,1,1
tesseract,p60_282,T2,L,structure_preserving,p60_282#4,table_cell,268,1,1
tesseract,p60_282,T2,L,structure_preserving,p60_282#5,table_cell,268,1,1
tesseract,p60_282,T2,L,structure_preserving,p60_282#6,table_cell,268,1,1
tesseract,p60_282,T2,L,structure_preserving,p60_282#7,table_cell,268,1,1
tesseract,p60_282,T2,L,structure_preserving,p60_282#8,lookup,268,1,1
tesseract,p60_282,T2,L,structure_preserving,p60_282#9,lookup,268,1,1
tesseract,p60_282,T2,L,structure_preserving,p60_282#10,table_cell,268,1,1
tesseract,p60_282,T2,L,structure_preserving,p60_282#11,table_cell,268,1,1
tesseract,p60_282,T2,L,structure_preserving,p60_282#12,table_cell,268,1,1
tesseract,p60_282,T2,L,structure_preserving,p60_282#13,table_multi_row,268,0,1
tesseract,rfc9110,T1,XL,structure_preserving,rfc9110#1,lookup,254,1,1
tesseract,rfc9110,T1,XL,structure_preserving,rfc9110#2,lookup,254,1,1
tesseract,rfc9110,T1,XL,structure_preserving,rfc9110#3,lookup,254,1,1
tesseract,rfc9110,T1,XL,structure_preserving,rfc9110#4,table_cell,254,1,1
tesseract,rfc9110,T1,XL,structure_preserving,rfc9110#5,table_cell,254,1,1
tesseract,rfc9110,T1,XL,structure_preserving,rfc9110#6,table_multi_row,254,1,1
tesseract,rfc9110,T1,XL,structure_preserving,rfc9110#7,lookup,254,1,1
tesseract,rfc9110,T1,XL,structure_preserving,rfc9110#8,lookup,254,1,1
tesseract,rfc9110,T1,XL,structure_preserving,rfc9110#9,lookup,254,1,1
tesseract,rfc9110,T1,XL,structure_preserving,rfc9110#10,lookup,254,1,1
tesseract,rfc9110,T1,XL,structure_preserving,rfc9110#11,lookup,254,1,1
tesseract,rfc9110,T1,XL,structure_preserving,rfc9110#12,lookup,254,0,0
tesseract,rfc9112,T1,L,structure_preserving,rfc9112#1,lookup,56,1,1
tesseract,rfc9112,T1,L,structure_preserving,rfc9112#2,lookup,56,1,1
tesseract,rfc9112,T1,L,structure_preserving,rfc9112#3,lookup,56,1,1
tesseract,rfc9112,T1,L,structure_preserving,rfc9112#4,lookup,56,1,1
tesseract,rfc9112,T1,L,structure_preserving,rfc9112#5,lookup,56,1,1
tesseract,rfc9112,T1,L,structure_preserving,rfc9112#6,cross_page,56,1,1
tesseract,rfc9112,T1,L,structure_preserving,rfc9112#7,lookup,56,1,1
tesseract,rfc9112,T1,L,structure_preserving,rfc9112#8,lookup,56,1,1
tesseract,rfc9112,T1,L,structure_preserving,rfc9112#9,lookup,56,1,1
tesseract,rfc9112,T1,L,structure_preserving,rfc9112#10,lookup,56,1,1
tesseract,rfc9112,T1,L,structure_preserving,rfc9112#11,lookup,56,1,1
tesseract,rfc9112,T1,L,structure_preserving,rfc9112#12,lookup,56,1,1
tesseract,rfc9112,T1,L,structure_preserving,rfc9112#13,lookup,56,1,1
tesseract,rfc9112,T1,L,structure_preserving,rfc9112#14,lookup,56,1,1
tesseract,rfc9112,T1,L,structure_preserving,rfc9112#15,lookup,56,1,1
tesseract,rfc9112,T1,L,structure_preserving,rfc9112#16,lookup,56,1,1
tesseract,rfc9158,T1,S,structure_preserving,rfc9158#1,lookup,4,1,1
tesseract,rfc9158,T1,S,structure_preserving,rfc9158#2,lookup,4,1,1
tesseract,rfc9158,T1,S,structure_preserving,rfc9158#3,lookup,4,1,1
tesseract,rfc9158,T1,S,structure_preserving,rfc9158#4,lookup,4,1,1
tesseract,rfc9158,T1,S,structure_preserving,rfc9158#5,table_multi_row,4,1,1
tesseract,rfc9158,T1,S,structure_preserving,rfc9158#6,table_cell,4,1,1
tesseract,rfc9158,T1,S,structure_preserving,rfc9158#7,lookup,4,1,1
tesseract,rfc9158,T1,S,structure_preserving,rfc9158#8,lookup,4,1,1
tesseract,rfc9158,T1,S,structure_preserving,rfc9158#9,cross_page,4,0,0
tesseract,rfc9457,T1,M,structure_preserving,rfc9457#1,lookup,19,1,1
tesseract,rfc9457,T1,M,structure_preserving,rfc9457#2,lookup,19,1,1
tesseract,rfc9457,T1,M,structure_preserving,rfc9457#3,lookup,19,1,1
tesseract,rfc9457,T1,M,structure_preserving,rfc9457#4,lookup,19,1,1
tesseract,rfc9457,T1,M,structure_preserving,rfc9457#5,lookup,19,1,1
tesseract,rfc9457,T1,M,structure_preserving,rfc9457#6,lookup,19,1,1
tesseract,rfc9457,T1,M,structure_preserving,rfc9457#7,lookup,19,1,1
tesseract,rfc9457,T1,M,structure_preserving,rfc9457#8,lookup,19,1,1
tesseract,rfc9457,T1,M,structure_preserving,rfc9457#9,lookup,19,1,1
tesseract,rfc9457,T1,M,structure_preserving,rfc9457#10,lookup,19,1,1
tesseract,rfc9457,T1,M,structure_preserving,rfc9457#11,lookup,19,1,1
tesseract,scan_acsbr_023,T3,M,structure_preserving,scan_acsbr_023#1,lookup,28,1,1
tesseract,scan_acsbr_023,T3,M,structure_preserving,scan_acsbr_023#2,lookup,28,1,1
tesseract,scan_acsbr_023,T3,M,structure_preserving,scan_acsbr_023#3,lookup,28,0,1
tesseract,scan_acsbr_023,T3,M,structure_preserving,scan_acsbr_023#4,lookup,28,1,1
tesseract,scan_acsbr_023,T3,M,structure_preserving,scan_acsbr_023#5,lookup,28,1,1
tesseract,scan_acsbr_023,T3,M,structure_preserving,scan_acsbr_023#6,lookup,28,1,1
tesseract,scan_acsbr_023,T3,M,structure_preserving,scan_acsbr_023#7,table_cell,28,0,0
tesseract,scan_acsbr_023,T3,M,structure_preserving,scan_acsbr_023#8,table_cell,28,0,1
tesseract,scan_acsbr_023,T3,M,structure_preserving,scan_acsbr_023#9,table_cell,28,0,1
tesseract,scan_acsbr_023,T3,M,structure_preserving,scan_acsbr_023#10,table_cell,28,0,1
tesseract,scan_acsbr_023,T3,M,structure_preserving,scan_acsbr_023#11,table_multi_row,28,0,0
tesseract,scan_acsbr_023,T3,M,structure_preserving,scan_acsbr_023#12,table_cell,28,1,1
tesseract,scan_p60_282,T3,L,structure_preserving,scan_p60_282#1,lookup,269,1,1
tesseract,scan_p60_282,T3,L,structure_preserving,scan_p60_282#2,lookup,269,1,1
tesseract,scan_p60_282,T3,L,structure_preserving,scan_p60_282#3,lookup,269,1,1
tesseract,scan_p60_282,T3,L,structure_preserving,scan_p60_282#4,table_cell,269,1,1
tesseract,scan_p60_282,T3,L,structure_preserving,scan_p60_282#5,table_cell,269,1,1
tesseract,scan_p60_282,T3,L,structure_preserving,scan_p60_282#6,table_cell,269,1,1
tesseract,scan_p60_282,T3,L,structure_preserving,scan_p60_282#7,table_cell,269,0,0
tesseract,scan_p60_282,T3,L,structure_preserving,scan_p60_282#8,lookup,269,1,1
tesseract,scan_p60_282,T3,L,structure_preserving,scan_p60_282#9,lookup,269,1,1
tesseract,scan_p60_282,T3,L,structure_preserving,scan_p60_282#10,table_cell,269,0,1
tesseract,scan_p60_282,T3,L,structure_preserving,scan_p60_282#11,table_cell,269,0,0
tesseract,scan_p60_282,T3,L,structure_preserving,scan_p60_282#12,table_cell,269,1,1
tesseract,scan_p60_282,T3,L,structure_preserving,scan_p60_282#13,table_multi_row,269,1,1
tesseract,scan_rfc9110,T3,XL,structure_preserving,scan_rfc9110#1,lookup,253,1,1
tesseract,scan_rfc9110,T3,XL,structure_preserving,scan_rfc9110#2,lookup,253,1,1
tesseract,scan_rfc9110,T3,XL,structure_preserving,scan_rfc9110#3,lookup,253,1,1
tesseract,scan_rfc9110,T3,XL,structure_preserving,scan_rfc9110#4,table_cell,253,1,1
tesseract,scan_rfc9110,T3,XL,structure_preserving,scan_rfc9110#5,table_cell,253,1,1
tesseract,scan_rfc9110,T3,XL,structure_preserving,scan_rfc9110#6,table_multi_row,253,1,1
tesseract,scan_rfc9110,T3,XL,structure_preserving,scan_rfc9110#7,lookup,253,1,1
tesseract,scan_rfc9110,T3,XL,structure_preserving,scan_rfc9110#8,lookup,253,1,1
tesseract,scan_rfc9110,T3,XL,structure_preserving,scan_rfc9110#9,lookup,253,1,1
tesseract,scan_rfc9110,T3,XL,structure_preserving,scan_rfc9110#10,lookup,253,1,1
tesseract,scan_rfc9110,T3,XL,structure_preserving,scan_rfc9110#11,lookup,253,1,1
tesseract,scan_rfc9110,T3,XL,structure_preserving,scan_rfc9110#12,lookup,253,0,0
tesseract,scan_rfc9158,T3,S,structure_preserving,scan_rfc9158#1,lookup,5,1,1
tesseract,scan_rfc9158,T3,S,structure_preserving,scan_rfc9158#2,lookup,5,1,1
tesseract,scan_rfc9158,T3,S,structure_preserving,scan_rfc9158#3,lookup,5,1,1
tesseract,scan_rfc9158,T3,S,structure_preserving,scan_rfc9158#4,lookup,5,1,1
tesseract,scan_rfc9158,T3,S,structure_preserving,scan_rfc9158#5,table_multi_row,5,1,1
tesseract,scan_rfc9158,T3,S,structure_preserving,scan_rfc9158#6,table_cell,5,1,1
tesseract,scan_rfc9158,T3,S,structure_preserving,scan_rfc9158#7,lookup,5,1,1
tesseract,scan_rfc9158,T3,S,structure_preserving,scan_rfc9158#8,lookup,5,1,1
tesseract,scan_rfc9158,T3,S,structure_preserving,scan_rfc9158#9,cross_page,5,0,0
tesseract,scan_rfc9457,T3,M,structure_preserving,scan_rfc9457#1,lookup,19,1,1
tesseract,scan_rfc9457,T3,M,structure_preserving,scan_rfc9457#2,lookup,19,1,1
tesseract,scan_rfc9457,T3,M,structure_preserving,scan_rfc9457#3,lookup,19,1,1
tesseract,scan_rfc9457,T3,M,structure_preserving,scan_rfc9457#4,lookup,19,1,1
tesseract,scan_rfc9457,T3,M,structure_preserving,scan_rfc9457#5,lookup,19,1,1
tesseract,scan_rfc9457,T3,M,structure_preserving,scan_rfc9457#6,lookup,19,1,1
tesseract,scan_rfc9457,T3,M,structure_preserving,scan_rfc9457#7,lookup,19,1,1
tesseract,scan_rfc9457,T3,M,structure_preserving,scan_rfc9457#8,lookup,19,1,1
tesseract,scan_rfc9457,T3,M,structure_preserving,scan_rfc9457#9,lookup,19,1,1
tesseract,scan_rfc9457,T3,M,structure_preserving,scan_rfc9457#10,lookup,19,1,1
tesseract,scan_rfc9457,T3,M,structure_preserving,scan_rfc9457#11,lookup,19,1,1
